cover	numberOfChunks	numberOfTriples	nhop	treeType	queryFile	joinPattern	numberOfJoins	numberOfDataSources	selectivity	transferredPackages
HASH	10	1000000000	0	LEFT_LINEAR	query-SUBJECT_OBJECT_JOIN-1-1-0.01-0.09.sparql	SUBJECT_OBJECT_JOIN	1	1	0.01	1192
HASH	10	1000000000	0	LEFT_LINEAR	query-SUBJECT_SUBJECT_JOIN-1-1-0.001-0.009.sparql	SUBJECT_SUBJECT_JOIN	1	1	0.001	0
HASH	10	1000000000	0	LEFT_LINEAR	query-SUBJECT_OBJECT_JOIN-7-1-0.01-0.09.sparql	SUBJECT_OBJECT_JOIN	7	1	0.01	1947
HASH	10	1000000000	0	LEFT_LINEAR	query-SUBJECT_SUBJECT_JOIN-1-1-0.01-0.09.sparql	SUBJECT_SUBJECT_JOIN	1	1	0.01	0
HASH	10	1000000000	0	LEFT_LINEAR	query-SUBJECT_SUBJECT_JOIN-7-3-0.01-0.09.sparql	SUBJECT_SUBJECT_JOIN	7	3	0.01	0
HASH	10	1000000000	0	LEFT_LINEAR	query-SUBJECT_OBJECT_JOIN-1-1-0.001-0.009.sparql	SUBJECT_OBJECT_JOIN	1	1	0.001	18
HASH	10	1000000000	0	LEFT_LINEAR	query-SUBJECT_OBJECT_JOIN-7-3-0.001-0.009.sparql	SUBJECT_OBJECT_JOIN	7	3	0.001	390743
HASH	10	1000000000	0	LEFT_LINEAR	query-SUBJECT_SUBJECT_JOIN-7-3-0.001-0.009.sparql	SUBJECT_SUBJECT_JOIN	7	3	0.001	0
HASH	10	1000000000	0	LEFT_LINEAR	query-SUBJECT_OBJECT_JOIN-7-3-0.01-0.09.sparql	SUBJECT_OBJECT_JOIN	7	3	0.01	27494
HASH	10	1000000000	0	LEFT_LINEAR	query-SUBJECT_SUBJECT_JOIN-7-1-0.001-0.009.sparql	SUBJECT_SUBJECT_JOIN	7	1	0.001	0
HASH	10	1000000000	0	LEFT_LINEAR	query-SUBJECT_SUBJECT_JOIN-7-1-0.01-0.09.sparql	SUBJECT_SUBJECT_JOIN	7	1	0.01	0
HASH	10	1000000000	0	LEFT_LINEAR	query-SUBJECT_OBJECT_JOIN-7-1-0.001-0.009.sparql	SUBJECT_OBJECT_JOIN	7	1	0.001	6664
HASH	10	1000000000	0	RIGHT_LINEAR	query-SUBJECT_OBJECT_JOIN-1-1-0.01-0.09.sparql	SUBJECT_OBJECT_JOIN	1	1	0.01	1192
HASH	10	1000000000	0	RIGHT_LINEAR	query-SUBJECT_SUBJECT_JOIN-1-1-0.001-0.009.sparql	SUBJECT_SUBJECT_JOIN	1	1	0.001	0
HASH	10	1000000000	0	RIGHT_LINEAR	query-SUBJECT_OBJECT_JOIN-7-1-0.01-0.09.sparql	SUBJECT_OBJECT_JOIN	7	1	0.01	3734
HASH	10	1000000000	0	RIGHT_LINEAR	query-SUBJECT_SUBJECT_JOIN-1-1-0.01-0.09.sparql	SUBJECT_SUBJECT_JOIN	1	1	0.01	0
HASH	10	1000000000	0	RIGHT_LINEAR	query-SUBJECT_SUBJECT_JOIN-7-3-0.01-0.09.sparql	SUBJECT_SUBJECT_JOIN	7	3	0.01	0
HASH	10	1000000000	0	RIGHT_LINEAR	query-SUBJECT_OBJECT_JOIN-1-1-0.001-0.009.sparql	SUBJECT_OBJECT_JOIN	1	1	0.001	18
HASH	10	1000000000	0	RIGHT_LINEAR	query-SUBJECT_OBJECT_JOIN-7-3-0.001-0.009.sparql	SUBJECT_OBJECT_JOIN	7	3	0.001	59108
HASH	10	1000000000	0	RIGHT_LINEAR	query-SUBJECT_SUBJECT_JOIN-7-3-0.001-0.009.sparql	SUBJECT_SUBJECT_JOIN	7	3	0.001	0
HASH	10	1000000000	0	RIGHT_LINEAR	query-SUBJECT_OBJECT_JOIN-7-3-0.01-0.09.sparql	SUBJECT_OBJECT_JOIN	7	3	0.01	217976
HASH	10	1000000000	0	RIGHT_LINEAR	query-SUBJECT_SUBJECT_JOIN-7-1-0.001-0.009.sparql	SUBJECT_SUBJECT_JOIN	7	1	0.001	0
HASH	10	1000000000	0	RIGHT_LINEAR	query-SUBJECT_SUBJECT_JOIN-7-1-0.01-0.09.sparql	SUBJECT_SUBJECT_JOIN	7	1	0.01	0
HASH	10	1000000000	0	RIGHT_LINEAR	query-SUBJECT_OBJECT_JOIN-7-1-0.001-0.009.sparql	SUBJECT_OBJECT_JOIN	7	1	0.001	56936
HASH	10	1000000000	0	BUSHY	query-SUBJECT_OBJECT_JOIN-1-1-0.01-0.09.sparql	SUBJECT_OBJECT_JOIN	1	1	0.01	1192
HASH	10	1000000000	0	BUSHY	query-SUBJECT_SUBJECT_JOIN-1-1-0.001-0.009.sparql	SUBJECT_SUBJECT_JOIN	1	1	0.001	0
HASH	10	1000000000	0	BUSHY	query-SUBJECT_OBJECT_JOIN-7-1-0.01-0.09.sparql	SUBJECT_OBJECT_JOIN	7	1	0.01	3056
HASH	10	1000000000	0	BUSHY	query-SUBJECT_SUBJECT_JOIN-1-1-0.01-0.09.sparql	SUBJECT_SUBJECT_JOIN	1	1	0.01	0
HASH	10	1000000000	0	BUSHY	query-SUBJECT_SUBJECT_JOIN-7-3-0.01-0.09.sparql	SUBJECT_SUBJECT_JOIN	7	3	0.01	0
HASH	10	1000000000	0	BUSHY	query-SUBJECT_OBJECT_JOIN-1-1-0.001-0.009.sparql	SUBJECT_OBJECT_JOIN	1	1	0.001	18
HASH	10	1000000000	0	BUSHY	query-SUBJECT_OBJECT_JOIN-7-3-0.001-0.009.sparql	SUBJECT_OBJECT_JOIN	7	3	0.001	69647
HASH	10	1000000000	0	BUSHY	query-SUBJECT_SUBJECT_JOIN-7-3-0.001-0.009.sparql	SUBJECT_SUBJECT_JOIN	7	3	0.001	0
HASH	10	1000000000	0	BUSHY	query-SUBJECT_OBJECT_JOIN-7-3-0.01-0.09.sparql	SUBJECT_OBJECT_JOIN	7	3	0.01	103364
HASH	10	1000000000	0	BUSHY	query-SUBJECT_SUBJECT_JOIN-7-1-0.001-0.009.sparql	SUBJECT_SUBJECT_JOIN	7	1	0.001	0
HASH	10	1000000000	0	BUSHY	query-SUBJECT_SUBJECT_JOIN-7-1-0.01-0.09.sparql	SUBJECT_SUBJECT_JOIN	7	1	0.01	0
HASH	10	1000000000	0	BUSHY	query-SUBJECT_OBJECT_JOIN-7-1-0.001-0.009.sparql	SUBJECT_OBJECT_JOIN	7	1	0.001	22517
HASH	20	1000000000	0	LEFT_LINEAR	query-SUBJECT_OBJECT_JOIN-1-1-0.01-0.09.sparql	SUBJECT_OBJECT_JOIN	1	1	0.01	1439
HASH	20	1000000000	0	LEFT_LINEAR	query-SUBJECT_SUBJECT_JOIN-1-1-0.001-0.009.sparql	SUBJECT_SUBJECT_JOIN	1	1	0.001	0
HASH	20	1000000000	0	LEFT_LINEAR	query-SUBJECT_OBJECT_JOIN-7-1-0.01-0.09.sparql	SUBJECT_OBJECT_JOIN	7	1	0.01	3194
HASH	20	1000000000	0	LEFT_LINEAR	query-SUBJECT_SUBJECT_JOIN-1-1-0.01-0.09.sparql	SUBJECT_SUBJECT_JOIN	1	1	0.01	0
HASH	20	1000000000	0	LEFT_LINEAR	query-SUBJECT_SUBJECT_JOIN-7-3-0.01-0.09.sparql	SUBJECT_SUBJECT_JOIN	7	3	0.01	0
HASH	20	1000000000	0	LEFT_LINEAR	query-SUBJECT_OBJECT_JOIN-1-1-0.001-0.009.sparql	SUBJECT_OBJECT_JOIN	1	1	0.001	19
HASH	20	1000000000	0	LEFT_LINEAR	query-SUBJECT_OBJECT_JOIN-7-3-0.001-0.009.sparql	SUBJECT_OBJECT_JOIN	7	3	0.001	618367
HASH	20	1000000000	0	LEFT_LINEAR	query-SUBJECT_SUBJECT_JOIN-7-3-0.001-0.009.sparql	SUBJECT_SUBJECT_JOIN	7	3	0.001	0
HASH	20	1000000000	0	LEFT_LINEAR	query-SUBJECT_OBJECT_JOIN-7-3-0.01-0.09.sparql	SUBJECT_OBJECT_JOIN	7	3	0.01	30864
HASH	20	1000000000	0	LEFT_LINEAR	query-SUBJECT_SUBJECT_JOIN-7-1-0.001-0.009.sparql	SUBJECT_SUBJECT_JOIN	7	1	0.001	0
HASH	20	1000000000	0	LEFT_LINEAR	query-SUBJECT_SUBJECT_JOIN-7-1-0.01-0.09.sparql	SUBJECT_SUBJECT_JOIN	7	1	0.01	0
HASH	20	1000000000	0	LEFT_LINEAR	query-SUBJECT_OBJECT_JOIN-7-1-0.001-0.009.sparql	SUBJECT_OBJECT_JOIN	7	1	0.001	8818
HASH	20	1000000000	0	RIGHT_LINEAR	query-SUBJECT_OBJECT_JOIN-1-1-0.01-0.09.sparql	SUBJECT_OBJECT_JOIN	1	1	0.01	1439
HASH	20	1000000000	0	RIGHT_LINEAR	query-SUBJECT_SUBJECT_JOIN-1-1-0.001-0.009.sparql	SUBJECT_SUBJECT_JOIN	1	1	0.001	0
HASH	20	1000000000	0	RIGHT_LINEAR	query-SUBJECT_OBJECT_JOIN-7-1-0.01-0.09.sparql	SUBJECT_OBJECT_JOIN	7	1	0.01	5584
HASH	20	1000000000	0	RIGHT_LINEAR	query-SUBJECT_SUBJECT_JOIN-1-1-0.01-0.09.sparql	SUBJECT_SUBJECT_JOIN	1	1	0.01	0
HASH	20	1000000000	0	RIGHT_LINEAR	query-SUBJECT_SUBJECT_JOIN-7-3-0.01-0.09.sparql	SUBJECT_SUBJECT_JOIN	7	3	0.01	0
HASH	20	1000000000	0	RIGHT_LINEAR	query-SUBJECT_OBJECT_JOIN-1-1-0.001-0.009.sparql	SUBJECT_OBJECT_JOIN	1	1	0.001	19
HASH	20	1000000000	0	RIGHT_LINEAR	query-SUBJECT_OBJECT_JOIN-7-3-0.001-0.009.sparql	SUBJECT_OBJECT_JOIN	7	3	0.001	96917
HASH	20	1000000000	0	RIGHT_LINEAR	query-SUBJECT_SUBJECT_JOIN-7-3-0.001-0.009.sparql	SUBJECT_SUBJECT_JOIN	7	3	0.001	0
HASH	20	1000000000	0	RIGHT_LINEAR	query-SUBJECT_OBJECT_JOIN-7-3-0.01-0.09.sparql	SUBJECT_OBJECT_JOIN	7	3	0.01	233870
HASH	20	1000000000	0	RIGHT_LINEAR	query-SUBJECT_SUBJECT_JOIN-7-1-0.001-0.009.sparql	SUBJECT_SUBJECT_JOIN	7	1	0.001	0
HASH	20	1000000000	0	RIGHT_LINEAR	query-SUBJECT_SUBJECT_JOIN-7-1-0.01-0.09.sparql	SUBJECT_SUBJECT_JOIN	7	1	0.01	0
HASH	20	1000000000	0	RIGHT_LINEAR	query-SUBJECT_OBJECT_JOIN-7-1-0.001-0.009.sparql	SUBJECT_OBJECT_JOIN	7	1	0.001	61567
HASH	20	1000000000	0	BUSHY	query-SUBJECT_OBJECT_JOIN-1-1-0.01-0.09.sparql	SUBJECT_OBJECT_JOIN	1	1	0.01	1439
HASH	20	1000000000	0	BUSHY	query-SUBJECT_SUBJECT_JOIN-1-1-0.001-0.009.sparql	SUBJECT_SUBJECT_JOIN	1	1	0.001	0
HASH	20	1000000000	0	BUSHY	query-SUBJECT_OBJECT_JOIN-7-1-0.01-0.09.sparql	SUBJECT_OBJECT_JOIN	7	1	0.01	4617
HASH	20	1000000000	0	BUSHY	query-SUBJECT_SUBJECT_JOIN-1-1-0.01-0.09.sparql	SUBJECT_SUBJECT_JOIN	1	1	0.01	0
HASH	20	1000000000	0	BUSHY	query-SUBJECT_SUBJECT_JOIN-7-3-0.01-0.09.sparql	SUBJECT_SUBJECT_JOIN	7	3	0.01	0
HASH	20	1000000000	0	BUSHY	query-SUBJECT_OBJECT_JOIN-1-1-0.001-0.009.sparql	SUBJECT_OBJECT_JOIN	1	1	0.001	19
HASH	20	1000000000	0	BUSHY	query-SUBJECT_OBJECT_JOIN-7-3-0.001-0.009.sparql	SUBJECT_OBJECT_JOIN	7	3	0.001	139376
HASH	20	1000000000	0	BUSHY	query-SUBJECT_SUBJECT_JOIN-7-3-0.001-0.009.sparql	SUBJECT_SUBJECT_JOIN	7	3	0.001	0
HASH	20	1000000000	0	BUSHY	query-SUBJECT_OBJECT_JOIN-7-3-0.01-0.09.sparql	SUBJECT_OBJECT_JOIN	7	3	0.01	109754
HASH	20	1000000000	0	BUSHY	query-SUBJECT_SUBJECT_JOIN-7-1-0.001-0.009.sparql	SUBJECT_SUBJECT_JOIN	7	1	0.001	0
HASH	20	1000000000	0	BUSHY	query-SUBJECT_SUBJECT_JOIN-7-1-0.01-0.09.sparql	SUBJECT_SUBJECT_JOIN	7	1	0.01	0
HASH	20	1000000000	0	BUSHY	query-SUBJECT_OBJECT_JOIN-7-1-0.001-0.009.sparql	SUBJECT_OBJECT_JOIN	7	1	0.001	25267
HASH	40	1000000000	0	LEFT_LINEAR	query-SUBJECT_OBJECT_JOIN-1-1-0.01-0.09.sparql	SUBJECT_OBJECT_JOIN	1	1	0.01	2263
HASH	40	1000000000	0	LEFT_LINEAR	query-SUBJECT_SUBJECT_JOIN-1-1-0.001-0.009.sparql	SUBJECT_SUBJECT_JOIN	1	1	0.001	0
HASH	40	1000000000	0	LEFT_LINEAR	query-SUBJECT_SUBJECT_JOIN-1-1-0.01-0.09.sparql	SUBJECT_SUBJECT_JOIN	1	1	0.01	0
HASH	40	1000000000	0	LEFT_LINEAR	query-SUBJECT_SUBJECT_JOIN-7-3-0.01-0.09.sparql	SUBJECT_SUBJECT_JOIN	7	3	0.01	0
HASH	40	1000000000	0	LEFT_LINEAR	query-SUBJECT_SUBJECT_JOIN-7-3-0.001-0.009.sparql	SUBJECT_SUBJECT_JOIN	7	3	0.001	0
HASH	40	1000000000	0	RIGHT_LINEAR	query-SUBJECT_OBJECT_JOIN-1-1-0.01-0.09.sparql	SUBJECT_OBJECT_JOIN	1	1	0.01	2263
HASH	40	1000000000	0	RIGHT_LINEAR	query-SUBJECT_SUBJECT_JOIN-1-1-0.001-0.009.sparql	SUBJECT_SUBJECT_JOIN	1	1	0.001	0
HASH	40	1000000000	0	RIGHT_LINEAR	query-SUBJECT_SUBJECT_JOIN-1-1-0.01-0.09.sparql	SUBJECT_SUBJECT_JOIN	1	1	0.01	0
HASH	40	1000000000	0	RIGHT_LINEAR	query-SUBJECT_SUBJECT_JOIN-7-3-0.01-0.09.sparql	SUBJECT_SUBJECT_JOIN	7	3	0.01	0
HASH	40	1000000000	0	RIGHT_LINEAR	query-SUBJECT_SUBJECT_JOIN-7-3-0.001-0.009.sparql	SUBJECT_SUBJECT_JOIN	7	3	0.001	0
HASH	40	1000000000	0	BUSHY	query-SUBJECT_OBJECT_JOIN-1-1-0.01-0.09.sparql	SUBJECT_OBJECT_JOIN	1	1	0.01	2263
HASH	40	1000000000	0	BUSHY	query-SUBJECT_SUBJECT_JOIN-1-1-0.001-0.009.sparql	SUBJECT_SUBJECT_JOIN	1	1	0.001	0
HASH	40	1000000000	0	BUSHY	query-SUBJECT_SUBJECT_JOIN-1-1-0.01-0.09.sparql	SUBJECT_SUBJECT_JOIN	1	1	0.01	0
HASH	40	1000000000	0	BUSHY	query-SUBJECT_SUBJECT_JOIN-7-3-0.01-0.09.sparql	SUBJECT_SUBJECT_JOIN	7	3	0.01	0
HASH	40	1000000000	0	BUSHY	query-SUBJECT_SUBJECT_JOIN-7-3-0.001-0.009.sparql	SUBJECT_SUBJECT_JOIN	7	3	0.001	0
HASH	40	1000000000	0	LEFT_LINEAR	query-SUBJECT_OBJECT_JOIN-7-1-0.01-0.09.sparql	SUBJECT_OBJECT_JOIN	7	1	0.01	6778
HASH	40	1000000000	0	LEFT_LINEAR	query-SUBJECT_OBJECT_JOIN-1-1-0.001-0.009.sparql	SUBJECT_OBJECT_JOIN	1	1	0.001	39
HASH	40	1000000000	0	LEFT_LINEAR	query-SUBJECT_OBJECT_JOIN-7-3-0.001-0.009.sparql	SUBJECT_OBJECT_JOIN	7	3	0.001	1387813
HASH	40	1000000000	0	LEFT_LINEAR	query-SUBJECT_OBJECT_JOIN-7-3-0.01-0.09.sparql	SUBJECT_OBJECT_JOIN	7	3	0.01	38616
HASH	40	1000000000	0	LEFT_LINEAR	query-SUBJECT_SUBJECT_JOIN-7-1-0.001-0.009.sparql	SUBJECT_SUBJECT_JOIN	7	1	0.001	0
HASH	40	1000000000	0	LEFT_LINEAR	query-SUBJECT_SUBJECT_JOIN-7-1-0.01-0.09.sparql	SUBJECT_SUBJECT_JOIN	7	1	0.01	0
HASH	40	1000000000	0	LEFT_LINEAR	query-SUBJECT_OBJECT_JOIN-7-1-0.001-0.009.sparql	SUBJECT_OBJECT_JOIN	7	1	0.001	16898
HASH	40	1000000000	0	RIGHT_LINEAR	query-SUBJECT_OBJECT_JOIN-7-1-0.01-0.09.sparql	SUBJECT_OBJECT_JOIN	7	1	0.01	12483
HASH	40	1000000000	0	RIGHT_LINEAR	query-SUBJECT_OBJECT_JOIN-1-1-0.001-0.009.sparql	SUBJECT_OBJECT_JOIN	1	1	0.001	39
HASH	40	1000000000	0	RIGHT_LINEAR	query-SUBJECT_OBJECT_JOIN-7-3-0.001-0.009.sparql	SUBJECT_OBJECT_JOIN	7	3	0.001	117420
HASH	40	1000000000	0	RIGHT_LINEAR	query-SUBJECT_OBJECT_JOIN-7-3-0.01-0.09.sparql	SUBJECT_OBJECT_JOIN	7	3	0.01	251918
HASH	40	1000000000	0	RIGHT_LINEAR	query-SUBJECT_SUBJECT_JOIN-7-1-0.001-0.009.sparql	SUBJECT_SUBJECT_JOIN	7	1	0.001	0
HASH	40	1000000000	0	RIGHT_LINEAR	query-SUBJECT_SUBJECT_JOIN-7-1-0.01-0.09.sparql	SUBJECT_SUBJECT_JOIN	7	1	0.01	0
HASH	40	1000000000	0	RIGHT_LINEAR	query-SUBJECT_OBJECT_JOIN-7-1-0.001-0.009.sparql	SUBJECT_OBJECT_JOIN	7	1	0.001	69342
HASH	40	1000000000	0	BUSHY	query-SUBJECT_OBJECT_JOIN-7-1-0.01-0.09.sparql	SUBJECT_OBJECT_JOIN	7	1	0.01	8470
HASH	40	1000000000	0	BUSHY	query-SUBJECT_OBJECT_JOIN-1-1-0.001-0.009.sparql	SUBJECT_OBJECT_JOIN	1	1	0.001	39
HASH	40	1000000000	0	BUSHY	query-SUBJECT_OBJECT_JOIN-7-3-0.001-0.009.sparql	SUBJECT_OBJECT_JOIN	7	3	0.001	275932
HASH	40	1000000000	0	BUSHY	query-SUBJECT_OBJECT_JOIN-7-3-0.01-0.09.sparql	SUBJECT_OBJECT_JOIN	7	3	0.01	119465
HASH	40	1000000000	0	BUSHY	query-SUBJECT_SUBJECT_JOIN-7-1-0.001-0.009.sparql	SUBJECT_SUBJECT_JOIN	7	1	0.001	0
HASH	40	1000000000	0	BUSHY	query-SUBJECT_SUBJECT_JOIN-7-1-0.01-0.09.sparql	SUBJECT_SUBJECT_JOIN	7	1	0.01	0
HASH	40	1000000000	0	BUSHY	query-SUBJECT_OBJECT_JOIN-7-1-0.001-0.009.sparql	SUBJECT_OBJECT_JOIN	7	1	0.001	33145
HASH	20	500000000	0	LEFT_LINEAR	query-SUBJECT_OBJECT_JOIN-1-1-0.01-0.09.sparql	SUBJECT_OBJECT_JOIN	1	1	0.01	928
HASH	20	500000000	0	LEFT_LINEAR	query-SUBJECT_SUBJECT_JOIN-1-1-0.001-0.009.sparql	SUBJECT_SUBJECT_JOIN	1	1	0.001	0
HASH	20	500000000	0	LEFT_LINEAR	query-SUBJECT_OBJECT_JOIN-7-1-0.01-0.09.sparql	SUBJECT_OBJECT_JOIN	7	1	0.01	2259
HASH	20	500000000	0	LEFT_LINEAR	query-SUBJECT_SUBJECT_JOIN-1-1-0.01-0.09.sparql	SUBJECT_SUBJECT_JOIN	1	1	0.01	0
HASH	20	500000000	0	LEFT_LINEAR	query-SUBJECT_SUBJECT_JOIN-7-3-0.01-0.09.sparql	SUBJECT_SUBJECT_JOIN	7	3	0.01	0
HASH	20	500000000	0	LEFT_LINEAR	query-SUBJECT_OBJECT_JOIN-1-1-0.001-0.009.sparql	SUBJECT_OBJECT_JOIN	1	1	0.001	19
HASH	20	500000000	0	LEFT_LINEAR	query-SUBJECT_OBJECT_JOIN-7-3-0.001-0.009.sparql	SUBJECT_OBJECT_JOIN	7	3	0.001	715055
HASH	20	500000000	0	LEFT_LINEAR	query-SUBJECT_SUBJECT_JOIN-7-3-0.001-0.009.sparql	SUBJECT_SUBJECT_JOIN	7	3	0.001	9
HASH	20	500000000	0	LEFT_LINEAR	query-SUBJECT_OBJECT_JOIN-7-3-0.01-0.09.sparql	SUBJECT_OBJECT_JOIN	7	3	0.01	15140
HASH	20	500000000	0	LEFT_LINEAR	query-SUBJECT_SUBJECT_JOIN-7-1-0.001-0.009.sparql	SUBJECT_SUBJECT_JOIN	7	1	0.001	0
HASH	20	500000000	0	LEFT_LINEAR	query-SUBJECT_SUBJECT_JOIN-7-1-0.01-0.09.sparql	SUBJECT_SUBJECT_JOIN	7	1	0.01	0
HASH	20	500000000	0	LEFT_LINEAR	query-SUBJECT_OBJECT_JOIN-7-1-0.001-0.009.sparql	SUBJECT_OBJECT_JOIN	7	1	0.001	5217
HASH	20	500000000	0	RIGHT_LINEAR	query-SUBJECT_OBJECT_JOIN-1-1-0.01-0.09.sparql	SUBJECT_OBJECT_JOIN	1	1	0.01	928
HASH	20	500000000	0	RIGHT_LINEAR	query-SUBJECT_SUBJECT_JOIN-1-1-0.001-0.009.sparql	SUBJECT_SUBJECT_JOIN	1	1	0.001	0
HASH	20	500000000	0	RIGHT_LINEAR	query-SUBJECT_OBJECT_JOIN-7-1-0.01-0.09.sparql	SUBJECT_OBJECT_JOIN	7	1	0.01	4214
HASH	20	500000000	0	RIGHT_LINEAR	query-SUBJECT_SUBJECT_JOIN-1-1-0.01-0.09.sparql	SUBJECT_SUBJECT_JOIN	1	1	0.01	0
HASH	20	500000000	0	RIGHT_LINEAR	query-SUBJECT_SUBJECT_JOIN-7-3-0.01-0.09.sparql	SUBJECT_SUBJECT_JOIN	7	3	0.01	0
HASH	20	500000000	0	RIGHT_LINEAR	query-SUBJECT_OBJECT_JOIN-1-1-0.001-0.009.sparql	SUBJECT_OBJECT_JOIN	1	1	0.001	19
HASH	20	500000000	0	RIGHT_LINEAR	query-SUBJECT_OBJECT_JOIN-7-3-0.001-0.009.sparql	SUBJECT_OBJECT_JOIN	7	3	0.001	45131
HASH	20	500000000	0	RIGHT_LINEAR	query-SUBJECT_SUBJECT_JOIN-7-3-0.001-0.009.sparql	SUBJECT_SUBJECT_JOIN	7	3	0.001	0
HASH	20	500000000	0	RIGHT_LINEAR	query-SUBJECT_OBJECT_JOIN-7-3-0.01-0.09.sparql	SUBJECT_OBJECT_JOIN	7	3	0.01	120710
HASH	20	500000000	0	RIGHT_LINEAR	query-SUBJECT_SUBJECT_JOIN-7-1-0.001-0.009.sparql	SUBJECT_SUBJECT_JOIN	7	1	0.001	0
HASH	20	500000000	0	RIGHT_LINEAR	query-SUBJECT_SUBJECT_JOIN-7-1-0.01-0.09.sparql	SUBJECT_SUBJECT_JOIN	7	1	0.01	0
HASH	20	500000000	0	RIGHT_LINEAR	query-SUBJECT_OBJECT_JOIN-7-1-0.001-0.009.sparql	SUBJECT_OBJECT_JOIN	7	1	0.001	31143
HASH	20	500000000	0	BUSHY	query-SUBJECT_OBJECT_JOIN-1-1-0.01-0.09.sparql	SUBJECT_OBJECT_JOIN	1	1	0.01	928
HASH	20	500000000	0	BUSHY	query-SUBJECT_SUBJECT_JOIN-1-1-0.001-0.009.sparql	SUBJECT_SUBJECT_JOIN	1	1	0.001	0
HASH	20	500000000	0	BUSHY	query-SUBJECT_OBJECT_JOIN-7-1-0.01-0.09.sparql	SUBJECT_OBJECT_JOIN	7	1	0.01	3620
HASH	20	500000000	0	BUSHY	query-SUBJECT_SUBJECT_JOIN-1-1-0.01-0.09.sparql	SUBJECT_SUBJECT_JOIN	1	1	0.01	0
HASH	20	500000000	0	BUSHY	query-SUBJECT_SUBJECT_JOIN-7-3-0.01-0.09.sparql	SUBJECT_SUBJECT_JOIN	7	3	0.01	0
HASH	20	500000000	0	BUSHY	query-SUBJECT_OBJECT_JOIN-1-1-0.001-0.009.sparql	SUBJECT_OBJECT_JOIN	1	1	0.001	19
HASH	20	500000000	0	BUSHY	query-SUBJECT_OBJECT_JOIN-7-3-0.001-0.009.sparql	SUBJECT_OBJECT_JOIN	7	3	0.001	106369
HASH	20	500000000	0	BUSHY	query-SUBJECT_SUBJECT_JOIN-7-3-0.001-0.009.sparql	SUBJECT_SUBJECT_JOIN	7	3	0.001	13
HASH	20	500000000	0	BUSHY	query-SUBJECT_OBJECT_JOIN-7-3-0.01-0.09.sparql	SUBJECT_OBJECT_JOIN	7	3	0.01	57947
HASH	20	500000000	0	BUSHY	query-SUBJECT_SUBJECT_JOIN-7-1-0.001-0.009.sparql	SUBJECT_SUBJECT_JOIN	7	1	0.001	0
HASH	20	500000000	0	BUSHY	query-SUBJECT_SUBJECT_JOIN-7-1-0.01-0.09.sparql	SUBJECT_SUBJECT_JOIN	7	1	0.01	0
HASH	20	500000000	0	BUSHY	query-SUBJECT_OBJECT_JOIN-7-1-0.001-0.009.sparql	SUBJECT_OBJECT_JOIN	7	1	0.001	13307
HASH	20	2000000000	0	LEFT_LINEAR	query-SUBJECT_OBJECT_JOIN-1-1-0.01-0.09.sparql	SUBJECT_OBJECT_JOIN	1	1	0.01	1824
HASH	20	2000000000	0	LEFT_LINEAR	query-SUBJECT_SUBJECT_JOIN-1-1-0.001-0.009.sparql	SUBJECT_SUBJECT_JOIN	1	1	0.001	0
HASH	20	2000000000	0	LEFT_LINEAR	query-SUBJECT_OBJECT_JOIN-7-1-0.01-0.09.sparql	SUBJECT_OBJECT_JOIN	7	1	0.01	9864
HASH	20	2000000000	0	LEFT_LINEAR	query-SUBJECT_SUBJECT_JOIN-1-1-0.01-0.09.sparql	SUBJECT_SUBJECT_JOIN	1	1	0.01	0
HASH	20	2000000000	0	LEFT_LINEAR	query-SUBJECT_SUBJECT_JOIN-7-3-0.01-0.09.sparql	SUBJECT_SUBJECT_JOIN	7	3	0.01	0
HASH	20	2000000000	0	LEFT_LINEAR	query-SUBJECT_OBJECT_JOIN-1-1-0.001-0.009.sparql	SUBJECT_OBJECT_JOIN	1	1	0.001	40
HASH	20	2000000000	0	LEFT_LINEAR	query-SUBJECT_OBJECT_JOIN-7-3-0.001-0.009.sparql	SUBJECT_OBJECT_JOIN	7	3	0.001	627771
HASH	20	2000000000	0	LEFT_LINEAR	query-SUBJECT_SUBJECT_JOIN-7-3-0.001-0.009.sparql	SUBJECT_SUBJECT_JOIN	7	3	0.001	43
HASH	20	2000000000	0	LEFT_LINEAR	query-SUBJECT_OBJECT_JOIN-7-3-0.01-0.09.sparql	SUBJECT_OBJECT_JOIN	7	3	0.01	63777
HASH	20	2000000000	0	LEFT_LINEAR	query-SUBJECT_SUBJECT_JOIN-7-1-0.001-0.009.sparql	SUBJECT_SUBJECT_JOIN	7	1	0.001	0
HASH	20	2000000000	0	LEFT_LINEAR	query-SUBJECT_SUBJECT_JOIN-7-1-0.01-0.09.sparql	SUBJECT_SUBJECT_JOIN	7	1	0.01	0
HASH	20	2000000000	0	LEFT_LINEAR	query-SUBJECT_OBJECT_JOIN-7-1-0.001-0.009.sparql	SUBJECT_OBJECT_JOIN	7	1	0.001	24513
HASH	20	2000000000	0	RIGHT_LINEAR	query-SUBJECT_OBJECT_JOIN-1-1-0.01-0.09.sparql	SUBJECT_OBJECT_JOIN	1	1	0.01	1824
HASH	20	2000000000	0	RIGHT_LINEAR	query-SUBJECT_SUBJECT_JOIN-1-1-0.001-0.009.sparql	SUBJECT_SUBJECT_JOIN	1	1	0.001	0
HASH	20	2000000000	0	RIGHT_LINEAR	query-SUBJECT_OBJECT_JOIN-7-1-0.01-0.09.sparql	SUBJECT_OBJECT_JOIN	7	1	0.01	22337
HASH	20	2000000000	0	RIGHT_LINEAR	query-SUBJECT_SUBJECT_JOIN-1-1-0.01-0.09.sparql	SUBJECT_SUBJECT_JOIN	1	1	0.01	0
HASH	20	2000000000	0	RIGHT_LINEAR	query-SUBJECT_SUBJECT_JOIN-7-3-0.01-0.09.sparql	SUBJECT_SUBJECT_JOIN	7	3	0.01	0
HASH	20	2000000000	0	RIGHT_LINEAR	query-SUBJECT_OBJECT_JOIN-1-1-0.001-0.009.sparql	SUBJECT_OBJECT_JOIN	1	1	0.001	40
HASH	20	2000000000	0	RIGHT_LINEAR	query-SUBJECT_OBJECT_JOIN-7-3-0.001-0.009.sparql	SUBJECT_OBJECT_JOIN	7	3	0.001	75863
HASH	20	2000000000	0	RIGHT_LINEAR	query-SUBJECT_SUBJECT_JOIN-7-3-0.001-0.009.sparql	SUBJECT_SUBJECT_JOIN	7	3	0.001	0
HASH	20	2000000000	0	RIGHT_LINEAR	query-SUBJECT_OBJECT_JOIN-7-3-0.01-0.09.sparql	SUBJECT_OBJECT_JOIN	7	3	0.01	406880
HASH	20	2000000000	0	RIGHT_LINEAR	query-SUBJECT_SUBJECT_JOIN-7-1-0.001-0.009.sparql	SUBJECT_SUBJECT_JOIN	7	1	0.001	0
HASH	20	2000000000	0	RIGHT_LINEAR	query-SUBJECT_SUBJECT_JOIN-7-1-0.01-0.09.sparql	SUBJECT_SUBJECT_JOIN	7	1	0.01	0
HASH	20	2000000000	0	RIGHT_LINEAR	query-SUBJECT_OBJECT_JOIN-7-1-0.001-0.009.sparql	SUBJECT_OBJECT_JOIN	7	1	0.001	152191
HASH	20	2000000000	0	BUSHY	query-SUBJECT_OBJECT_JOIN-1-1-0.01-0.09.sparql	SUBJECT_OBJECT_JOIN	1	1	0.01	1824
HASH	20	2000000000	0	BUSHY	query-SUBJECT_SUBJECT_JOIN-1-1-0.001-0.009.sparql	SUBJECT_SUBJECT_JOIN	1	1	0.001	0
HASH	20	2000000000	0	BUSHY	query-SUBJECT_OBJECT_JOIN-7-1-0.01-0.09.sparql	SUBJECT_OBJECT_JOIN	7	1	0.01	7006
HASH	20	2000000000	0	BUSHY	query-SUBJECT_SUBJECT_JOIN-1-1-0.01-0.09.sparql	SUBJECT_SUBJECT_JOIN	1	1	0.01	0
HASH	20	2000000000	0	BUSHY	query-SUBJECT_SUBJECT_JOIN-7-3-0.01-0.09.sparql	SUBJECT_SUBJECT_JOIN	7	3	0.01	0
HASH	20	2000000000	0	BUSHY	query-SUBJECT_OBJECT_JOIN-1-1-0.001-0.009.sparql	SUBJECT_OBJECT_JOIN	1	1	0.001	40
HASH	20	2000000000	0	BUSHY	query-SUBJECT_OBJECT_JOIN-7-3-0.001-0.009.sparql	SUBJECT_OBJECT_JOIN	7	3	0.001	84661
HASH	20	2000000000	0	BUSHY	query-SUBJECT_SUBJECT_JOIN-7-3-0.001-0.009.sparql	SUBJECT_SUBJECT_JOIN	7	3	0.001	4
HASH	20	2000000000	0	BUSHY	query-SUBJECT_OBJECT_JOIN-7-3-0.01-0.09.sparql	SUBJECT_OBJECT_JOIN	7	3	0.01	207751
HASH	20	2000000000	0	BUSHY	query-SUBJECT_SUBJECT_JOIN-7-1-0.001-0.009.sparql	SUBJECT_SUBJECT_JOIN	7	1	0.001	0
HASH	20	2000000000	0	BUSHY	query-SUBJECT_SUBJECT_JOIN-7-1-0.01-0.09.sparql	SUBJECT_SUBJECT_JOIN	7	1	0.01	0
HASH	20	2000000000	0	BUSHY	query-SUBJECT_OBJECT_JOIN-7-1-0.001-0.009.sparql	SUBJECT_OBJECT_JOIN	7	1	0.001	68274
HIERARCHICAL	10	1000000000	0	LEFT_LINEAR	query-SUBJECT_OBJECT_JOIN-1-1-0.01-0.09.sparql	SUBJECT_OBJECT_JOIN	1	1	0.01	1183
HIERARCHICAL	10	1000000000	0	LEFT_LINEAR	query-SUBJECT_SUBJECT_JOIN-1-1-0.001-0.009.sparql	SUBJECT_SUBJECT_JOIN	1	1	0.001	0
HIERARCHICAL	10	1000000000	0	LEFT_LINEAR	query-SUBJECT_OBJECT_JOIN-7-1-0.01-0.09.sparql	SUBJECT_OBJECT_JOIN	7	1	0.01	1888
HIERARCHICAL	10	1000000000	0	LEFT_LINEAR	query-SUBJECT_SUBJECT_JOIN-1-1-0.01-0.09.sparql	SUBJECT_SUBJECT_JOIN	1	1	0.01	0
HIERARCHICAL	10	1000000000	0	LEFT_LINEAR	query-SUBJECT_SUBJECT_JOIN-7-3-0.01-0.09.sparql	SUBJECT_SUBJECT_JOIN	7	3	0.01	0
HIERARCHICAL	10	1000000000	0	LEFT_LINEAR	query-SUBJECT_OBJECT_JOIN-1-1-0.001-0.009.sparql	SUBJECT_OBJECT_JOIN	1	1	0.001	18
HIERARCHICAL	10	1000000000	0	LEFT_LINEAR	query-SUBJECT_OBJECT_JOIN-7-3-0.001-0.009.sparql	SUBJECT_OBJECT_JOIN	7	3	0.001	357041
HIERARCHICAL	10	1000000000	0	LEFT_LINEAR	query-SUBJECT_SUBJECT_JOIN-7-3-0.001-0.009.sparql	SUBJECT_SUBJECT_JOIN	7	3	0.001	0
HIERARCHICAL	10	1000000000	0	LEFT_LINEAR	query-SUBJECT_OBJECT_JOIN-7-3-0.01-0.09.sparql	SUBJECT_OBJECT_JOIN	7	3	0.01	27464
HIERARCHICAL	10	1000000000	0	LEFT_LINEAR	query-SUBJECT_SUBJECT_JOIN-7-1-0.001-0.009.sparql	SUBJECT_SUBJECT_JOIN	7	1	0.001	0
HIERARCHICAL	10	1000000000	0	LEFT_LINEAR	query-SUBJECT_SUBJECT_JOIN-7-1-0.01-0.09.sparql	SUBJECT_SUBJECT_JOIN	7	1	0.01	0
HIERARCHICAL	10	1000000000	0	LEFT_LINEAR	query-SUBJECT_OBJECT_JOIN-7-1-0.001-0.009.sparql	SUBJECT_OBJECT_JOIN	7	1	0.001	6658
HIERARCHICAL	10	1000000000	0	RIGHT_LINEAR	query-SUBJECT_OBJECT_JOIN-1-1-0.01-0.09.sparql	SUBJECT_OBJECT_JOIN	1	1	0.01	1183
HIERARCHICAL	10	1000000000	0	RIGHT_LINEAR	query-SUBJECT_SUBJECT_JOIN-1-1-0.001-0.009.sparql	SUBJECT_SUBJECT_JOIN	1	1	0.001	0
HIERARCHICAL	10	1000000000	0	RIGHT_LINEAR	query-SUBJECT_OBJECT_JOIN-7-1-0.01-0.09.sparql	SUBJECT_OBJECT_JOIN	7	1	0.01	2915
HIERARCHICAL	10	1000000000	0	RIGHT_LINEAR	query-SUBJECT_SUBJECT_JOIN-1-1-0.01-0.09.sparql	SUBJECT_SUBJECT_JOIN	1	1	0.01	0
HIERARCHICAL	10	1000000000	0	RIGHT_LINEAR	query-SUBJECT_SUBJECT_JOIN-7-3-0.01-0.09.sparql	SUBJECT_SUBJECT_JOIN	7	3	0.01	0
HIERARCHICAL	10	1000000000	0	RIGHT_LINEAR	query-SUBJECT_OBJECT_JOIN-1-1-0.001-0.009.sparql	SUBJECT_OBJECT_JOIN	1	1	0.001	18
HIERARCHICAL	10	1000000000	0	RIGHT_LINEAR	query-SUBJECT_OBJECT_JOIN-7-3-0.001-0.009.sparql	SUBJECT_OBJECT_JOIN	7	3	0.001	57267
HIERARCHICAL	10	1000000000	0	RIGHT_LINEAR	query-SUBJECT_SUBJECT_JOIN-7-3-0.001-0.009.sparql	SUBJECT_SUBJECT_JOIN	7	3	0.001	0
HIERARCHICAL	10	1000000000	0	RIGHT_LINEAR	query-SUBJECT_OBJECT_JOIN-7-3-0.01-0.09.sparql	SUBJECT_OBJECT_JOIN	7	3	0.01	216844
HIERARCHICAL	10	1000000000	0	RIGHT_LINEAR	query-SUBJECT_SUBJECT_JOIN-7-1-0.001-0.009.sparql	SUBJECT_SUBJECT_JOIN	7	1	0.001	0
HIERARCHICAL	10	1000000000	0	RIGHT_LINEAR	query-SUBJECT_SUBJECT_JOIN-7-1-0.01-0.09.sparql	SUBJECT_SUBJECT_JOIN	7	1	0.01	0
HIERARCHICAL	10	1000000000	0	RIGHT_LINEAR	query-SUBJECT_OBJECT_JOIN-7-1-0.001-0.009.sparql	SUBJECT_OBJECT_JOIN	7	1	0.001	56591
HIERARCHICAL	10	1000000000	0	BUSHY	query-SUBJECT_OBJECT_JOIN-1-1-0.01-0.09.sparql	SUBJECT_OBJECT_JOIN	1	1	0.01	1183
HIERARCHICAL	10	1000000000	0	BUSHY	query-SUBJECT_SUBJECT_JOIN-1-1-0.001-0.009.sparql	SUBJECT_SUBJECT_JOIN	1	1	0.001	0
HIERARCHICAL	10	1000000000	0	BUSHY	query-SUBJECT_OBJECT_JOIN-7-1-0.01-0.09.sparql	SUBJECT_OBJECT_JOIN	7	1	0.01	2779
HIERARCHICAL	10	1000000000	0	BUSHY	query-SUBJECT_SUBJECT_JOIN-1-1-0.01-0.09.sparql	SUBJECT_SUBJECT_JOIN	1	1	0.01	0
HIERARCHICAL	10	1000000000	0	BUSHY	query-SUBJECT_SUBJECT_JOIN-7-3-0.01-0.09.sparql	SUBJECT_SUBJECT_JOIN	7	3	0.01	0
HIERARCHICAL	10	1000000000	0	BUSHY	query-SUBJECT_OBJECT_JOIN-1-1-0.001-0.009.sparql	SUBJECT_OBJECT_JOIN	1	1	0.001	18
HIERARCHICAL	10	1000000000	0	BUSHY	query-SUBJECT_OBJECT_JOIN-7-3-0.001-0.009.sparql	SUBJECT_OBJECT_JOIN	7	3	0.001	58224
HIERARCHICAL	10	1000000000	0	BUSHY	query-SUBJECT_SUBJECT_JOIN-7-3-0.001-0.009.sparql	SUBJECT_SUBJECT_JOIN	7	3	0.001	0
HIERARCHICAL	10	1000000000	0	BUSHY	query-SUBJECT_OBJECT_JOIN-7-3-0.01-0.09.sparql	SUBJECT_OBJECT_JOIN	7	3	0.01	102425
HIERARCHICAL	10	1000000000	0	BUSHY	query-SUBJECT_SUBJECT_JOIN-7-1-0.001-0.009.sparql	SUBJECT_SUBJECT_JOIN	7	1	0.001	0
HIERARCHICAL	10	1000000000	0	BUSHY	query-SUBJECT_SUBJECT_JOIN-7-1-0.01-0.09.sparql	SUBJECT_SUBJECT_JOIN	7	1	0.01	0
HIERARCHICAL	10	1000000000	0	BUSHY	query-SUBJECT_OBJECT_JOIN-7-1-0.001-0.009.sparql	SUBJECT_OBJECT_JOIN	7	1	0.001	22424
HIERARCHICAL	20	1000000000	0	LEFT_LINEAR	query-SUBJECT_OBJECT_JOIN-1-1-0.01-0.09.sparql	SUBJECT_OBJECT_JOIN	1	1	0.01	1424
HIERARCHICAL	20	1000000000	0	LEFT_LINEAR	query-SUBJECT_SUBJECT_JOIN-1-1-0.001-0.009.sparql	SUBJECT_SUBJECT_JOIN	1	1	0.001	0
HIERARCHICAL	20	1000000000	0	LEFT_LINEAR	query-SUBJECT_OBJECT_JOIN-7-1-0.01-0.09.sparql	SUBJECT_OBJECT_JOIN	7	1	0.01	3460
HIERARCHICAL	20	1000000000	0	LEFT_LINEAR	query-SUBJECT_SUBJECT_JOIN-1-1-0.01-0.09.sparql	SUBJECT_SUBJECT_JOIN	1	1	0.01	0
HIERARCHICAL	20	1000000000	0	LEFT_LINEAR	query-SUBJECT_SUBJECT_JOIN-7-3-0.01-0.09.sparql	SUBJECT_SUBJECT_JOIN	7	3	0.01	0
HIERARCHICAL	20	1000000000	0	LEFT_LINEAR	query-SUBJECT_OBJECT_JOIN-1-1-0.001-0.009.sparql	SUBJECT_OBJECT_JOIN	1	1	0.001	19
HIERARCHICAL	20	1000000000	0	LEFT_LINEAR	query-SUBJECT_OBJECT_JOIN-7-3-0.001-0.009.sparql	SUBJECT_OBJECT_JOIN	7	3	0.001	624128
HIERARCHICAL	20	1000000000	0	LEFT_LINEAR	query-SUBJECT_SUBJECT_JOIN-7-3-0.001-0.009.sparql	SUBJECT_SUBJECT_JOIN	7	3	0.001	0
HIERARCHICAL	20	1000000000	0	LEFT_LINEAR	query-SUBJECT_OBJECT_JOIN-7-3-0.01-0.09.sparql	SUBJECT_OBJECT_JOIN	7	3	0.01	30725
HIERARCHICAL	20	1000000000	0	LEFT_LINEAR	query-SUBJECT_SUBJECT_JOIN-7-1-0.001-0.009.sparql	SUBJECT_SUBJECT_JOIN	7	1	0.001	0
HIERARCHICAL	20	1000000000	0	LEFT_LINEAR	query-SUBJECT_SUBJECT_JOIN-7-1-0.01-0.09.sparql	SUBJECT_SUBJECT_JOIN	7	1	0.01	0
HIERARCHICAL	20	1000000000	0	LEFT_LINEAR	query-SUBJECT_OBJECT_JOIN-7-1-0.001-0.009.sparql	SUBJECT_OBJECT_JOIN	7	1	0.001	8862
HIERARCHICAL	20	1000000000	0	RIGHT_LINEAR	query-SUBJECT_OBJECT_JOIN-1-1-0.01-0.09.sparql	SUBJECT_OBJECT_JOIN	1	1	0.01	1424
HIERARCHICAL	20	1000000000	0	RIGHT_LINEAR	query-SUBJECT_SUBJECT_JOIN-1-1-0.001-0.009.sparql	SUBJECT_SUBJECT_JOIN	1	1	0.001	0
HIERARCHICAL	20	1000000000	0	RIGHT_LINEAR	query-SUBJECT_OBJECT_JOIN-7-1-0.01-0.09.sparql	SUBJECT_OBJECT_JOIN	7	1	0.01	5515
HIERARCHICAL	20	1000000000	0	RIGHT_LINEAR	query-SUBJECT_SUBJECT_JOIN-1-1-0.01-0.09.sparql	SUBJECT_SUBJECT_JOIN	1	1	0.01	0
HIERARCHICAL	20	1000000000	0	RIGHT_LINEAR	query-SUBJECT_SUBJECT_JOIN-7-3-0.01-0.09.sparql	SUBJECT_SUBJECT_JOIN	7	3	0.01	0
HIERARCHICAL	20	1000000000	0	RIGHT_LINEAR	query-SUBJECT_OBJECT_JOIN-1-1-0.001-0.009.sparql	SUBJECT_OBJECT_JOIN	1	1	0.001	19
HIERARCHICAL	20	1000000000	0	RIGHT_LINEAR	query-SUBJECT_OBJECT_JOIN-7-3-0.001-0.009.sparql	SUBJECT_OBJECT_JOIN	7	3	0.001	126880
HIERARCHICAL	20	1000000000	0	RIGHT_LINEAR	query-SUBJECT_SUBJECT_JOIN-7-3-0.001-0.009.sparql	SUBJECT_SUBJECT_JOIN	7	3	0.001	0
HIERARCHICAL	20	1000000000	0	RIGHT_LINEAR	query-SUBJECT_OBJECT_JOIN-7-3-0.01-0.09.sparql	SUBJECT_OBJECT_JOIN	7	3	0.01	237128
HIERARCHICAL	20	1000000000	0	RIGHT_LINEAR	query-SUBJECT_SUBJECT_JOIN-7-1-0.001-0.009.sparql	SUBJECT_SUBJECT_JOIN	7	1	0.001	0
HIERARCHICAL	20	1000000000	0	RIGHT_LINEAR	query-SUBJECT_SUBJECT_JOIN-7-1-0.01-0.09.sparql	SUBJECT_SUBJECT_JOIN	7	1	0.01	0
HIERARCHICAL	20	1000000000	0	RIGHT_LINEAR	query-SUBJECT_OBJECT_JOIN-7-1-0.001-0.009.sparql	SUBJECT_OBJECT_JOIN	7	1	0.001	61400
HIERARCHICAL	20	1000000000	0	BUSHY	query-SUBJECT_OBJECT_JOIN-1-1-0.01-0.09.sparql	SUBJECT_OBJECT_JOIN	1	1	0.01	1424
HIERARCHICAL	20	1000000000	0	BUSHY	query-SUBJECT_SUBJECT_JOIN-1-1-0.001-0.009.sparql	SUBJECT_SUBJECT_JOIN	1	1	0.001	0
HIERARCHICAL	20	1000000000	0	BUSHY	query-SUBJECT_OBJECT_JOIN-7-1-0.01-0.09.sparql	SUBJECT_OBJECT_JOIN	7	1	0.01	4658
HIERARCHICAL	20	1000000000	0	BUSHY	query-SUBJECT_SUBJECT_JOIN-1-1-0.01-0.09.sparql	SUBJECT_SUBJECT_JOIN	1	1	0.01	0
HIERARCHICAL	20	1000000000	0	BUSHY	query-SUBJECT_SUBJECT_JOIN-7-3-0.01-0.09.sparql	SUBJECT_SUBJECT_JOIN	7	3	0.01	0
HIERARCHICAL	20	1000000000	0	BUSHY	query-SUBJECT_OBJECT_JOIN-1-1-0.001-0.009.sparql	SUBJECT_OBJECT_JOIN	1	1	0.001	19
HIERARCHICAL	20	1000000000	0	BUSHY	query-SUBJECT_OBJECT_JOIN-7-3-0.001-0.009.sparql	SUBJECT_OBJECT_JOIN	7	3	0.001	121888
HIERARCHICAL	20	1000000000	0	BUSHY	query-SUBJECT_SUBJECT_JOIN-7-3-0.001-0.009.sparql	SUBJECT_SUBJECT_JOIN	7	3	0.001	0
HIERARCHICAL	20	1000000000	0	BUSHY	query-SUBJECT_OBJECT_JOIN-7-3-0.01-0.09.sparql	SUBJECT_OBJECT_JOIN	7	3	0.01	109515
HIERARCHICAL	20	1000000000	0	BUSHY	query-SUBJECT_SUBJECT_JOIN-7-1-0.001-0.009.sparql	SUBJECT_SUBJECT_JOIN	7	1	0.001	0
HIERARCHICAL	20	1000000000	0	BUSHY	query-SUBJECT_SUBJECT_JOIN-7-1-0.01-0.09.sparql	SUBJECT_SUBJECT_JOIN	7	1	0.01	0
HIERARCHICAL	20	1000000000	0	BUSHY	query-SUBJECT_OBJECT_JOIN-7-1-0.001-0.009.sparql	SUBJECT_OBJECT_JOIN	7	1	0.001	25231
HIERARCHICAL	40	1000000000	0	LEFT_LINEAR	query-SUBJECT_OBJECT_JOIN-1-1-0.01-0.09.sparql	SUBJECT_OBJECT_JOIN	1	1	0.01	2257
HIERARCHICAL	40	1000000000	0	LEFT_LINEAR	query-SUBJECT_SUBJECT_JOIN-1-1-0.001-0.009.sparql	SUBJECT_SUBJECT_JOIN	1	1	0.001	0
HIERARCHICAL	40	1000000000	0	LEFT_LINEAR	query-SUBJECT_OBJECT_JOIN-7-1-0.01-0.09.sparql	SUBJECT_OBJECT_JOIN	7	1	0.01	7274
HIERARCHICAL	40	1000000000	0	LEFT_LINEAR	query-SUBJECT_SUBJECT_JOIN-1-1-0.01-0.09.sparql	SUBJECT_SUBJECT_JOIN	1	1	0.01	0
HIERARCHICAL	40	1000000000	0	LEFT_LINEAR	query-SUBJECT_SUBJECT_JOIN-7-3-0.01-0.09.sparql	SUBJECT_SUBJECT_JOIN	7	3	0.01	0
HIERARCHICAL	40	1000000000	0	LEFT_LINEAR	query-SUBJECT_OBJECT_JOIN-1-1-0.001-0.009.sparql	SUBJECT_OBJECT_JOIN	1	1	0.001	39
HIERARCHICAL	40	1000000000	0	LEFT_LINEAR	query-SUBJECT_OBJECT_JOIN-7-3-0.001-0.009.sparql	SUBJECT_OBJECT_JOIN	7	3	0.001	1172070
HIERARCHICAL	40	1000000000	0	LEFT_LINEAR	query-SUBJECT_SUBJECT_JOIN-7-3-0.001-0.009.sparql	SUBJECT_SUBJECT_JOIN	7	3	0.001	0
HIERARCHICAL	40	1000000000	0	LEFT_LINEAR	query-SUBJECT_OBJECT_JOIN-7-3-0.01-0.09.sparql	SUBJECT_OBJECT_JOIN	7	3	0.01	37593
HIERARCHICAL	40	1000000000	0	LEFT_LINEAR	query-SUBJECT_SUBJECT_JOIN-7-1-0.001-0.009.sparql	SUBJECT_SUBJECT_JOIN	7	1	0.001	0
HIERARCHICAL	40	1000000000	0	LEFT_LINEAR	query-SUBJECT_SUBJECT_JOIN-7-1-0.01-0.09.sparql	SUBJECT_SUBJECT_JOIN	7	1	0.01	0
HIERARCHICAL	40	1000000000	0	LEFT_LINEAR	query-SUBJECT_OBJECT_JOIN-7-1-0.001-0.009.sparql	SUBJECT_OBJECT_JOIN	7	1	0.001	16146
HIERARCHICAL	40	1000000000	0	RIGHT_LINEAR	query-SUBJECT_OBJECT_JOIN-1-1-0.01-0.09.sparql	SUBJECT_OBJECT_JOIN	1	1	0.01	2257
HIERARCHICAL	40	1000000000	0	RIGHT_LINEAR	query-SUBJECT_SUBJECT_JOIN-1-1-0.001-0.009.sparql	SUBJECT_SUBJECT_JOIN	1	1	0.001	0
HIERARCHICAL	40	1000000000	0	RIGHT_LINEAR	query-SUBJECT_OBJECT_JOIN-7-1-0.01-0.09.sparql	SUBJECT_OBJECT_JOIN	7	1	0.01	10038
HIERARCHICAL	40	1000000000	0	RIGHT_LINEAR	query-SUBJECT_SUBJECT_JOIN-1-1-0.01-0.09.sparql	SUBJECT_SUBJECT_JOIN	1	1	0.01	0
HIERARCHICAL	40	1000000000	0	RIGHT_LINEAR	query-SUBJECT_SUBJECT_JOIN-7-3-0.01-0.09.sparql	SUBJECT_SUBJECT_JOIN	7	3	0.01	0
HIERARCHICAL	40	1000000000	0	RIGHT_LINEAR	query-SUBJECT_OBJECT_JOIN-1-1-0.001-0.009.sparql	SUBJECT_OBJECT_JOIN	1	1	0.001	39
HIERARCHICAL	40	1000000000	0	RIGHT_LINEAR	query-SUBJECT_OBJECT_JOIN-7-3-0.001-0.009.sparql	SUBJECT_OBJECT_JOIN	7	3	0.001	60598
HIERARCHICAL	40	1000000000	0	RIGHT_LINEAR	query-SUBJECT_SUBJECT_JOIN-7-3-0.001-0.009.sparql	SUBJECT_SUBJECT_JOIN	7	3	0.001	0
HIERARCHICAL	40	1000000000	0	RIGHT_LINEAR	query-SUBJECT_OBJECT_JOIN-7-3-0.01-0.09.sparql	SUBJECT_OBJECT_JOIN	7	3	0.01	236736
HIERARCHICAL	40	1000000000	0	RIGHT_LINEAR	query-SUBJECT_SUBJECT_JOIN-7-1-0.001-0.009.sparql	SUBJECT_SUBJECT_JOIN	7	1	0.001	0
HIERARCHICAL	40	1000000000	0	RIGHT_LINEAR	query-SUBJECT_SUBJECT_JOIN-7-1-0.01-0.09.sparql	SUBJECT_SUBJECT_JOIN	7	1	0.01	0
HIERARCHICAL	40	1000000000	0	RIGHT_LINEAR	query-SUBJECT_OBJECT_JOIN-7-1-0.001-0.009.sparql	SUBJECT_OBJECT_JOIN	7	1	0.001	66970
HIERARCHICAL	40	1000000000	0	BUSHY	query-SUBJECT_OBJECT_JOIN-1-1-0.01-0.09.sparql	SUBJECT_OBJECT_JOIN	1	1	0.01	2257
HIERARCHICAL	40	1000000000	0	BUSHY	query-SUBJECT_SUBJECT_JOIN-1-1-0.001-0.009.sparql	SUBJECT_SUBJECT_JOIN	1	1	0.001	0
HIERARCHICAL	40	1000000000	0	BUSHY	query-SUBJECT_OBJECT_JOIN-7-1-0.01-0.09.sparql	SUBJECT_OBJECT_JOIN	7	1	0.01	8500
HIERARCHICAL	40	1000000000	0	BUSHY	query-SUBJECT_SUBJECT_JOIN-1-1-0.01-0.09.sparql	SUBJECT_SUBJECT_JOIN	1	1	0.01	0
HIERARCHICAL	40	1000000000	0	BUSHY	query-SUBJECT_SUBJECT_JOIN-7-3-0.01-0.09.sparql	SUBJECT_SUBJECT_JOIN	7	3	0.01	0
HIERARCHICAL	40	1000000000	0	BUSHY	query-SUBJECT_OBJECT_JOIN-1-1-0.001-0.009.sparql	SUBJECT_OBJECT_JOIN	1	1	0.001	39
HIERARCHICAL	40	1000000000	0	BUSHY	query-SUBJECT_OBJECT_JOIN-7-3-0.001-0.009.sparql	SUBJECT_OBJECT_JOIN	7	3	0.001	252270
HIERARCHICAL	40	1000000000	0	BUSHY	query-SUBJECT_SUBJECT_JOIN-7-3-0.001-0.009.sparql	SUBJECT_SUBJECT_JOIN	7	3	0.001	0
HIERARCHICAL	40	1000000000	0	BUSHY	query-SUBJECT_OBJECT_JOIN-7-3-0.01-0.09.sparql	SUBJECT_OBJECT_JOIN	7	3	0.01	114837
HIERARCHICAL	40	1000000000	0	BUSHY	query-SUBJECT_SUBJECT_JOIN-7-1-0.001-0.009.sparql	SUBJECT_SUBJECT_JOIN	7	1	0.001	0
HIERARCHICAL	40	1000000000	0	BUSHY	query-SUBJECT_SUBJECT_JOIN-7-1-0.01-0.09.sparql	SUBJECT_SUBJECT_JOIN	7	1	0.01	0
HIERARCHICAL	40	1000000000	0	BUSHY	query-SUBJECT_OBJECT_JOIN-7-1-0.001-0.009.sparql	SUBJECT_OBJECT_JOIN	7	1	0.001	31352
HIERARCHICAL	20	500000000	0	LEFT_LINEAR	query-SUBJECT_OBJECT_JOIN-1-1-0.01-0.09.sparql	SUBJECT_OBJECT_JOIN	1	1	0.01	950
HIERARCHICAL	20	500000000	0	LEFT_LINEAR	query-SUBJECT_SUBJECT_JOIN-1-1-0.001-0.009.sparql	SUBJECT_SUBJECT_JOIN	1	1	0.001	0
HIERARCHICAL	20	500000000	0	LEFT_LINEAR	query-SUBJECT_OBJECT_JOIN-7-1-0.01-0.09.sparql	SUBJECT_OBJECT_JOIN	7	1	0.01	2140
HIERARCHICAL	20	500000000	0	LEFT_LINEAR	query-SUBJECT_SUBJECT_JOIN-1-1-0.01-0.09.sparql	SUBJECT_SUBJECT_JOIN	1	1	0.01	0
HIERARCHICAL	20	500000000	0	LEFT_LINEAR	query-SUBJECT_SUBJECT_JOIN-7-3-0.01-0.09.sparql	SUBJECT_SUBJECT_JOIN	7	3	0.01	0
HIERARCHICAL	20	500000000	0	LEFT_LINEAR	query-SUBJECT_OBJECT_JOIN-1-1-0.001-0.009.sparql	SUBJECT_OBJECT_JOIN	1	1	0.001	19
HIERARCHICAL	20	500000000	0	LEFT_LINEAR	query-SUBJECT_OBJECT_JOIN-7-3-0.001-0.009.sparql	SUBJECT_OBJECT_JOIN	7	3	0.001	832984
HIERARCHICAL	20	500000000	0	LEFT_LINEAR	query-SUBJECT_SUBJECT_JOIN-7-3-0.001-0.009.sparql	SUBJECT_SUBJECT_JOIN	7	3	0.001	26
HIERARCHICAL	20	500000000	0	LEFT_LINEAR	query-SUBJECT_OBJECT_JOIN-7-3-0.01-0.09.sparql	SUBJECT_OBJECT_JOIN	7	3	0.01	14301
HIERARCHICAL	20	500000000	0	LEFT_LINEAR	query-SUBJECT_SUBJECT_JOIN-7-1-0.001-0.009.sparql	SUBJECT_SUBJECT_JOIN	7	1	0.001	0
HIERARCHICAL	20	500000000	0	LEFT_LINEAR	query-SUBJECT_SUBJECT_JOIN-7-1-0.01-0.09.sparql	SUBJECT_SUBJECT_JOIN	7	1	0.01	0
HIERARCHICAL	20	500000000	0	LEFT_LINEAR	query-SUBJECT_OBJECT_JOIN-7-1-0.001-0.009.sparql	SUBJECT_OBJECT_JOIN	7	1	0.001	4909
HIERARCHICAL	20	500000000	0	RIGHT_LINEAR	query-SUBJECT_OBJECT_JOIN-1-1-0.01-0.09.sparql	SUBJECT_OBJECT_JOIN	1	1	0.01	950
HIERARCHICAL	20	500000000	0	RIGHT_LINEAR	query-SUBJECT_SUBJECT_JOIN-1-1-0.001-0.009.sparql	SUBJECT_SUBJECT_JOIN	1	1	0.001	0
HIERARCHICAL	20	500000000	0	RIGHT_LINEAR	query-SUBJECT_OBJECT_JOIN-7-1-0.01-0.09.sparql	SUBJECT_OBJECT_JOIN	7	1	0.01	2953
HIERARCHICAL	20	500000000	0	RIGHT_LINEAR	query-SUBJECT_SUBJECT_JOIN-1-1-0.01-0.09.sparql	SUBJECT_SUBJECT_JOIN	1	1	0.01	0
HIERARCHICAL	20	500000000	0	RIGHT_LINEAR	query-SUBJECT_SUBJECT_JOIN-7-3-0.01-0.09.sparql	SUBJECT_SUBJECT_JOIN	7	3	0.01	0
HIERARCHICAL	20	500000000	0	RIGHT_LINEAR	query-SUBJECT_OBJECT_JOIN-1-1-0.001-0.009.sparql	SUBJECT_OBJECT_JOIN	1	1	0.001	19
HIERARCHICAL	20	500000000	0	RIGHT_LINEAR	query-SUBJECT_OBJECT_JOIN-7-3-0.001-0.009.sparql	SUBJECT_OBJECT_JOIN	7	3	0.001	37149
HIERARCHICAL	20	500000000	0	RIGHT_LINEAR	query-SUBJECT_SUBJECT_JOIN-7-3-0.001-0.009.sparql	SUBJECT_SUBJECT_JOIN	7	3	0.001	0
HIERARCHICAL	20	500000000	0	RIGHT_LINEAR	query-SUBJECT_OBJECT_JOIN-7-3-0.01-0.09.sparql	SUBJECT_OBJECT_JOIN	7	3	0.01	113719
HIERARCHICAL	20	500000000	0	RIGHT_LINEAR	query-SUBJECT_SUBJECT_JOIN-7-1-0.001-0.009.sparql	SUBJECT_SUBJECT_JOIN	7	1	0.001	0
HIERARCHICAL	20	500000000	0	RIGHT_LINEAR	query-SUBJECT_SUBJECT_JOIN-7-1-0.01-0.09.sparql	SUBJECT_SUBJECT_JOIN	7	1	0.01	0
HIERARCHICAL	20	500000000	0	RIGHT_LINEAR	query-SUBJECT_OBJECT_JOIN-7-1-0.001-0.009.sparql	SUBJECT_OBJECT_JOIN	7	1	0.001	29921
HIERARCHICAL	20	500000000	0	BUSHY	query-SUBJECT_SUBJECT_JOIN-7-3-0.01-0.09.sparql	SUBJECT_SUBJECT_JOIN	7	3	0.01	0
HIERARCHICAL	20	500000000	0	BUSHY	query-SUBJECT_OBJECT_JOIN-1-1-0.01-0.09.sparql	SUBJECT_OBJECT_JOIN	1	1	0.01	950
HIERARCHICAL	20	500000000	0	BUSHY	query-SUBJECT_SUBJECT_JOIN-1-1-0.001-0.009.sparql	SUBJECT_SUBJECT_JOIN	1	1	0.001	0
HIERARCHICAL	20	500000000	0	BUSHY	query-SUBJECT_OBJECT_JOIN-7-1-0.01-0.09.sparql	SUBJECT_OBJECT_JOIN	7	1	0.01	3552
HIERARCHICAL	20	500000000	0	BUSHY	query-SUBJECT_SUBJECT_JOIN-1-1-0.01-0.09.sparql	SUBJECT_SUBJECT_JOIN	1	1	0.01	0
HIERARCHICAL	20	500000000	0	BUSHY	query-SUBJECT_OBJECT_JOIN-1-1-0.001-0.009.sparql	SUBJECT_OBJECT_JOIN	1	1	0.001	19
HIERARCHICAL	20	500000000	0	BUSHY	query-SUBJECT_OBJECT_JOIN-7-3-0.001-0.009.sparql	SUBJECT_OBJECT_JOIN	7	3	0.001	142275
HIERARCHICAL	20	500000000	0	BUSHY	query-SUBJECT_SUBJECT_JOIN-7-3-0.001-0.009.sparql	SUBJECT_SUBJECT_JOIN	7	3	0.001	0
HIERARCHICAL	20	500000000	0	BUSHY	query-SUBJECT_OBJECT_JOIN-7-3-0.01-0.09.sparql	SUBJECT_OBJECT_JOIN	7	3	0.01	54328
HIERARCHICAL	20	500000000	0	BUSHY	query-SUBJECT_SUBJECT_JOIN-7-1-0.001-0.009.sparql	SUBJECT_SUBJECT_JOIN	7	1	0.001	0
HIERARCHICAL	20	500000000	0	BUSHY	query-SUBJECT_SUBJECT_JOIN-7-1-0.01-0.09.sparql	SUBJECT_SUBJECT_JOIN	7	1	0.01	0
HIERARCHICAL	20	500000000	0	BUSHY	query-SUBJECT_OBJECT_JOIN-7-1-0.001-0.009.sparql	SUBJECT_OBJECT_JOIN	7	1	0.001	12537
HIERARCHICAL	20	2000000000	0	LEFT_LINEAR	query-SUBJECT_OBJECT_JOIN-1-1-0.01-0.09.sparql	SUBJECT_OBJECT_JOIN	1	1	0.01	1831
HIERARCHICAL	20	2000000000	0	LEFT_LINEAR	query-SUBJECT_SUBJECT_JOIN-1-1-0.001-0.009.sparql	SUBJECT_SUBJECT_JOIN	1	1	0.001	0
HIERARCHICAL	20	2000000000	0	LEFT_LINEAR	query-SUBJECT_OBJECT_JOIN-7-1-0.01-0.09.sparql	SUBJECT_OBJECT_JOIN	7	1	0.01	8750
HIERARCHICAL	20	2000000000	0	LEFT_LINEAR	query-SUBJECT_SUBJECT_JOIN-1-1-0.01-0.09.sparql	SUBJECT_SUBJECT_JOIN	1	1	0.01	0
HIERARCHICAL	20	2000000000	0	LEFT_LINEAR	query-SUBJECT_SUBJECT_JOIN-7-3-0.01-0.09.sparql	SUBJECT_SUBJECT_JOIN	7	3	0.01	0
HIERARCHICAL	20	2000000000	0	LEFT_LINEAR	query-SUBJECT_OBJECT_JOIN-1-1-0.001-0.009.sparql	SUBJECT_OBJECT_JOIN	1	1	0.001	38
HIERARCHICAL	20	2000000000	0	LEFT_LINEAR	query-SUBJECT_OBJECT_JOIN-7-3-0.001-0.009.sparql	SUBJECT_OBJECT_JOIN	7	3	0.001	546384
HIERARCHICAL	20	2000000000	0	LEFT_LINEAR	query-SUBJECT_SUBJECT_JOIN-7-3-0.001-0.009.sparql	SUBJECT_SUBJECT_JOIN	7	3	0.001	36
HIERARCHICAL	20	2000000000	0	LEFT_LINEAR	query-SUBJECT_OBJECT_JOIN-7-3-0.01-0.09.sparql	SUBJECT_OBJECT_JOIN	7	3	0.01	46125
HIERARCHICAL	20	2000000000	0	LEFT_LINEAR	query-SUBJECT_SUBJECT_JOIN-7-1-0.001-0.009.sparql	SUBJECT_SUBJECT_JOIN	7	1	0.001	0
HIERARCHICAL	20	2000000000	0	LEFT_LINEAR	query-SUBJECT_SUBJECT_JOIN-7-1-0.01-0.09.sparql	SUBJECT_SUBJECT_JOIN	7	1	0.01	0
HIERARCHICAL	20	2000000000	0	LEFT_LINEAR	query-SUBJECT_OBJECT_JOIN-7-1-0.001-0.009.sparql	SUBJECT_OBJECT_JOIN	7	1	0.001	24897
HIERARCHICAL	20	2000000000	0	RIGHT_LINEAR	query-SUBJECT_OBJECT_JOIN-1-1-0.01-0.09.sparql	SUBJECT_OBJECT_JOIN	1	1	0.01	1831
HIERARCHICAL	20	2000000000	0	RIGHT_LINEAR	query-SUBJECT_SUBJECT_JOIN-1-1-0.001-0.009.sparql	SUBJECT_SUBJECT_JOIN	1	1	0.001	0
HIERARCHICAL	20	2000000000	0	RIGHT_LINEAR	query-SUBJECT_OBJECT_JOIN-7-1-0.01-0.09.sparql	SUBJECT_OBJECT_JOIN	7	1	0.01	9690
HIERARCHICAL	20	2000000000	0	RIGHT_LINEAR	query-SUBJECT_SUBJECT_JOIN-1-1-0.01-0.09.sparql	SUBJECT_SUBJECT_JOIN	1	1	0.01	0
HIERARCHICAL	20	2000000000	0	RIGHT_LINEAR	query-SUBJECT_SUBJECT_JOIN-7-3-0.01-0.09.sparql	SUBJECT_SUBJECT_JOIN	7	3	0.01	0
HIERARCHICAL	20	2000000000	0	RIGHT_LINEAR	query-SUBJECT_OBJECT_JOIN-1-1-0.001-0.009.sparql	SUBJECT_OBJECT_JOIN	1	1	0.001	38
HIERARCHICAL	20	2000000000	0	RIGHT_LINEAR	query-SUBJECT_OBJECT_JOIN-7-3-0.001-0.009.sparql	SUBJECT_OBJECT_JOIN	7	3	0.001	86436
HIERARCHICAL	20	2000000000	0	RIGHT_LINEAR	query-SUBJECT_SUBJECT_JOIN-7-3-0.001-0.009.sparql	SUBJECT_SUBJECT_JOIN	7	3	0.001	0
HIERARCHICAL	20	2000000000	0	RIGHT_LINEAR	query-SUBJECT_OBJECT_JOIN-7-3-0.01-0.09.sparql	SUBJECT_OBJECT_JOIN	7	3	0.01	406512
HIERARCHICAL	20	2000000000	0	RIGHT_LINEAR	query-SUBJECT_SUBJECT_JOIN-7-1-0.001-0.009.sparql	SUBJECT_SUBJECT_JOIN	7	1	0.001	0
HIERARCHICAL	20	2000000000	0	RIGHT_LINEAR	query-SUBJECT_SUBJECT_JOIN-7-1-0.01-0.09.sparql	SUBJECT_SUBJECT_JOIN	7	1	0.01	0
HIERARCHICAL	20	2000000000	0	RIGHT_LINEAR	query-SUBJECT_OBJECT_JOIN-7-1-0.001-0.009.sparql	SUBJECT_OBJECT_JOIN	7	1	0.001	152169
HIERARCHICAL	20	2000000000	0	BUSHY	query-SUBJECT_OBJECT_JOIN-1-1-0.01-0.09.sparql	SUBJECT_OBJECT_JOIN	1	1	0.01	1831
HIERARCHICAL	20	2000000000	0	BUSHY	query-SUBJECT_SUBJECT_JOIN-1-1-0.001-0.009.sparql	SUBJECT_SUBJECT_JOIN	1	1	0.001	0
HIERARCHICAL	20	2000000000	0	BUSHY	query-SUBJECT_OBJECT_JOIN-7-1-0.01-0.09.sparql	SUBJECT_OBJECT_JOIN	7	1	0.01	6844
HIERARCHICAL	20	2000000000	0	BUSHY	query-SUBJECT_SUBJECT_JOIN-1-1-0.01-0.09.sparql	SUBJECT_SUBJECT_JOIN	1	1	0.01	0
HIERARCHICAL	20	2000000000	0	BUSHY	query-SUBJECT_SUBJECT_JOIN-7-3-0.01-0.09.sparql	SUBJECT_SUBJECT_JOIN	7	3	0.01	0
HIERARCHICAL	20	2000000000	0	BUSHY	query-SUBJECT_OBJECT_JOIN-1-1-0.001-0.009.sparql	SUBJECT_OBJECT_JOIN	1	1	0.001	38
HIERARCHICAL	20	2000000000	0	BUSHY	query-SUBJECT_OBJECT_JOIN-7-3-0.001-0.009.sparql	SUBJECT_OBJECT_JOIN	7	3	0.001	127870
HIERARCHICAL	20	2000000000	0	BUSHY	query-SUBJECT_SUBJECT_JOIN-7-3-0.001-0.009.sparql	SUBJECT_SUBJECT_JOIN	7	3	0.001	0
HIERARCHICAL	20	2000000000	0	BUSHY	query-SUBJECT_OBJECT_JOIN-7-3-0.01-0.09.sparql	SUBJECT_OBJECT_JOIN	7	3	0.01	208517
HIERARCHICAL	20	2000000000	0	BUSHY	query-SUBJECT_SUBJECT_JOIN-7-1-0.001-0.009.sparql	SUBJECT_SUBJECT_JOIN	7	1	0.001	0
HIERARCHICAL	20	2000000000	0	BUSHY	query-SUBJECT_SUBJECT_JOIN-7-1-0.01-0.09.sparql	SUBJECT_SUBJECT_JOIN	7	1	0.01	0
HIERARCHICAL	20	2000000000	0	BUSHY	query-SUBJECT_OBJECT_JOIN-7-1-0.001-0.009.sparql	SUBJECT_OBJECT_JOIN	7	1	0.001	68331
MIN_EDGE_CUT	10	1000000000	0	LEFT_LINEAR	query-SUBJECT_OBJECT_JOIN-1-1-0.01-0.09.sparql	SUBJECT_OBJECT_JOIN	1	1	0.01	736
MIN_EDGE_CUT	10	1000000000	0	LEFT_LINEAR	query-SUBJECT_SUBJECT_JOIN-1-1-0.001-0.009.sparql	SUBJECT_SUBJECT_JOIN	1	1	0.001	0
MIN_EDGE_CUT	10	1000000000	0	LEFT_LINEAR	query-SUBJECT_OBJECT_JOIN-7-1-0.01-0.09.sparql	SUBJECT_OBJECT_JOIN	7	1	0.01	1451
MIN_EDGE_CUT	10	1000000000	0	LEFT_LINEAR	query-SUBJECT_SUBJECT_JOIN-1-1-0.01-0.09.sparql	SUBJECT_SUBJECT_JOIN	1	1	0.01	0
MIN_EDGE_CUT	10	1000000000	0	LEFT_LINEAR	query-SUBJECT_SUBJECT_JOIN-7-3-0.01-0.09.sparql	SUBJECT_SUBJECT_JOIN	7	3	0.01	0
MIN_EDGE_CUT	10	1000000000	0	LEFT_LINEAR	query-SUBJECT_OBJECT_JOIN-1-1-0.001-0.009.sparql	SUBJECT_OBJECT_JOIN	1	1	0.001	18
MIN_EDGE_CUT	10	1000000000	0	LEFT_LINEAR	query-SUBJECT_OBJECT_JOIN-7-3-0.001-0.009.sparql	SUBJECT_OBJECT_JOIN	7	3	0.001	614240
MIN_EDGE_CUT	10	1000000000	0	LEFT_LINEAR	query-SUBJECT_SUBJECT_JOIN-7-3-0.001-0.009.sparql	SUBJECT_SUBJECT_JOIN	7	3	0.001	0
MIN_EDGE_CUT	10	1000000000	0	LEFT_LINEAR	query-SUBJECT_OBJECT_JOIN-7-3-0.01-0.09.sparql	SUBJECT_OBJECT_JOIN	7	3	0.01	21558
MIN_EDGE_CUT	10	1000000000	0	LEFT_LINEAR	query-SUBJECT_SUBJECT_JOIN-7-1-0.001-0.009.sparql	SUBJECT_SUBJECT_JOIN	7	1	0.001	0
MIN_EDGE_CUT	10	1000000000	0	LEFT_LINEAR	query-SUBJECT_SUBJECT_JOIN-7-1-0.01-0.09.sparql	SUBJECT_SUBJECT_JOIN	7	1	0.01	0
MIN_EDGE_CUT	10	1000000000	0	LEFT_LINEAR	query-SUBJECT_OBJECT_JOIN-7-1-0.001-0.009.sparql	SUBJECT_OBJECT_JOIN	7	1	0.001	5083
MIN_EDGE_CUT	10	1000000000	0	RIGHT_LINEAR	query-SUBJECT_OBJECT_JOIN-1-1-0.01-0.09.sparql	SUBJECT_OBJECT_JOIN	1	1	0.01	736
MIN_EDGE_CUT	10	1000000000	0	RIGHT_LINEAR	query-SUBJECT_SUBJECT_JOIN-1-1-0.001-0.009.sparql	SUBJECT_SUBJECT_JOIN	1	1	0.001	0
MIN_EDGE_CUT	10	1000000000	0	RIGHT_LINEAR	query-SUBJECT_OBJECT_JOIN-7-1-0.01-0.09.sparql	SUBJECT_OBJECT_JOIN	7	1	0.01	3124
MIN_EDGE_CUT	10	1000000000	0	RIGHT_LINEAR	query-SUBJECT_SUBJECT_JOIN-1-1-0.01-0.09.sparql	SUBJECT_SUBJECT_JOIN	1	1	0.01	0
MIN_EDGE_CUT	10	1000000000	0	RIGHT_LINEAR	query-SUBJECT_SUBJECT_JOIN-7-3-0.01-0.09.sparql	SUBJECT_SUBJECT_JOIN	7	3	0.01	0
MIN_EDGE_CUT	10	1000000000	0	RIGHT_LINEAR	query-SUBJECT_OBJECT_JOIN-1-1-0.001-0.009.sparql	SUBJECT_OBJECT_JOIN	1	1	0.001	18
MIN_EDGE_CUT	10	1000000000	0	RIGHT_LINEAR	query-SUBJECT_OBJECT_JOIN-7-3-0.001-0.009.sparql	SUBJECT_OBJECT_JOIN	7	3	0.001	45872
MIN_EDGE_CUT	10	1000000000	0	RIGHT_LINEAR	query-SUBJECT_SUBJECT_JOIN-7-3-0.001-0.009.sparql	SUBJECT_SUBJECT_JOIN	7	3	0.001	1
MIN_EDGE_CUT	10	1000000000	0	RIGHT_LINEAR	query-SUBJECT_OBJECT_JOIN-7-3-0.01-0.09.sparql	SUBJECT_OBJECT_JOIN	7	3	0.01	148106
MIN_EDGE_CUT	10	1000000000	0	RIGHT_LINEAR	query-SUBJECT_SUBJECT_JOIN-7-1-0.001-0.009.sparql	SUBJECT_SUBJECT_JOIN	7	1	0.001	0
MIN_EDGE_CUT	10	1000000000	0	RIGHT_LINEAR	query-SUBJECT_SUBJECT_JOIN-7-1-0.01-0.09.sparql	SUBJECT_SUBJECT_JOIN	7	1	0.01	0
MIN_EDGE_CUT	10	1000000000	0	RIGHT_LINEAR	query-SUBJECT_OBJECT_JOIN-7-1-0.001-0.009.sparql	SUBJECT_OBJECT_JOIN	7	1	0.001	36223
MIN_EDGE_CUT	10	1000000000	0	BUSHY	query-SUBJECT_OBJECT_JOIN-1-1-0.01-0.09.sparql	SUBJECT_OBJECT_JOIN	1	1	0.01	736
MIN_EDGE_CUT	10	1000000000	0	BUSHY	query-SUBJECT_SUBJECT_JOIN-1-1-0.001-0.009.sparql	SUBJECT_SUBJECT_JOIN	1	1	0.001	0
MIN_EDGE_CUT	10	1000000000	0	BUSHY	query-SUBJECT_OBJECT_JOIN-7-1-0.01-0.09.sparql	SUBJECT_OBJECT_JOIN	7	1	0.01	2389
MIN_EDGE_CUT	10	1000000000	0	BUSHY	query-SUBJECT_SUBJECT_JOIN-1-1-0.01-0.09.sparql	SUBJECT_SUBJECT_JOIN	1	1	0.01	0
MIN_EDGE_CUT	10	1000000000	0	BUSHY	query-SUBJECT_SUBJECT_JOIN-7-3-0.01-0.09.sparql	SUBJECT_SUBJECT_JOIN	7	3	0.01	0
MIN_EDGE_CUT	10	1000000000	0	BUSHY	query-SUBJECT_OBJECT_JOIN-1-1-0.001-0.009.sparql	SUBJECT_OBJECT_JOIN	1	1	0.001	18
MIN_EDGE_CUT	10	1000000000	0	BUSHY	query-SUBJECT_OBJECT_JOIN-7-3-0.001-0.009.sparql	SUBJECT_OBJECT_JOIN	7	3	0.001	40182
MIN_EDGE_CUT	10	1000000000	0	BUSHY	query-SUBJECT_SUBJECT_JOIN-7-3-0.001-0.009.sparql	SUBJECT_SUBJECT_JOIN	7	3	0.001	0
MIN_EDGE_CUT	10	1000000000	0	BUSHY	query-SUBJECT_OBJECT_JOIN-7-3-0.01-0.09.sparql	SUBJECT_OBJECT_JOIN	7	3	0.01	78695
MIN_EDGE_CUT	10	1000000000	0	BUSHY	query-SUBJECT_SUBJECT_JOIN-7-1-0.001-0.009.sparql	SUBJECT_SUBJECT_JOIN	7	1	0.001	0
MIN_EDGE_CUT	10	1000000000	0	BUSHY	query-SUBJECT_SUBJECT_JOIN-7-1-0.01-0.09.sparql	SUBJECT_SUBJECT_JOIN	7	1	0.01	0
MIN_EDGE_CUT	10	1000000000	0	BUSHY	query-SUBJECT_OBJECT_JOIN-7-1-0.001-0.009.sparql	SUBJECT_OBJECT_JOIN	7	1	0.001	17653
MIN_EDGE_CUT	20	1000000000	0	LEFT_LINEAR	query-SUBJECT_OBJECT_JOIN-1-1-0.01-0.09.sparql	SUBJECT_OBJECT_JOIN	1	1	0.01	965
MIN_EDGE_CUT	20	1000000000	0	LEFT_LINEAR	query-SUBJECT_SUBJECT_JOIN-1-1-0.001-0.009.sparql	SUBJECT_SUBJECT_JOIN	1	1	0.001	0
MIN_EDGE_CUT	20	1000000000	0	LEFT_LINEAR	query-SUBJECT_OBJECT_JOIN-7-1-0.01-0.09.sparql	SUBJECT_OBJECT_JOIN	7	1	0.01	2738
MIN_EDGE_CUT	20	1000000000	0	LEFT_LINEAR	query-SUBJECT_SUBJECT_JOIN-1-1-0.01-0.09.sparql	SUBJECT_SUBJECT_JOIN	1	1	0.01	0
MIN_EDGE_CUT	20	1000000000	0	LEFT_LINEAR	query-SUBJECT_SUBJECT_JOIN-7-3-0.01-0.09.sparql	SUBJECT_SUBJECT_JOIN	7	3	0.01	0
MIN_EDGE_CUT	20	1000000000	0	LEFT_LINEAR	query-SUBJECT_OBJECT_JOIN-1-1-0.001-0.009.sparql	SUBJECT_OBJECT_JOIN	1	1	0.001	23
MIN_EDGE_CUT	20	1000000000	0	LEFT_LINEAR	query-SUBJECT_OBJECT_JOIN-7-3-0.001-0.009.sparql	SUBJECT_OBJECT_JOIN	7	3	0.001	244917
MIN_EDGE_CUT	20	1000000000	0	LEFT_LINEAR	query-SUBJECT_SUBJECT_JOIN-7-3-0.001-0.009.sparql	SUBJECT_SUBJECT_JOIN	7	3	0.001	0
MIN_EDGE_CUT	20	1000000000	0	LEFT_LINEAR	query-SUBJECT_OBJECT_JOIN-7-3-0.01-0.09.sparql	SUBJECT_OBJECT_JOIN	7	3	0.01	25301
MIN_EDGE_CUT	20	1000000000	0	LEFT_LINEAR	query-SUBJECT_SUBJECT_JOIN-7-1-0.001-0.009.sparql	SUBJECT_SUBJECT_JOIN	7	1	0.001	0
MIN_EDGE_CUT	20	1000000000	0	LEFT_LINEAR	query-SUBJECT_SUBJECT_JOIN-7-1-0.01-0.09.sparql	SUBJECT_SUBJECT_JOIN	7	1	0.01	0
MIN_EDGE_CUT	20	1000000000	0	LEFT_LINEAR	query-SUBJECT_OBJECT_JOIN-7-1-0.001-0.009.sparql	SUBJECT_OBJECT_JOIN	7	1	0.001	7091
MIN_EDGE_CUT	20	1000000000	0	RIGHT_LINEAR	query-SUBJECT_OBJECT_JOIN-1-1-0.01-0.09.sparql	SUBJECT_OBJECT_JOIN	1	1	0.01	965
MIN_EDGE_CUT	20	1000000000	0	RIGHT_LINEAR	query-SUBJECT_SUBJECT_JOIN-1-1-0.001-0.009.sparql	SUBJECT_SUBJECT_JOIN	1	1	0.001	0
MIN_EDGE_CUT	20	1000000000	0	RIGHT_LINEAR	query-SUBJECT_OBJECT_JOIN-7-1-0.01-0.09.sparql	SUBJECT_OBJECT_JOIN	7	1	0.01	4855
MIN_EDGE_CUT	20	1000000000	0	RIGHT_LINEAR	query-SUBJECT_SUBJECT_JOIN-1-1-0.01-0.09.sparql	SUBJECT_SUBJECT_JOIN	1	1	0.01	0
MIN_EDGE_CUT	20	1000000000	0	RIGHT_LINEAR	query-SUBJECT_SUBJECT_JOIN-7-3-0.01-0.09.sparql	SUBJECT_SUBJECT_JOIN	7	3	0.01	0
MIN_EDGE_CUT	20	1000000000	0	RIGHT_LINEAR	query-SUBJECT_OBJECT_JOIN-1-1-0.001-0.009.sparql	SUBJECT_OBJECT_JOIN	1	1	0.001	23
MIN_EDGE_CUT	20	1000000000	0	RIGHT_LINEAR	query-SUBJECT_OBJECT_JOIN-7-3-0.001-0.009.sparql	SUBJECT_OBJECT_JOIN	7	3	0.001	85776
MIN_EDGE_CUT	20	1000000000	0	RIGHT_LINEAR	query-SUBJECT_SUBJECT_JOIN-7-3-0.001-0.009.sparql	SUBJECT_SUBJECT_JOIN	7	3	0.001	0
MIN_EDGE_CUT	20	1000000000	0	RIGHT_LINEAR	query-SUBJECT_OBJECT_JOIN-7-3-0.01-0.09.sparql	SUBJECT_OBJECT_JOIN	7	3	0.01	172542
MIN_EDGE_CUT	20	1000000000	0	RIGHT_LINEAR	query-SUBJECT_SUBJECT_JOIN-7-1-0.001-0.009.sparql	SUBJECT_SUBJECT_JOIN	7	1	0.001	0
MIN_EDGE_CUT	20	1000000000	0	RIGHT_LINEAR	query-SUBJECT_SUBJECT_JOIN-7-1-0.01-0.09.sparql	SUBJECT_SUBJECT_JOIN	7	1	0.01	0
MIN_EDGE_CUT	20	1000000000	0	RIGHT_LINEAR	query-SUBJECT_OBJECT_JOIN-7-1-0.001-0.009.sparql	SUBJECT_OBJECT_JOIN	7	1	0.001	40847
MIN_EDGE_CUT	20	1000000000	0	BUSHY	query-SUBJECT_OBJECT_JOIN-1-1-0.01-0.09.sparql	SUBJECT_OBJECT_JOIN	1	1	0.01	965
MIN_EDGE_CUT	20	1000000000	0	BUSHY	query-SUBJECT_SUBJECT_JOIN-1-1-0.001-0.009.sparql	SUBJECT_SUBJECT_JOIN	1	1	0.001	0
MIN_EDGE_CUT	20	1000000000	0	BUSHY	query-SUBJECT_OBJECT_JOIN-7-1-0.01-0.09.sparql	SUBJECT_OBJECT_JOIN	7	1	0.01	3912
MIN_EDGE_CUT	20	1000000000	0	BUSHY	query-SUBJECT_SUBJECT_JOIN-1-1-0.01-0.09.sparql	SUBJECT_SUBJECT_JOIN	1	1	0.01	0
MIN_EDGE_CUT	20	1000000000	0	BUSHY	query-SUBJECT_SUBJECT_JOIN-7-3-0.01-0.09.sparql	SUBJECT_SUBJECT_JOIN	7	3	0.01	0
MIN_EDGE_CUT	20	1000000000	0	BUSHY	query-SUBJECT_OBJECT_JOIN-1-1-0.001-0.009.sparql	SUBJECT_OBJECT_JOIN	1	1	0.001	23
MIN_EDGE_CUT	20	1000000000	0	BUSHY	query-SUBJECT_OBJECT_JOIN-7-3-0.001-0.009.sparql	SUBJECT_OBJECT_JOIN	7	3	0.001	57207
MIN_EDGE_CUT	20	1000000000	0	BUSHY	query-SUBJECT_SUBJECT_JOIN-7-3-0.001-0.009.sparql	SUBJECT_SUBJECT_JOIN	7	3	0.001	0
MIN_EDGE_CUT	20	1000000000	0	BUSHY	query-SUBJECT_OBJECT_JOIN-7-3-0.01-0.09.sparql	SUBJECT_OBJECT_JOIN	7	3	0.01	87943
MIN_EDGE_CUT	20	1000000000	0	BUSHY	query-SUBJECT_SUBJECT_JOIN-7-1-0.001-0.009.sparql	SUBJECT_SUBJECT_JOIN	7	1	0.001	0
MIN_EDGE_CUT	20	1000000000	0	BUSHY	query-SUBJECT_SUBJECT_JOIN-7-1-0.01-0.09.sparql	SUBJECT_SUBJECT_JOIN	7	1	0.01	0
MIN_EDGE_CUT	20	1000000000	0	BUSHY	query-SUBJECT_OBJECT_JOIN-7-1-0.001-0.009.sparql	SUBJECT_OBJECT_JOIN	7	1	0.001	20677
MIN_EDGE_CUT	40	1000000000	0	LEFT_LINEAR	query-SUBJECT_OBJECT_JOIN-1-1-0.01-0.09.sparql	SUBJECT_OBJECT_JOIN	1	1	0.01	1923
MIN_EDGE_CUT	40	1000000000	0	LEFT_LINEAR	query-SUBJECT_SUBJECT_JOIN-1-1-0.001-0.009.sparql	SUBJECT_SUBJECT_JOIN	1	1	0.001	0
MIN_EDGE_CUT	40	1000000000	0	LEFT_LINEAR	query-SUBJECT_OBJECT_JOIN-7-1-0.01-0.09.sparql	SUBJECT_OBJECT_JOIN	7	1	0.01	5833
MIN_EDGE_CUT	40	1000000000	0	LEFT_LINEAR	query-SUBJECT_SUBJECT_JOIN-1-1-0.01-0.09.sparql	SUBJECT_SUBJECT_JOIN	1	1	0.01	0
MIN_EDGE_CUT	40	1000000000	0	LEFT_LINEAR	query-SUBJECT_SUBJECT_JOIN-7-3-0.01-0.09.sparql	SUBJECT_SUBJECT_JOIN	7	3	0.01	0
MIN_EDGE_CUT	40	1000000000	0	LEFT_LINEAR	query-SUBJECT_OBJECT_JOIN-1-1-0.001-0.009.sparql	SUBJECT_OBJECT_JOIN	1	1	0.001	37
MIN_EDGE_CUT	40	1000000000	0	LEFT_LINEAR	query-SUBJECT_OBJECT_JOIN-7-3-0.001-0.009.sparql	SUBJECT_OBJECT_JOIN	7	3	0.001	706890
MIN_EDGE_CUT	40	1000000000	0	LEFT_LINEAR	query-SUBJECT_SUBJECT_JOIN-7-3-0.001-0.009.sparql	SUBJECT_SUBJECT_JOIN	7	3	0.001	0
MIN_EDGE_CUT	40	1000000000	0	LEFT_LINEAR	query-SUBJECT_OBJECT_JOIN-7-3-0.01-0.09.sparql	SUBJECT_OBJECT_JOIN	7	3	0.01	33927
MIN_EDGE_CUT	40	1000000000	0	LEFT_LINEAR	query-SUBJECT_SUBJECT_JOIN-7-1-0.001-0.009.sparql	SUBJECT_SUBJECT_JOIN	7	1	0.001	0
MIN_EDGE_CUT	40	1000000000	0	LEFT_LINEAR	query-SUBJECT_SUBJECT_JOIN-7-1-0.01-0.09.sparql	SUBJECT_SUBJECT_JOIN	7	1	0.01	0
MIN_EDGE_CUT	40	1000000000	0	LEFT_LINEAR	query-SUBJECT_OBJECT_JOIN-7-1-0.001-0.009.sparql	SUBJECT_OBJECT_JOIN	7	1	0.001	13780
MIN_EDGE_CUT	40	1000000000	0	RIGHT_LINEAR	query-SUBJECT_OBJECT_JOIN-1-1-0.01-0.09.sparql	SUBJECT_OBJECT_JOIN	1	1	0.01	1923
MIN_EDGE_CUT	40	1000000000	0	RIGHT_LINEAR	query-SUBJECT_SUBJECT_JOIN-1-1-0.001-0.009.sparql	SUBJECT_SUBJECT_JOIN	1	1	0.001	0
MIN_EDGE_CUT	40	1000000000	0	RIGHT_LINEAR	query-SUBJECT_OBJECT_JOIN-7-1-0.01-0.09.sparql	SUBJECT_OBJECT_JOIN	7	1	0.01	9995
MIN_EDGE_CUT	40	1000000000	0	RIGHT_LINEAR	query-SUBJECT_SUBJECT_JOIN-1-1-0.01-0.09.sparql	SUBJECT_SUBJECT_JOIN	1	1	0.01	0
MIN_EDGE_CUT	40	1000000000	0	RIGHT_LINEAR	query-SUBJECT_SUBJECT_JOIN-7-3-0.01-0.09.sparql	SUBJECT_SUBJECT_JOIN	7	3	0.01	0
MIN_EDGE_CUT	40	1000000000	0	RIGHT_LINEAR	query-SUBJECT_OBJECT_JOIN-1-1-0.001-0.009.sparql	SUBJECT_OBJECT_JOIN	1	1	0.001	37
MIN_EDGE_CUT	40	1000000000	0	RIGHT_LINEAR	query-SUBJECT_OBJECT_JOIN-7-3-0.001-0.009.sparql	SUBJECT_OBJECT_JOIN	7	3	0.001	132809
MIN_EDGE_CUT	40	1000000000	0	RIGHT_LINEAR	query-SUBJECT_SUBJECT_JOIN-7-3-0.001-0.009.sparql	SUBJECT_SUBJECT_JOIN	7	3	0.001	1
MIN_EDGE_CUT	40	1000000000	0	RIGHT_LINEAR	query-SUBJECT_OBJECT_JOIN-7-3-0.01-0.09.sparql	SUBJECT_OBJECT_JOIN	7	3	0.01	188161
MIN_EDGE_CUT	40	1000000000	0	RIGHT_LINEAR	query-SUBJECT_SUBJECT_JOIN-7-1-0.001-0.009.sparql	SUBJECT_SUBJECT_JOIN	7	1	0.001	0
MIN_EDGE_CUT	40	1000000000	0	RIGHT_LINEAR	query-SUBJECT_SUBJECT_JOIN-7-1-0.01-0.09.sparql	SUBJECT_SUBJECT_JOIN	7	1	0.01	0
MIN_EDGE_CUT	40	1000000000	0	RIGHT_LINEAR	query-SUBJECT_OBJECT_JOIN-7-1-0.001-0.009.sparql	SUBJECT_OBJECT_JOIN	7	1	0.001	48552
MIN_EDGE_CUT	40	1000000000	0	BUSHY	query-SUBJECT_OBJECT_JOIN-1-1-0.01-0.09.sparql	SUBJECT_OBJECT_JOIN	1	1	0.01	1923
MIN_EDGE_CUT	40	1000000000	0	BUSHY	query-SUBJECT_SUBJECT_JOIN-1-1-0.001-0.009.sparql	SUBJECT_SUBJECT_JOIN	1	1	0.001	0
MIN_EDGE_CUT	40	1000000000	0	BUSHY	query-SUBJECT_OBJECT_JOIN-7-1-0.01-0.09.sparql	SUBJECT_OBJECT_JOIN	7	1	0.01	7849
MIN_EDGE_CUT	40	1000000000	0	BUSHY	query-SUBJECT_SUBJECT_JOIN-1-1-0.01-0.09.sparql	SUBJECT_SUBJECT_JOIN	1	1	0.01	0
MIN_EDGE_CUT	40	1000000000	0	BUSHY	query-SUBJECT_SUBJECT_JOIN-7-3-0.01-0.09.sparql	SUBJECT_SUBJECT_JOIN	7	3	0.01	0
MIN_EDGE_CUT	40	1000000000	0	BUSHY	query-SUBJECT_OBJECT_JOIN-1-1-0.001-0.009.sparql	SUBJECT_OBJECT_JOIN	1	1	0.001	37
MIN_EDGE_CUT	40	1000000000	0	BUSHY	query-SUBJECT_OBJECT_JOIN-7-3-0.001-0.009.sparql	SUBJECT_OBJECT_JOIN	7	3	0.001	121060
MIN_EDGE_CUT	40	1000000000	0	BUSHY	query-SUBJECT_SUBJECT_JOIN-7-3-0.001-0.009.sparql	SUBJECT_SUBJECT_JOIN	7	3	0.001	12
MIN_EDGE_CUT	40	1000000000	0	BUSHY	query-SUBJECT_OBJECT_JOIN-7-3-0.01-0.09.sparql	SUBJECT_OBJECT_JOIN	7	3	0.01	96539
MIN_EDGE_CUT	40	1000000000	0	BUSHY	query-SUBJECT_SUBJECT_JOIN-7-1-0.001-0.009.sparql	SUBJECT_SUBJECT_JOIN	7	1	0.001	0
MIN_EDGE_CUT	40	1000000000	0	BUSHY	query-SUBJECT_SUBJECT_JOIN-7-1-0.01-0.09.sparql	SUBJECT_SUBJECT_JOIN	7	1	0.01	0
MIN_EDGE_CUT	40	1000000000	0	BUSHY	query-SUBJECT_OBJECT_JOIN-7-1-0.001-0.009.sparql	SUBJECT_OBJECT_JOIN	7	1	0.001	27844
MIN_EDGE_CUT	20	500000000	0	LEFT_LINEAR	query-SUBJECT_OBJECT_JOIN-1-1-0.01-0.09.sparql	SUBJECT_OBJECT_JOIN	1	1	0.01	829
MIN_EDGE_CUT	20	500000000	0	LEFT_LINEAR	query-SUBJECT_SUBJECT_JOIN-1-1-0.001-0.009.sparql	SUBJECT_SUBJECT_JOIN	1	1	0.001	0
MIN_EDGE_CUT	20	500000000	0	LEFT_LINEAR	query-SUBJECT_OBJECT_JOIN-7-1-0.01-0.09.sparql	SUBJECT_OBJECT_JOIN	7	1	0.01	2190
MIN_EDGE_CUT	20	500000000	0	LEFT_LINEAR	query-SUBJECT_SUBJECT_JOIN-1-1-0.01-0.09.sparql	SUBJECT_SUBJECT_JOIN	1	1	0.01	0
MIN_EDGE_CUT	20	500000000	0	LEFT_LINEAR	query-SUBJECT_SUBJECT_JOIN-7-3-0.01-0.09.sparql	SUBJECT_SUBJECT_JOIN	7	3	0.01	0
MIN_EDGE_CUT	20	500000000	0	LEFT_LINEAR	query-SUBJECT_OBJECT_JOIN-1-1-0.001-0.009.sparql	SUBJECT_OBJECT_JOIN	1	1	0.001	19
MIN_EDGE_CUT	20	500000000	0	LEFT_LINEAR	query-SUBJECT_OBJECT_JOIN-7-3-0.001-0.009.sparql	SUBJECT_OBJECT_JOIN	7	3	0.001	610950
MIN_EDGE_CUT	20	500000000	0	LEFT_LINEAR	query-SUBJECT_SUBJECT_JOIN-7-3-0.001-0.009.sparql	SUBJECT_SUBJECT_JOIN	7	3	0.001	0
MIN_EDGE_CUT	20	500000000	0	LEFT_LINEAR	query-SUBJECT_OBJECT_JOIN-7-3-0.01-0.09.sparql	SUBJECT_OBJECT_JOIN	7	3	0.01	12489
MIN_EDGE_CUT	20	500000000	0	LEFT_LINEAR	query-SUBJECT_SUBJECT_JOIN-7-1-0.001-0.009.sparql	SUBJECT_SUBJECT_JOIN	7	1	0.001	0
MIN_EDGE_CUT	20	500000000	0	LEFT_LINEAR	query-SUBJECT_SUBJECT_JOIN-7-1-0.01-0.09.sparql	SUBJECT_SUBJECT_JOIN	7	1	0.01	0
MIN_EDGE_CUT	20	500000000	0	LEFT_LINEAR	query-SUBJECT_OBJECT_JOIN-7-1-0.001-0.009.sparql	SUBJECT_OBJECT_JOIN	7	1	0.001	3844
MIN_EDGE_CUT	20	500000000	0	RIGHT_LINEAR	query-SUBJECT_OBJECT_JOIN-1-1-0.01-0.09.sparql	SUBJECT_OBJECT_JOIN	1	1	0.01	829
MIN_EDGE_CUT	20	500000000	0	RIGHT_LINEAR	query-SUBJECT_SUBJECT_JOIN-1-1-0.001-0.009.sparql	SUBJECT_SUBJECT_JOIN	1	1	0.001	0
MIN_EDGE_CUT	20	500000000	0	RIGHT_LINEAR	query-SUBJECT_OBJECT_JOIN-7-1-0.01-0.09.sparql	SUBJECT_OBJECT_JOIN	7	1	0.01	3417
MIN_EDGE_CUT	20	500000000	0	RIGHT_LINEAR	query-SUBJECT_SUBJECT_JOIN-1-1-0.01-0.09.sparql	SUBJECT_SUBJECT_JOIN	1	1	0.01	0
MIN_EDGE_CUT	20	500000000	0	RIGHT_LINEAR	query-SUBJECT_SUBJECT_JOIN-7-3-0.01-0.09.sparql	SUBJECT_SUBJECT_JOIN	7	3	0.01	0
MIN_EDGE_CUT	20	500000000	0	RIGHT_LINEAR	query-SUBJECT_OBJECT_JOIN-1-1-0.001-0.009.sparql	SUBJECT_OBJECT_JOIN	1	1	0.001	19
MIN_EDGE_CUT	20	500000000	0	RIGHT_LINEAR	query-SUBJECT_OBJECT_JOIN-7-3-0.001-0.009.sparql	SUBJECT_OBJECT_JOIN	7	3	0.001	88455
MIN_EDGE_CUT	20	500000000	0	RIGHT_LINEAR	query-SUBJECT_SUBJECT_JOIN-7-3-0.001-0.009.sparql	SUBJECT_SUBJECT_JOIN	7	3	0.001	2
MIN_EDGE_CUT	20	500000000	0	RIGHT_LINEAR	query-SUBJECT_OBJECT_JOIN-7-3-0.01-0.09.sparql	SUBJECT_OBJECT_JOIN	7	3	0.01	86139
MIN_EDGE_CUT	20	500000000	0	RIGHT_LINEAR	query-SUBJECT_SUBJECT_JOIN-7-1-0.001-0.009.sparql	SUBJECT_SUBJECT_JOIN	7	1	0.001	0
MIN_EDGE_CUT	20	500000000	0	RIGHT_LINEAR	query-SUBJECT_SUBJECT_JOIN-7-1-0.01-0.09.sparql	SUBJECT_SUBJECT_JOIN	7	1	0.01	0
MIN_EDGE_CUT	20	500000000	0	RIGHT_LINEAR	query-SUBJECT_OBJECT_JOIN-7-1-0.001-0.009.sparql	SUBJECT_OBJECT_JOIN	7	1	0.001	18186
MIN_EDGE_CUT	20	500000000	0	BUSHY	query-SUBJECT_OBJECT_JOIN-1-1-0.01-0.09.sparql	SUBJECT_OBJECT_JOIN	1	1	0.01	829
MIN_EDGE_CUT	20	500000000	0	BUSHY	query-SUBJECT_SUBJECT_JOIN-1-1-0.001-0.009.sparql	SUBJECT_SUBJECT_JOIN	1	1	0.001	0
MIN_EDGE_CUT	20	500000000	0	BUSHY	query-SUBJECT_OBJECT_JOIN-7-1-0.01-0.09.sparql	SUBJECT_OBJECT_JOIN	7	1	0.01	3195
MIN_EDGE_CUT	20	500000000	0	BUSHY	query-SUBJECT_SUBJECT_JOIN-1-1-0.01-0.09.sparql	SUBJECT_SUBJECT_JOIN	1	1	0.01	0
MIN_EDGE_CUT	20	500000000	0	BUSHY	query-SUBJECT_SUBJECT_JOIN-7-3-0.01-0.09.sparql	SUBJECT_SUBJECT_JOIN	7	3	0.01	0
MIN_EDGE_CUT	20	500000000	0	BUSHY	query-SUBJECT_OBJECT_JOIN-1-1-0.001-0.009.sparql	SUBJECT_OBJECT_JOIN	1	1	0.001	19
MIN_EDGE_CUT	20	500000000	0	BUSHY	query-SUBJECT_OBJECT_JOIN-7-3-0.001-0.009.sparql	SUBJECT_OBJECT_JOIN	7	3	0.001	31220
MIN_EDGE_CUT	20	500000000	0	BUSHY	query-SUBJECT_SUBJECT_JOIN-7-3-0.001-0.009.sparql	SUBJECT_SUBJECT_JOIN	7	3	0.001	0
MIN_EDGE_CUT	20	500000000	0	BUSHY	query-SUBJECT_OBJECT_JOIN-7-3-0.01-0.09.sparql	SUBJECT_OBJECT_JOIN	7	3	0.01	45497
MIN_EDGE_CUT	20	500000000	0	BUSHY	query-SUBJECT_SUBJECT_JOIN-7-1-0.001-0.009.sparql	SUBJECT_SUBJECT_JOIN	7	1	0.001	0
MIN_EDGE_CUT	20	500000000	0	BUSHY	query-SUBJECT_SUBJECT_JOIN-7-1-0.01-0.09.sparql	SUBJECT_SUBJECT_JOIN	7	1	0.01	0
MIN_EDGE_CUT	20	500000000	0	BUSHY	query-SUBJECT_OBJECT_JOIN-7-1-0.001-0.009.sparql	SUBJECT_OBJECT_JOIN	7	1	0.001	10759
MIN_EDGE_CUT	20	2000000000	0	LEFT_LINEAR	query-SUBJECT_OBJECT_JOIN-7-3-0.001-0.009.sparql	SUBJECT_OBJECT_JOIN	7	3	0.001	303920
MIN_EDGE_CUT	20	2000000000	0	LEFT_LINEAR	query-SUBJECT_OBJECT_JOIN-1-1-0.01-0.09.sparql	SUBJECT_OBJECT_JOIN	1	1	0.01	1265
MIN_EDGE_CUT	20	2000000000	0	LEFT_LINEAR	query-SUBJECT_SUBJECT_JOIN-1-1-0.001-0.009.sparql	SUBJECT_SUBJECT_JOIN	1	1	0.001	0
MIN_EDGE_CUT	20	2000000000	0	LEFT_LINEAR	query-SUBJECT_OBJECT_JOIN-7-1-0.01-0.09.sparql	SUBJECT_OBJECT_JOIN	7	1	0.01	9480
MIN_EDGE_CUT	20	2000000000	0	LEFT_LINEAR	query-SUBJECT_SUBJECT_JOIN-1-1-0.01-0.09.sparql	SUBJECT_SUBJECT_JOIN	1	1	0.01	0
MIN_EDGE_CUT	20	2000000000	0	LEFT_LINEAR	query-SUBJECT_SUBJECT_JOIN-7-3-0.01-0.09.sparql	SUBJECT_SUBJECT_JOIN	7	3	0.01	0
MIN_EDGE_CUT	20	2000000000	0	LEFT_LINEAR	query-SUBJECT_OBJECT_JOIN-1-1-0.001-0.009.sparql	SUBJECT_OBJECT_JOIN	1	1	0.001	43
MIN_EDGE_CUT	20	2000000000	0	LEFT_LINEAR	query-SUBJECT_SUBJECT_JOIN-7-3-0.001-0.009.sparql	SUBJECT_SUBJECT_JOIN	7	3	0.001	7
MIN_EDGE_CUT	20	2000000000	0	LEFT_LINEAR	query-SUBJECT_OBJECT_JOIN-7-3-0.01-0.09.sparql	SUBJECT_OBJECT_JOIN	7	3	0.01	51370
MIN_EDGE_CUT	20	2000000000	0	LEFT_LINEAR	query-SUBJECT_SUBJECT_JOIN-7-1-0.001-0.009.sparql	SUBJECT_SUBJECT_JOIN	7	1	0.001	0
MIN_EDGE_CUT	20	2000000000	0	LEFT_LINEAR	query-SUBJECT_SUBJECT_JOIN-7-1-0.01-0.09.sparql	SUBJECT_SUBJECT_JOIN	7	1	0.01	0
MIN_EDGE_CUT	20	2000000000	0	LEFT_LINEAR	query-SUBJECT_OBJECT_JOIN-7-1-0.001-0.009.sparql	SUBJECT_OBJECT_JOIN	7	1	0.001	20688
MIN_EDGE_CUT	20	2000000000	0	RIGHT_LINEAR	query-SUBJECT_OBJECT_JOIN-1-1-0.01-0.09.sparql	SUBJECT_OBJECT_JOIN	1	1	0.01	1265
MIN_EDGE_CUT	20	2000000000	0	RIGHT_LINEAR	query-SUBJECT_SUBJECT_JOIN-1-1-0.001-0.009.sparql	SUBJECT_SUBJECT_JOIN	1	1	0.001	0
MIN_EDGE_CUT	20	2000000000	0	RIGHT_LINEAR	query-SUBJECT_OBJECT_JOIN-7-1-0.01-0.09.sparql	SUBJECT_OBJECT_JOIN	7	1	0.01	21079
MIN_EDGE_CUT	20	2000000000	0	RIGHT_LINEAR	query-SUBJECT_SUBJECT_JOIN-1-1-0.01-0.09.sparql	SUBJECT_SUBJECT_JOIN	1	1	0.01	0
MIN_EDGE_CUT	20	2000000000	0	RIGHT_LINEAR	query-SUBJECT_SUBJECT_JOIN-7-3-0.01-0.09.sparql	SUBJECT_SUBJECT_JOIN	7	3	0.01	0
MIN_EDGE_CUT	20	2000000000	0	RIGHT_LINEAR	query-SUBJECT_OBJECT_JOIN-1-1-0.001-0.009.sparql	SUBJECT_OBJECT_JOIN	1	1	0.001	43
MIN_EDGE_CUT	20	2000000000	0	RIGHT_LINEAR	query-SUBJECT_OBJECT_JOIN-7-3-0.001-0.009.sparql	SUBJECT_OBJECT_JOIN	7	3	0.001	141216
MIN_EDGE_CUT	20	2000000000	0	RIGHT_LINEAR	query-SUBJECT_SUBJECT_JOIN-7-3-0.001-0.009.sparql	SUBJECT_SUBJECT_JOIN	7	3	0.001	18
MIN_EDGE_CUT	20	2000000000	0	RIGHT_LINEAR	query-SUBJECT_OBJECT_JOIN-7-3-0.01-0.09.sparql	SUBJECT_OBJECT_JOIN	7	3	0.01	297890
MIN_EDGE_CUT	20	2000000000	0	RIGHT_LINEAR	query-SUBJECT_SUBJECT_JOIN-7-1-0.001-0.009.sparql	SUBJECT_SUBJECT_JOIN	7	1	0.001	0
MIN_EDGE_CUT	20	2000000000	0	RIGHT_LINEAR	query-SUBJECT_SUBJECT_JOIN-7-1-0.01-0.09.sparql	SUBJECT_SUBJECT_JOIN	7	1	0.01	0
MIN_EDGE_CUT	20	2000000000	0	RIGHT_LINEAR	query-SUBJECT_OBJECT_JOIN-7-1-0.001-0.009.sparql	SUBJECT_OBJECT_JOIN	7	1	0.001	120019
MIN_EDGE_CUT	20	2000000000	0	BUSHY	query-SUBJECT_OBJECT_JOIN-1-1-0.01-0.09.sparql	SUBJECT_OBJECT_JOIN	1	1	0.01	1265
MIN_EDGE_CUT	20	2000000000	0	BUSHY	query-SUBJECT_SUBJECT_JOIN-1-1-0.001-0.009.sparql	SUBJECT_SUBJECT_JOIN	1	1	0.001	0
MIN_EDGE_CUT	20	2000000000	0	BUSHY	query-SUBJECT_OBJECT_JOIN-7-1-0.01-0.09.sparql	SUBJECT_OBJECT_JOIN	7	1	0.01	6091
MIN_EDGE_CUT	20	2000000000	0	BUSHY	query-SUBJECT_SUBJECT_JOIN-1-1-0.01-0.09.sparql	SUBJECT_SUBJECT_JOIN	1	1	0.01	0
MIN_EDGE_CUT	20	2000000000	0	BUSHY	query-SUBJECT_SUBJECT_JOIN-7-3-0.01-0.09.sparql	SUBJECT_SUBJECT_JOIN	7	3	0.01	0
MIN_EDGE_CUT	20	2000000000	0	BUSHY	query-SUBJECT_OBJECT_JOIN-1-1-0.001-0.009.sparql	SUBJECT_OBJECT_JOIN	1	1	0.001	43
MIN_EDGE_CUT	20	2000000000	0	BUSHY	query-SUBJECT_OBJECT_JOIN-7-3-0.001-0.009.sparql	SUBJECT_OBJECT_JOIN	7	3	0.001	69040
MIN_EDGE_CUT	20	2000000000	0	BUSHY	query-SUBJECT_SUBJECT_JOIN-7-3-0.001-0.009.sparql	SUBJECT_SUBJECT_JOIN	7	3	0.001	0
MIN_EDGE_CUT	20	2000000000	0	BUSHY	query-SUBJECT_OBJECT_JOIN-7-3-0.01-0.09.sparql	SUBJECT_OBJECT_JOIN	7	3	0.01	159418
MIN_EDGE_CUT	20	2000000000	0	BUSHY	query-SUBJECT_SUBJECT_JOIN-7-1-0.001-0.009.sparql	SUBJECT_SUBJECT_JOIN	7	1	0.001	0
MIN_EDGE_CUT	20	2000000000	0	BUSHY	query-SUBJECT_SUBJECT_JOIN-7-1-0.01-0.09.sparql	SUBJECT_SUBJECT_JOIN	7	1	0.01	0
MIN_EDGE_CUT	20	2000000000	0	BUSHY	query-SUBJECT_OBJECT_JOIN-7-1-0.001-0.009.sparql	SUBJECT_OBJECT_JOIN	7	1	0.001	59791
VERTICAL	10	1000000000	0	LEFT_LINEAR	query-SUBJECT_OBJECT_JOIN-7-1-0.01-0.09.sparql	SUBJECT_OBJECT_JOIN	7	1	0.01	143426
VERTICAL	10	1000000000	0	LEFT_LINEAR	query-SUBJECT_OBJECT_JOIN-7-3-0.01-0.09.sparql	SUBJECT_OBJECT_JOIN	7	3	0.01	112266
VERTICAL	10	1000000000	0	LEFT_LINEAR	query-SUBJECT_OBJECT_JOIN-1-1-0.01-0.09.sparql	SUBJECT_OBJECT_JOIN	1	1	0.01	142084
VERTICAL	10	1000000000	0	LEFT_LINEAR	query-SUBJECT_SUBJECT_JOIN-1-1-0.001-0.009.sparql	SUBJECT_SUBJECT_JOIN	1	1	0.001	3696
VERTICAL	10	1000000000	0	LEFT_LINEAR	query-SUBJECT_SUBJECT_JOIN-1-1-0.01-0.09.sparql	SUBJECT_SUBJECT_JOIN	1	1	0.01	418
VERTICAL	10	1000000000	0	LEFT_LINEAR	query-SUBJECT_SUBJECT_JOIN-7-3-0.01-0.09.sparql	SUBJECT_SUBJECT_JOIN	7	3	0.01	202531
VERTICAL	10	1000000000	0	LEFT_LINEAR	query-SUBJECT_OBJECT_JOIN-1-1-0.001-0.009.sparql	SUBJECT_OBJECT_JOIN	1	1	0.001	7129
VERTICAL	10	1000000000	0	LEFT_LINEAR	query-SUBJECT_OBJECT_JOIN-7-3-0.001-0.009.sparql	SUBJECT_OBJECT_JOIN	7	3	0.001	128165
VERTICAL	10	1000000000	0	LEFT_LINEAR	query-SUBJECT_SUBJECT_JOIN-7-3-0.001-0.009.sparql	SUBJECT_SUBJECT_JOIN	7	3	0.001	41727
VERTICAL	10	1000000000	0	LEFT_LINEAR	query-SUBJECT_SUBJECT_JOIN-7-1-0.001-0.009.sparql	SUBJECT_SUBJECT_JOIN	7	1	0.001	30440
VERTICAL	10	1000000000	0	LEFT_LINEAR	query-SUBJECT_SUBJECT_JOIN-7-1-0.01-0.09.sparql	SUBJECT_SUBJECT_JOIN	7	1	0.01	66997
VERTICAL	10	1000000000	0	LEFT_LINEAR	query-SUBJECT_OBJECT_JOIN-7-1-0.001-0.009.sparql	SUBJECT_OBJECT_JOIN	7	1	0.001	41666
VERTICAL	10	1000000000	0	RIGHT_LINEAR	query-SUBJECT_OBJECT_JOIN-1-1-0.01-0.09.sparql	SUBJECT_OBJECT_JOIN	1	1	0.01	142084
VERTICAL	10	1000000000	0	RIGHT_LINEAR	query-SUBJECT_SUBJECT_JOIN-1-1-0.001-0.009.sparql	SUBJECT_SUBJECT_JOIN	1	1	0.001	3740
VERTICAL	10	1000000000	0	RIGHT_LINEAR	query-SUBJECT_OBJECT_JOIN-7-1-0.01-0.09.sparql	SUBJECT_OBJECT_JOIN	7	1	0.01	144300
VERTICAL	10	1000000000	0	RIGHT_LINEAR	query-SUBJECT_SUBJECT_JOIN-1-1-0.01-0.09.sparql	SUBJECT_SUBJECT_JOIN	1	1	0.01	419
VERTICAL	10	1000000000	0	RIGHT_LINEAR	query-SUBJECT_SUBJECT_JOIN-7-3-0.01-0.09.sparql	SUBJECT_SUBJECT_JOIN	7	3	0.01	202503
VERTICAL	10	1000000000	0	RIGHT_LINEAR	query-SUBJECT_OBJECT_JOIN-1-1-0.001-0.009.sparql	SUBJECT_OBJECT_JOIN	1	1	0.001	7129
VERTICAL	10	1000000000	0	RIGHT_LINEAR	query-SUBJECT_OBJECT_JOIN-7-3-0.001-0.009.sparql	SUBJECT_OBJECT_JOIN	7	3	0.001	127079
VERTICAL	10	1000000000	0	RIGHT_LINEAR	query-SUBJECT_SUBJECT_JOIN-7-3-0.001-0.009.sparql	SUBJECT_SUBJECT_JOIN	7	3	0.001	41743
VERTICAL	10	1000000000	0	RIGHT_LINEAR	query-SUBJECT_OBJECT_JOIN-7-3-0.01-0.09.sparql	SUBJECT_OBJECT_JOIN	7	3	0.01	137915
VERTICAL	10	1000000000	0	RIGHT_LINEAR	query-SUBJECT_SUBJECT_JOIN-7-1-0.001-0.009.sparql	SUBJECT_SUBJECT_JOIN	7	1	0.001	30442
VERTICAL	10	1000000000	0	RIGHT_LINEAR	query-SUBJECT_SUBJECT_JOIN-7-1-0.01-0.09.sparql	SUBJECT_SUBJECT_JOIN	7	1	0.01	66991
VERTICAL	10	1000000000	0	RIGHT_LINEAR	query-SUBJECT_OBJECT_JOIN-7-1-0.001-0.009.sparql	SUBJECT_OBJECT_JOIN	7	1	0.001	55163
VERTICAL	10	1000000000	0	BUSHY	query-SUBJECT_OBJECT_JOIN-7-3-0.01-0.09.sparql	SUBJECT_OBJECT_JOIN	7	3	0.01	132794
VERTICAL	10	1000000000	0	BUSHY	query-SUBJECT_OBJECT_JOIN-1-1-0.01-0.09.sparql	SUBJECT_OBJECT_JOIN	1	1	0.01	142084
VERTICAL	10	1000000000	0	BUSHY	query-SUBJECT_SUBJECT_JOIN-1-1-0.001-0.009.sparql	SUBJECT_SUBJECT_JOIN	1	1	0.001	4090
VERTICAL	10	1000000000	0	BUSHY	query-SUBJECT_OBJECT_JOIN-7-1-0.01-0.09.sparql	SUBJECT_OBJECT_JOIN	7	1	0.01	143851
VERTICAL	10	1000000000	0	BUSHY	query-SUBJECT_SUBJECT_JOIN-1-1-0.01-0.09.sparql	SUBJECT_SUBJECT_JOIN	1	1	0.01	419
VERTICAL	10	1000000000	0	BUSHY	query-SUBJECT_SUBJECT_JOIN-7-3-0.01-0.09.sparql	SUBJECT_SUBJECT_JOIN	7	3	0.01	202539
VERTICAL	10	1000000000	0	BUSHY	query-SUBJECT_OBJECT_JOIN-1-1-0.001-0.009.sparql	SUBJECT_OBJECT_JOIN	1	1	0.001	7129
VERTICAL	10	1000000000	0	BUSHY	query-SUBJECT_OBJECT_JOIN-7-3-0.001-0.009.sparql	SUBJECT_OBJECT_JOIN	7	3	0.001	114284
VERTICAL	10	1000000000	0	BUSHY	query-SUBJECT_SUBJECT_JOIN-7-3-0.001-0.009.sparql	SUBJECT_SUBJECT_JOIN	7	3	0.001	41754
VERTICAL	10	1000000000	0	BUSHY	query-SUBJECT_SUBJECT_JOIN-7-1-0.001-0.009.sparql	SUBJECT_SUBJECT_JOIN	7	1	0.001	30434
VERTICAL	10	1000000000	0	BUSHY	query-SUBJECT_SUBJECT_JOIN-7-1-0.01-0.09.sparql	SUBJECT_SUBJECT_JOIN	7	1	0.01	67009
VERTICAL	10	1000000000	0	BUSHY	query-SUBJECT_OBJECT_JOIN-7-1-0.001-0.009.sparql	SUBJECT_OBJECT_JOIN	7	1	0.001	38648
HASH	1	1000000000	0	BUSHY	query-SUBJECT_OBJECT_JOIN-1-1-0.01-0.09.sparql	SUBJECT_OBJECT_JOIN	1	1	0.01	0
HASH	1	1000000000	0	BUSHY	query-SUBJECT_SUBJECT_JOIN-1-1-0.001-0.009.sparql	SUBJECT_SUBJECT_JOIN	1	1	0.001	0
HASH	1	1000000000	0	BUSHY	query-SUBJECT_OBJECT_JOIN-7-1-0.01-0.09.sparql	SUBJECT_OBJECT_JOIN	7	1	0.01	0
HASH	1	1000000000	0	BUSHY	query-SUBJECT_SUBJECT_JOIN-1-1-0.01-0.09.sparql	SUBJECT_SUBJECT_JOIN	1	1	0.01	0
HASH	1	1000000000	0	BUSHY	query-SUBJECT_SUBJECT_JOIN-7-3-0.01-0.09.sparql	SUBJECT_SUBJECT_JOIN	7	3	0.01	0
HASH	1	1000000000	0	BUSHY	query-SUBJECT_OBJECT_JOIN-1-1-0.001-0.009.sparql	SUBJECT_OBJECT_JOIN	1	1	0.001	0
HASH	1	1000000000	0	BUSHY	query-SUBJECT_OBJECT_JOIN-7-3-0.001-0.009.sparql	SUBJECT_OBJECT_JOIN	7	3	0.001	0
HASH	1	1000000000	0	BUSHY	query-SUBJECT_SUBJECT_JOIN-7-3-0.001-0.009.sparql	SUBJECT_SUBJECT_JOIN	7	3	0.001	0
HASH	1	1000000000	0	BUSHY	query-SUBJECT_OBJECT_JOIN-7-3-0.01-0.09.sparql	SUBJECT_OBJECT_JOIN	7	3	0.01	0
HASH	1	1000000000	0	BUSHY	query-SUBJECT_SUBJECT_JOIN-7-1-0.001-0.009.sparql	SUBJECT_SUBJECT_JOIN	7	1	0.001	0
HASH	1	1000000000	0	BUSHY	query-SUBJECT_SUBJECT_JOIN-7-1-0.01-0.09.sparql	SUBJECT_SUBJECT_JOIN	7	1	0.01	0
HASH	1	1000000000	0	BUSHY	query-SUBJECT_OBJECT_JOIN-7-1-0.001-0.009.sparql	SUBJECT_OBJECT_JOIN	7	1	0.001	0
HASH	10	1000000000	2	BUSHY	query-SUBJECT_OBJECT_JOIN-1-1-0.01-0.09.sparql	SUBJECT_OBJECT_JOIN	1	1	0.01	90
HASH	10	1000000000	2	BUSHY	query-SUBJECT_SUBJECT_JOIN-1-1-0.001-0.009.sparql	SUBJECT_SUBJECT_JOIN	1	1	0.001	0
HASH	10	1000000000	2	BUSHY	query-SUBJECT_OBJECT_JOIN-7-1-0.01-0.09.sparql	SUBJECT_OBJECT_JOIN	7	1	0.01	285
HASH	10	1000000000	2	BUSHY	query-SUBJECT_SUBJECT_JOIN-1-1-0.01-0.09.sparql	SUBJECT_SUBJECT_JOIN	1	1	0.01	0
HASH	10	1000000000	2	BUSHY	query-SUBJECT_SUBJECT_JOIN-7-3-0.01-0.09.sparql	SUBJECT_SUBJECT_JOIN	7	3	0.01	0
HASH	10	1000000000	2	BUSHY	query-SUBJECT_OBJECT_JOIN-1-1-0.001-0.009.sparql	SUBJECT_OBJECT_JOIN	1	1	0.001	0
HASH	10	1000000000	2	BUSHY	query-SUBJECT_OBJECT_JOIN-7-3-0.001-0.009.sparql	SUBJECT_OBJECT_JOIN	7	3	0.001	2147
HASH	10	1000000000	2	BUSHY	query-SUBJECT_SUBJECT_JOIN-7-3-0.001-0.009.sparql	SUBJECT_SUBJECT_JOIN	7	3	0.001	0
HASH	10	1000000000	2	BUSHY	query-SUBJECT_OBJECT_JOIN-7-3-0.01-0.09.sparql	SUBJECT_OBJECT_JOIN	7	3	0.01	789
HASH	10	1000000000	2	BUSHY	query-SUBJECT_SUBJECT_JOIN-7-1-0.001-0.009.sparql	SUBJECT_SUBJECT_JOIN	7	1	0.001	0
HASH	10	1000000000	2	BUSHY	query-SUBJECT_SUBJECT_JOIN-7-1-0.01-0.09.sparql	SUBJECT_SUBJECT_JOIN	7	1	0.01	0
HASH	10	1000000000	2	BUSHY	query-SUBJECT_OBJECT_JOIN-7-1-0.001-0.009.sparql	SUBJECT_OBJECT_JOIN	7	1	0.001	497