cover	numberOfChunks	numberOfTriples	nhop	treeType	queryFile	joinPattern	numberOfJoins	numberOfDataSources	selectivity	dataTransfer
HASH	10	1000000000	0	LEFT_LINEAR	query-SUBJECT_OBJECT_JOIN-1-1-0.01-0.09.sparql	SUBJECT_OBJECT_JOIN	1	1	0.01	228592
HASH	10	1000000000	0	LEFT_LINEAR	query-SUBJECT_SUBJECT_JOIN-1-1-0.001-0.009.sparql	SUBJECT_SUBJECT_JOIN	1	1	0.001	0
HASH	10	1000000000	0	LEFT_LINEAR	query-SUBJECT_OBJECT_JOIN-7-1-0.01-0.09.sparql	SUBJECT_OBJECT_JOIN	7	1	0.01	374749
HASH	10	1000000000	0	LEFT_LINEAR	query-SUBJECT_SUBJECT_JOIN-1-1-0.01-0.09.sparql	SUBJECT_SUBJECT_JOIN	1	1	0.01	0
HASH	10	1000000000	0	LEFT_LINEAR	query-SUBJECT_SUBJECT_JOIN-7-3-0.01-0.09.sparql	SUBJECT_SUBJECT_JOIN	7	3	0.01	0
HASH	10	1000000000	0	LEFT_LINEAR	query-SUBJECT_OBJECT_JOIN-1-1-0.001-0.009.sparql	SUBJECT_OBJECT_JOIN	1	1	0.001	2402
HASH	10	1000000000	0	LEFT_LINEAR	query-SUBJECT_OBJECT_JOIN-7-3-0.001-0.009.sparql	SUBJECT_OBJECT_JOIN	7	3	0.001	191366346
HASH	10	1000000000	0	LEFT_LINEAR	query-SUBJECT_SUBJECT_JOIN-7-3-0.001-0.009.sparql	SUBJECT_SUBJECT_JOIN	7	3	0.001	0
HASH	10	1000000000	0	LEFT_LINEAR	query-SUBJECT_OBJECT_JOIN-7-3-0.01-0.09.sparql	SUBJECT_OBJECT_JOIN	7	3	0.01	16729743
HASH	10	1000000000	0	LEFT_LINEAR	query-SUBJECT_SUBJECT_JOIN-7-1-0.001-0.009.sparql	SUBJECT_SUBJECT_JOIN	7	1	0.001	0
HASH	10	1000000000	0	LEFT_LINEAR	query-SUBJECT_SUBJECT_JOIN-7-1-0.01-0.09.sparql	SUBJECT_SUBJECT_JOIN	7	1	0.01	0
HASH	10	1000000000	0	LEFT_LINEAR	query-SUBJECT_OBJECT_JOIN-7-1-0.001-0.009.sparql	SUBJECT_OBJECT_JOIN	7	1	0.001	2561630
HASH	10	1000000000	0	RIGHT_LINEAR	query-SUBJECT_OBJECT_JOIN-1-1-0.01-0.09.sparql	SUBJECT_OBJECT_JOIN	1	1	0.01	228592
HASH	10	1000000000	0	RIGHT_LINEAR	query-SUBJECT_SUBJECT_JOIN-1-1-0.001-0.009.sparql	SUBJECT_SUBJECT_JOIN	1	1	0.001	0
HASH	10	1000000000	0	RIGHT_LINEAR	query-SUBJECT_OBJECT_JOIN-7-1-0.01-0.09.sparql	SUBJECT_OBJECT_JOIN	7	1	0.01	1228955
HASH	10	1000000000	0	RIGHT_LINEAR	query-SUBJECT_SUBJECT_JOIN-1-1-0.01-0.09.sparql	SUBJECT_SUBJECT_JOIN	1	1	0.01	0
HASH	10	1000000000	0	RIGHT_LINEAR	query-SUBJECT_SUBJECT_JOIN-7-3-0.01-0.09.sparql	SUBJECT_SUBJECT_JOIN	7	3	0.01	0
HASH	10	1000000000	0	RIGHT_LINEAR	query-SUBJECT_OBJECT_JOIN-1-1-0.001-0.009.sparql	SUBJECT_OBJECT_JOIN	1	1	0.001	2402
HASH	10	1000000000	0	RIGHT_LINEAR	query-SUBJECT_OBJECT_JOIN-7-3-0.001-0.009.sparql	SUBJECT_OBJECT_JOIN	7	3	0.001	14455043
HASH	10	1000000000	0	RIGHT_LINEAR	query-SUBJECT_SUBJECT_JOIN-7-3-0.001-0.009.sparql	SUBJECT_SUBJECT_JOIN	7	3	0.001	0
HASH	10	1000000000	0	RIGHT_LINEAR	query-SUBJECT_OBJECT_JOIN-7-3-0.01-0.09.sparql	SUBJECT_OBJECT_JOIN	7	3	0.01	87649557
HASH	10	1000000000	0	RIGHT_LINEAR	query-SUBJECT_SUBJECT_JOIN-7-1-0.001-0.009.sparql	SUBJECT_SUBJECT_JOIN	7	1	0.001	0
HASH	10	1000000000	0	RIGHT_LINEAR	query-SUBJECT_SUBJECT_JOIN-7-1-0.01-0.09.sparql	SUBJECT_SUBJECT_JOIN	7	1	0.01	0
HASH	10	1000000000	0	RIGHT_LINEAR	query-SUBJECT_OBJECT_JOIN-7-1-0.001-0.009.sparql	SUBJECT_OBJECT_JOIN	7	1	0.001	13585726
HASH	10	1000000000	0	BUSHY	query-SUBJECT_OBJECT_JOIN-1-1-0.01-0.09.sparql	SUBJECT_OBJECT_JOIN	1	1	0.01	228592
HASH	10	1000000000	0	BUSHY	query-SUBJECT_SUBJECT_JOIN-1-1-0.001-0.009.sparql	SUBJECT_SUBJECT_JOIN	1	1	0.001	0
HASH	10	1000000000	0	BUSHY	query-SUBJECT_OBJECT_JOIN-7-1-0.01-0.09.sparql	SUBJECT_OBJECT_JOIN	7	1	0.01	575508
HASH	10	1000000000	0	BUSHY	query-SUBJECT_SUBJECT_JOIN-1-1-0.01-0.09.sparql	SUBJECT_SUBJECT_JOIN	1	1	0.01	0
HASH	10	1000000000	0	BUSHY	query-SUBJECT_SUBJECT_JOIN-7-3-0.01-0.09.sparql	SUBJECT_SUBJECT_JOIN	7	3	0.01	0
HASH	10	1000000000	0	BUSHY	query-SUBJECT_OBJECT_JOIN-1-1-0.001-0.009.sparql	SUBJECT_OBJECT_JOIN	1	1	0.001	2402
HASH	10	1000000000	0	BUSHY	query-SUBJECT_OBJECT_JOIN-7-3-0.001-0.009.sparql	SUBJECT_OBJECT_JOIN	7	3	0.001	26429307
HASH	10	1000000000	0	BUSHY	query-SUBJECT_SUBJECT_JOIN-7-3-0.001-0.009.sparql	SUBJECT_SUBJECT_JOIN	7	3	0.001	0
HASH	10	1000000000	0	BUSHY	query-SUBJECT_OBJECT_JOIN-7-3-0.01-0.09.sparql	SUBJECT_OBJECT_JOIN	7	3	0.01	26307931
HASH	10	1000000000	0	BUSHY	query-SUBJECT_SUBJECT_JOIN-7-1-0.001-0.009.sparql	SUBJECT_SUBJECT_JOIN	7	1	0.001	0
HASH	10	1000000000	0	BUSHY	query-SUBJECT_SUBJECT_JOIN-7-1-0.01-0.09.sparql	SUBJECT_SUBJECT_JOIN	7	1	0.01	0
HASH	10	1000000000	0	BUSHY	query-SUBJECT_OBJECT_JOIN-7-1-0.001-0.009.sparql	SUBJECT_OBJECT_JOIN	7	1	0.001	6555411
HASH	20	1000000000	0	LEFT_LINEAR	query-SUBJECT_OBJECT_JOIN-1-1-0.01-0.09.sparql	SUBJECT_OBJECT_JOIN	1	1	0.01	241220
HASH	20	1000000000	0	LEFT_LINEAR	query-SUBJECT_SUBJECT_JOIN-1-1-0.001-0.009.sparql	SUBJECT_SUBJECT_JOIN	1	1	0.001	0
HASH	20	1000000000	0	LEFT_LINEAR	query-SUBJECT_OBJECT_JOIN-7-1-0.01-0.09.sparql	SUBJECT_OBJECT_JOIN	7	1	0.01	394454
HASH	20	1000000000	0	LEFT_LINEAR	query-SUBJECT_SUBJECT_JOIN-1-1-0.01-0.09.sparql	SUBJECT_SUBJECT_JOIN	1	1	0.01	0
HASH	20	1000000000	0	LEFT_LINEAR	query-SUBJECT_SUBJECT_JOIN-7-3-0.01-0.09.sparql	SUBJECT_SUBJECT_JOIN	7	3	0.01	0
HASH	20	1000000000	0	LEFT_LINEAR	query-SUBJECT_OBJECT_JOIN-1-1-0.001-0.009.sparql	SUBJECT_OBJECT_JOIN	1	1	0.001	2532
HASH	20	1000000000	0	LEFT_LINEAR	query-SUBJECT_OBJECT_JOIN-7-3-0.001-0.009.sparql	SUBJECT_OBJECT_JOIN	7	3	0.001	397935852
HASH	20	1000000000	0	LEFT_LINEAR	query-SUBJECT_SUBJECT_JOIN-7-3-0.001-0.009.sparql	SUBJECT_SUBJECT_JOIN	7	3	0.001	0
HASH	20	1000000000	0	LEFT_LINEAR	query-SUBJECT_OBJECT_JOIN-7-3-0.01-0.09.sparql	SUBJECT_OBJECT_JOIN	7	3	0.01	17677355
HASH	20	1000000000	0	LEFT_LINEAR	query-SUBJECT_SUBJECT_JOIN-7-1-0.001-0.009.sparql	SUBJECT_SUBJECT_JOIN	7	1	0.001	0
HASH	20	1000000000	0	LEFT_LINEAR	query-SUBJECT_SUBJECT_JOIN-7-1-0.01-0.09.sparql	SUBJECT_SUBJECT_JOIN	7	1	0.01	0
HASH	20	1000000000	0	LEFT_LINEAR	query-SUBJECT_OBJECT_JOIN-7-1-0.001-0.009.sparql	SUBJECT_OBJECT_JOIN	7	1	0.001	2705327
HASH	20	1000000000	0	RIGHT_LINEAR	query-SUBJECT_OBJECT_JOIN-1-1-0.01-0.09.sparql	SUBJECT_OBJECT_JOIN	1	1	0.01	241220
HASH	20	1000000000	0	RIGHT_LINEAR	query-SUBJECT_SUBJECT_JOIN-1-1-0.001-0.009.sparql	SUBJECT_SUBJECT_JOIN	1	1	0.001	0
HASH	20	1000000000	0	RIGHT_LINEAR	query-SUBJECT_OBJECT_JOIN-7-1-0.01-0.09.sparql	SUBJECT_OBJECT_JOIN	7	1	0.01	1291733
HASH	20	1000000000	0	RIGHT_LINEAR	query-SUBJECT_SUBJECT_JOIN-1-1-0.01-0.09.sparql	SUBJECT_SUBJECT_JOIN	1	1	0.01	0
HASH	20	1000000000	0	RIGHT_LINEAR	query-SUBJECT_SUBJECT_JOIN-7-3-0.01-0.09.sparql	SUBJECT_SUBJECT_JOIN	7	3	0.01	0
HASH	20	1000000000	0	RIGHT_LINEAR	query-SUBJECT_OBJECT_JOIN-1-1-0.001-0.009.sparql	SUBJECT_OBJECT_JOIN	1	1	0.001	2532
HASH	20	1000000000	0	RIGHT_LINEAR	query-SUBJECT_OBJECT_JOIN-7-3-0.001-0.009.sparql	SUBJECT_OBJECT_JOIN	7	3	0.001	53663625
HASH	20	1000000000	0	RIGHT_LINEAR	query-SUBJECT_SUBJECT_JOIN-7-3-0.001-0.009.sparql	SUBJECT_SUBJECT_JOIN	7	3	0.001	0
HASH	20	1000000000	0	RIGHT_LINEAR	query-SUBJECT_OBJECT_JOIN-7-3-0.01-0.09.sparql	SUBJECT_OBJECT_JOIN	7	3	0.01	94338451
HASH	20	1000000000	0	RIGHT_LINEAR	query-SUBJECT_SUBJECT_JOIN-7-1-0.001-0.009.sparql	SUBJECT_SUBJECT_JOIN	7	1	0.001	0
HASH	20	1000000000	0	RIGHT_LINEAR	query-SUBJECT_SUBJECT_JOIN-7-1-0.01-0.09.sparql	SUBJECT_SUBJECT_JOIN	7	1	0.01	0
HASH	20	1000000000	0	RIGHT_LINEAR	query-SUBJECT_OBJECT_JOIN-7-1-0.001-0.009.sparql	SUBJECT_OBJECT_JOIN	7	1	0.001	14344437
HASH	20	1000000000	0	BUSHY	query-SUBJECT_OBJECT_JOIN-1-1-0.01-0.09.sparql	SUBJECT_OBJECT_JOIN	1	1	0.01	241220
HASH	20	1000000000	0	BUSHY	query-SUBJECT_SUBJECT_JOIN-1-1-0.001-0.009.sparql	SUBJECT_SUBJECT_JOIN	1	1	0.001	0
HASH	20	1000000000	0	BUSHY	query-SUBJECT_OBJECT_JOIN-7-1-0.01-0.09.sparql	SUBJECT_OBJECT_JOIN	7	1	0.01	607504
HASH	20	1000000000	0	BUSHY	query-SUBJECT_SUBJECT_JOIN-1-1-0.01-0.09.sparql	SUBJECT_SUBJECT_JOIN	1	1	0.01	0
HASH	20	1000000000	0	BUSHY	query-SUBJECT_SUBJECT_JOIN-7-3-0.01-0.09.sparql	SUBJECT_SUBJECT_JOIN	7	3	0.01	0
HASH	20	1000000000	0	BUSHY	query-SUBJECT_OBJECT_JOIN-1-1-0.001-0.009.sparql	SUBJECT_OBJECT_JOIN	1	1	0.001	2532
HASH	20	1000000000	0	BUSHY	query-SUBJECT_OBJECT_JOIN-7-3-0.001-0.009.sparql	SUBJECT_OBJECT_JOIN	7	3	0.001	45965157
HASH	20	1000000000	0	BUSHY	query-SUBJECT_SUBJECT_JOIN-7-3-0.001-0.009.sparql	SUBJECT_SUBJECT_JOIN	7	3	0.001	0
HASH	20	1000000000	0	BUSHY	query-SUBJECT_OBJECT_JOIN-7-3-0.01-0.09.sparql	SUBJECT_OBJECT_JOIN	7	3	0.01	27558793
HASH	20	1000000000	0	BUSHY	query-SUBJECT_SUBJECT_JOIN-7-1-0.001-0.009.sparql	SUBJECT_SUBJECT_JOIN	7	1	0.001	0
HASH	20	1000000000	0	BUSHY	query-SUBJECT_SUBJECT_JOIN-7-1-0.01-0.09.sparql	SUBJECT_SUBJECT_JOIN	7	1	0.01	0
HASH	20	1000000000	0	BUSHY	query-SUBJECT_OBJECT_JOIN-7-1-0.001-0.009.sparql	SUBJECT_OBJECT_JOIN	7	1	0.001	6926294
HASH	40	1000000000	0	LEFT_LINEAR	query-SUBJECT_OBJECT_JOIN-1-1-0.01-0.09.sparql	SUBJECT_OBJECT_JOIN	1	1	0.01	247510
HASH	40	1000000000	0	LEFT_LINEAR	query-SUBJECT_SUBJECT_JOIN-1-1-0.001-0.009.sparql	SUBJECT_SUBJECT_JOIN	1	1	0.001	0
HASH	40	1000000000	0	LEFT_LINEAR	query-SUBJECT_SUBJECT_JOIN-1-1-0.01-0.09.sparql	SUBJECT_SUBJECT_JOIN	1	1	0.01	0
HASH	40	1000000000	0	LEFT_LINEAR	query-SUBJECT_SUBJECT_JOIN-7-3-0.01-0.09.sparql	SUBJECT_SUBJECT_JOIN	7	3	0.01	0
HASH	40	1000000000	0	LEFT_LINEAR	query-SUBJECT_SUBJECT_JOIN-7-3-0.001-0.009.sparql	SUBJECT_SUBJECT_JOIN	7	3	0.001	0
HASH	40	1000000000	0	RIGHT_LINEAR	query-SUBJECT_OBJECT_JOIN-1-1-0.01-0.09.sparql	SUBJECT_OBJECT_JOIN	1	1	0.01	247510
HASH	40	1000000000	0	RIGHT_LINEAR	query-SUBJECT_SUBJECT_JOIN-1-1-0.001-0.009.sparql	SUBJECT_SUBJECT_JOIN	1	1	0.001	0
HASH	40	1000000000	0	RIGHT_LINEAR	query-SUBJECT_SUBJECT_JOIN-1-1-0.01-0.09.sparql	SUBJECT_SUBJECT_JOIN	1	1	0.01	0
HASH	40	1000000000	0	RIGHT_LINEAR	query-SUBJECT_SUBJECT_JOIN-7-3-0.01-0.09.sparql	SUBJECT_SUBJECT_JOIN	7	3	0.01	0
HASH	40	1000000000	0	RIGHT_LINEAR	query-SUBJECT_SUBJECT_JOIN-7-3-0.001-0.009.sparql	SUBJECT_SUBJECT_JOIN	7	3	0.001	0
HASH	40	1000000000	0	BUSHY	query-SUBJECT_OBJECT_JOIN-1-1-0.01-0.09.sparql	SUBJECT_OBJECT_JOIN	1	1	0.01	247510
HASH	40	1000000000	0	BUSHY	query-SUBJECT_SUBJECT_JOIN-1-1-0.001-0.009.sparql	SUBJECT_SUBJECT_JOIN	1	1	0.001	0
HASH	40	1000000000	0	BUSHY	query-SUBJECT_SUBJECT_JOIN-1-1-0.01-0.09.sparql	SUBJECT_SUBJECT_JOIN	1	1	0.01	0
HASH	40	1000000000	0	BUSHY	query-SUBJECT_SUBJECT_JOIN-7-3-0.01-0.09.sparql	SUBJECT_SUBJECT_JOIN	7	3	0.01	0
HASH	40	1000000000	0	BUSHY	query-SUBJECT_SUBJECT_JOIN-7-3-0.001-0.009.sparql	SUBJECT_SUBJECT_JOIN	7	3	0.001	0
HASH	40	1000000000	0	LEFT_LINEAR	query-SUBJECT_OBJECT_JOIN-7-1-0.01-0.09.sparql	SUBJECT_OBJECT_JOIN	7	1	0.01	404743
HASH	40	1000000000	0	LEFT_LINEAR	query-SUBJECT_OBJECT_JOIN-1-1-0.001-0.009.sparql	SUBJECT_OBJECT_JOIN	1	1	0.001	1414
HASH	40	1000000000	0	LEFT_LINEAR	query-SUBJECT_OBJECT_JOIN-7-3-0.001-0.009.sparql	SUBJECT_OBJECT_JOIN	7	3	0.001	919680014
HASH	40	1000000000	0	LEFT_LINEAR	query-SUBJECT_OBJECT_JOIN-7-3-0.01-0.09.sparql	SUBJECT_OBJECT_JOIN	7	3	0.01	18160858
HASH	40	1000000000	0	LEFT_LINEAR	query-SUBJECT_SUBJECT_JOIN-7-1-0.001-0.009.sparql	SUBJECT_SUBJECT_JOIN	7	1	0.001	0
HASH	40	1000000000	0	LEFT_LINEAR	query-SUBJECT_SUBJECT_JOIN-7-1-0.01-0.09.sparql	SUBJECT_SUBJECT_JOIN	7	1	0.01	0
HASH	40	1000000000	0	LEFT_LINEAR	query-SUBJECT_OBJECT_JOIN-7-1-0.001-0.009.sparql	SUBJECT_OBJECT_JOIN	7	1	0.001	2780775
HASH	40	1000000000	0	RIGHT_LINEAR	query-SUBJECT_OBJECT_JOIN-7-1-0.01-0.09.sparql	SUBJECT_OBJECT_JOIN	7	1	0.01	1327723
HASH	40	1000000000	0	RIGHT_LINEAR	query-SUBJECT_OBJECT_JOIN-1-1-0.001-0.009.sparql	SUBJECT_OBJECT_JOIN	1	1	0.001	1414
HASH	40	1000000000	0	RIGHT_LINEAR	query-SUBJECT_OBJECT_JOIN-7-3-0.001-0.009.sparql	SUBJECT_OBJECT_JOIN	7	3	0.001	65524775
HASH	40	1000000000	0	RIGHT_LINEAR	query-SUBJECT_OBJECT_JOIN-7-3-0.01-0.09.sparql	SUBJECT_OBJECT_JOIN	7	3	0.01	100063184
HASH	40	1000000000	0	RIGHT_LINEAR	query-SUBJECT_SUBJECT_JOIN-7-1-0.001-0.009.sparql	SUBJECT_SUBJECT_JOIN	7	1	0.001	0
HASH	40	1000000000	0	RIGHT_LINEAR	query-SUBJECT_SUBJECT_JOIN-7-1-0.01-0.09.sparql	SUBJECT_SUBJECT_JOIN	7	1	0.01	0
HASH	40	1000000000	0	RIGHT_LINEAR	query-SUBJECT_OBJECT_JOIN-7-1-0.001-0.009.sparql	SUBJECT_OBJECT_JOIN	7	1	0.001	14742185
HASH	40	1000000000	0	BUSHY	query-SUBJECT_OBJECT_JOIN-7-1-0.01-0.09.sparql	SUBJECT_OBJECT_JOIN	7	1	0.01	623483
HASH	40	1000000000	0	BUSHY	query-SUBJECT_OBJECT_JOIN-1-1-0.001-0.009.sparql	SUBJECT_OBJECT_JOIN	1	1	0.001	1438
HASH	40	1000000000	0	BUSHY	query-SUBJECT_OBJECT_JOIN-7-3-0.001-0.009.sparql	SUBJECT_OBJECT_JOIN	7	3	0.001	88784738
HASH	40	1000000000	0	BUSHY	query-SUBJECT_OBJECT_JOIN-7-3-0.01-0.09.sparql	SUBJECT_OBJECT_JOIN	7	3	0.01	28631986
HASH	40	1000000000	0	BUSHY	query-SUBJECT_SUBJECT_JOIN-7-1-0.001-0.009.sparql	SUBJECT_SUBJECT_JOIN	7	1	0.001	0
HASH	40	1000000000	0	BUSHY	query-SUBJECT_SUBJECT_JOIN-7-1-0.01-0.09.sparql	SUBJECT_SUBJECT_JOIN	7	1	0.01	0
HASH	40	1000000000	0	BUSHY	query-SUBJECT_OBJECT_JOIN-7-1-0.001-0.009.sparql	SUBJECT_OBJECT_JOIN	7	1	0.001	7119043
HASH	20	500000000	0	LEFT_LINEAR	query-SUBJECT_OBJECT_JOIN-1-1-0.01-0.09.sparql	SUBJECT_OBJECT_JOIN	1	1	0.01	163742
HASH	20	500000000	0	LEFT_LINEAR	query-SUBJECT_SUBJECT_JOIN-1-1-0.001-0.009.sparql	SUBJECT_SUBJECT_JOIN	1	1	0.001	0
HASH	20	500000000	0	LEFT_LINEAR	query-SUBJECT_OBJECT_JOIN-7-1-0.01-0.09.sparql	SUBJECT_OBJECT_JOIN	7	1	0.01	238806
HASH	20	500000000	0	LEFT_LINEAR	query-SUBJECT_SUBJECT_JOIN-1-1-0.01-0.09.sparql	SUBJECT_SUBJECT_JOIN	1	1	0.01	0
HASH	20	500000000	0	LEFT_LINEAR	query-SUBJECT_SUBJECT_JOIN-7-3-0.01-0.09.sparql	SUBJECT_SUBJECT_JOIN	7	3	0.01	0
HASH	20	500000000	0	LEFT_LINEAR	query-SUBJECT_OBJECT_JOIN-1-1-0.001-0.009.sparql	SUBJECT_OBJECT_JOIN	1	1	0.001	1602
HASH	20	500000000	0	LEFT_LINEAR	query-SUBJECT_OBJECT_JOIN-7-3-0.001-0.009.sparql	SUBJECT_OBJECT_JOIN	7	3	0.001	467839123
HASH	20	500000000	0	LEFT_LINEAR	query-SUBJECT_SUBJECT_JOIN-7-3-0.001-0.009.sparql	SUBJECT_SUBJECT_JOIN	7	3	0.001	0
HASH	20	500000000	0	LEFT_LINEAR	query-SUBJECT_OBJECT_JOIN-7-3-0.01-0.09.sparql	SUBJECT_OBJECT_JOIN	7	3	0.01	7807308
HASH	20	500000000	0	LEFT_LINEAR	query-SUBJECT_SUBJECT_JOIN-7-1-0.001-0.009.sparql	SUBJECT_SUBJECT_JOIN	7	1	0.001	0
HASH	20	500000000	0	LEFT_LINEAR	query-SUBJECT_SUBJECT_JOIN-7-1-0.01-0.09.sparql	SUBJECT_SUBJECT_JOIN	7	1	0.01	0
HASH	20	500000000	0	LEFT_LINEAR	query-SUBJECT_OBJECT_JOIN-7-1-0.001-0.009.sparql	SUBJECT_OBJECT_JOIN	7	1	0.001	992615
HASH	20	500000000	0	RIGHT_LINEAR	query-SUBJECT_OBJECT_JOIN-1-1-0.01-0.09.sparql	SUBJECT_OBJECT_JOIN	1	1	0.01	163742
HASH	20	500000000	0	RIGHT_LINEAR	query-SUBJECT_SUBJECT_JOIN-1-1-0.001-0.009.sparql	SUBJECT_SUBJECT_JOIN	1	1	0.001	0
HASH	20	500000000	0	RIGHT_LINEAR	query-SUBJECT_OBJECT_JOIN-7-1-0.01-0.09.sparql	SUBJECT_OBJECT_JOIN	7	1	0.01	511735
HASH	20	500000000	0	RIGHT_LINEAR	query-SUBJECT_SUBJECT_JOIN-1-1-0.01-0.09.sparql	SUBJECT_SUBJECT_JOIN	1	1	0.01	0
HASH	20	500000000	0	RIGHT_LINEAR	query-SUBJECT_SUBJECT_JOIN-7-3-0.01-0.09.sparql	SUBJECT_SUBJECT_JOIN	7	3	0.01	0
HASH	20	500000000	0	RIGHT_LINEAR	query-SUBJECT_OBJECT_JOIN-1-1-0.001-0.009.sparql	SUBJECT_OBJECT_JOIN	1	1	0.001	164
HASH	20	500000000	0	RIGHT_LINEAR	query-SUBJECT_OBJECT_JOIN-7-3-0.001-0.009.sparql	SUBJECT_OBJECT_JOIN	7	3	0.001	23509113
HASH	20	500000000	0	RIGHT_LINEAR	query-SUBJECT_SUBJECT_JOIN-7-3-0.001-0.009.sparql	SUBJECT_SUBJECT_JOIN	7	3	0.001	0
HASH	20	500000000	0	RIGHT_LINEAR	query-SUBJECT_OBJECT_JOIN-7-3-0.01-0.09.sparql	SUBJECT_OBJECT_JOIN	7	3	0.01	46274802
HASH	20	500000000	0	RIGHT_LINEAR	query-SUBJECT_SUBJECT_JOIN-7-1-0.001-0.009.sparql	SUBJECT_SUBJECT_JOIN	7	1	0.001	0
HASH	20	500000000	0	RIGHT_LINEAR	query-SUBJECT_SUBJECT_JOIN-7-1-0.01-0.09.sparql	SUBJECT_SUBJECT_JOIN	7	1	0.01	0
HASH	20	500000000	0	RIGHT_LINEAR	query-SUBJECT_OBJECT_JOIN-7-1-0.001-0.009.sparql	SUBJECT_OBJECT_JOIN	7	1	0.001	6523780
HASH	20	500000000	0	BUSHY	query-SUBJECT_OBJECT_JOIN-1-1-0.01-0.09.sparql	SUBJECT_OBJECT_JOIN	1	1	0.01	163742
HASH	20	500000000	0	BUSHY	query-SUBJECT_SUBJECT_JOIN-1-1-0.001-0.009.sparql	SUBJECT_SUBJECT_JOIN	1	1	0.001	0
HASH	20	500000000	0	BUSHY	query-SUBJECT_OBJECT_JOIN-7-1-0.01-0.09.sparql	SUBJECT_OBJECT_JOIN	7	1	0.01	425043
HASH	20	500000000	0	BUSHY	query-SUBJECT_SUBJECT_JOIN-1-1-0.01-0.09.sparql	SUBJECT_SUBJECT_JOIN	1	1	0.01	0
HASH	20	500000000	0	BUSHY	query-SUBJECT_SUBJECT_JOIN-7-3-0.01-0.09.sparql	SUBJECT_SUBJECT_JOIN	7	3	0.01	0
HASH	20	500000000	0	BUSHY	query-SUBJECT_OBJECT_JOIN-1-1-0.001-0.009.sparql	SUBJECT_OBJECT_JOIN	1	1	0.001	1602
HASH	20	500000000	0	BUSHY	query-SUBJECT_OBJECT_JOIN-7-3-0.001-0.009.sparql	SUBJECT_OBJECT_JOIN	7	3	0.001	41681554
HASH	20	500000000	0	BUSHY	query-SUBJECT_SUBJECT_JOIN-7-3-0.001-0.009.sparql	SUBJECT_SUBJECT_JOIN	7	3	0.001	0
HASH	20	500000000	0	BUSHY	query-SUBJECT_OBJECT_JOIN-7-3-0.01-0.09.sparql	SUBJECT_OBJECT_JOIN	7	3	0.01	14177080
HASH	20	500000000	0	BUSHY	query-SUBJECT_SUBJECT_JOIN-7-1-0.001-0.009.sparql	SUBJECT_SUBJECT_JOIN	7	1	0.001	0
HASH	20	500000000	0	BUSHY	query-SUBJECT_SUBJECT_JOIN-7-1-0.01-0.09.sparql	SUBJECT_SUBJECT_JOIN	7	1	0.01	0
HASH	20	500000000	0	BUSHY	query-SUBJECT_OBJECT_JOIN-7-1-0.001-0.009.sparql	SUBJECT_OBJECT_JOIN	7	1	0.001	3183918
HASH	20	2000000000	0	LEFT_LINEAR	query-SUBJECT_OBJECT_JOIN-1-1-0.01-0.09.sparql	SUBJECT_OBJECT_JOIN	1	1	0.01	325138
HASH	20	2000000000	0	LEFT_LINEAR	query-SUBJECT_SUBJECT_JOIN-1-1-0.001-0.009.sparql	SUBJECT_SUBJECT_JOIN	1	1	0.001	0
HASH	20	2000000000	0	LEFT_LINEAR	query-SUBJECT_OBJECT_JOIN-7-1-0.01-0.09.sparql	SUBJECT_OBJECT_JOIN	7	1	0.01	4540384
HASH	20	2000000000	0	LEFT_LINEAR	query-SUBJECT_SUBJECT_JOIN-1-1-0.01-0.09.sparql	SUBJECT_SUBJECT_JOIN	1	1	0.01	0
HASH	20	2000000000	0	LEFT_LINEAR	query-SUBJECT_SUBJECT_JOIN-7-3-0.01-0.09.sparql	SUBJECT_SUBJECT_JOIN	7	3	0.01	0
HASH	20	2000000000	0	LEFT_LINEAR	query-SUBJECT_OBJECT_JOIN-1-1-0.001-0.009.sparql	SUBJECT_OBJECT_JOIN	1	1	0.001	6810
HASH	20	2000000000	0	LEFT_LINEAR	query-SUBJECT_OBJECT_JOIN-7-3-0.001-0.009.sparql	SUBJECT_OBJECT_JOIN	7	3	0.001	384146929
HASH	20	2000000000	0	LEFT_LINEAR	query-SUBJECT_SUBJECT_JOIN-7-3-0.001-0.009.sparql	SUBJECT_SUBJECT_JOIN	7	3	0.001	0
HASH	20	2000000000	0	LEFT_LINEAR	query-SUBJECT_OBJECT_JOIN-7-3-0.01-0.09.sparql	SUBJECT_OBJECT_JOIN	7	3	0.01	38960694
HASH	20	2000000000	0	LEFT_LINEAR	query-SUBJECT_SUBJECT_JOIN-7-1-0.001-0.009.sparql	SUBJECT_SUBJECT_JOIN	7	1	0.001	0
HASH	20	2000000000	0	LEFT_LINEAR	query-SUBJECT_SUBJECT_JOIN-7-1-0.01-0.09.sparql	SUBJECT_SUBJECT_JOIN	7	1	0.01	0
HASH	20	2000000000	0	LEFT_LINEAR	query-SUBJECT_OBJECT_JOIN-7-1-0.001-0.009.sparql	SUBJECT_OBJECT_JOIN	7	1	0.001	11032027
HASH	20	2000000000	0	RIGHT_LINEAR	query-SUBJECT_OBJECT_JOIN-1-1-0.01-0.09.sparql	SUBJECT_OBJECT_JOIN	1	1	0.01	325138
HASH	20	2000000000	0	RIGHT_LINEAR	query-SUBJECT_SUBJECT_JOIN-1-1-0.001-0.009.sparql	SUBJECT_SUBJECT_JOIN	1	1	0.001	0
HASH	20	2000000000	0	RIGHT_LINEAR	query-SUBJECT_OBJECT_JOIN-7-1-0.01-0.09.sparql	SUBJECT_OBJECT_JOIN	7	1	0.01	12351024
HASH	20	2000000000	0	RIGHT_LINEAR	query-SUBJECT_SUBJECT_JOIN-1-1-0.01-0.09.sparql	SUBJECT_SUBJECT_JOIN	1	1	0.01	0
HASH	20	2000000000	0	RIGHT_LINEAR	query-SUBJECT_SUBJECT_JOIN-7-3-0.01-0.09.sparql	SUBJECT_SUBJECT_JOIN	7	3	0.01	0
HASH	20	2000000000	0	RIGHT_LINEAR	query-SUBJECT_OBJECT_JOIN-1-1-0.001-0.009.sparql	SUBJECT_OBJECT_JOIN	1	1	0.001	6810
HASH	20	2000000000	0	RIGHT_LINEAR	query-SUBJECT_OBJECT_JOIN-7-3-0.001-0.009.sparql	SUBJECT_OBJECT_JOIN	7	3	0.001	24765182
HASH	20	2000000000	0	RIGHT_LINEAR	query-SUBJECT_SUBJECT_JOIN-7-3-0.001-0.009.sparql	SUBJECT_SUBJECT_JOIN	7	3	0.001	0
HASH	20	2000000000	0	RIGHT_LINEAR	query-SUBJECT_OBJECT_JOIN-7-3-0.01-0.09.sparql	SUBJECT_OBJECT_JOIN	7	3	0.01	155360888
HASH	20	2000000000	0	RIGHT_LINEAR	query-SUBJECT_SUBJECT_JOIN-7-1-0.001-0.009.sparql	SUBJECT_SUBJECT_JOIN	7	1	0.001	0
HASH	20	2000000000	0	RIGHT_LINEAR	query-SUBJECT_SUBJECT_JOIN-7-1-0.01-0.09.sparql	SUBJECT_SUBJECT_JOIN	7	1	0.01	0
HASH	20	2000000000	0	RIGHT_LINEAR	query-SUBJECT_OBJECT_JOIN-7-1-0.001-0.009.sparql	SUBJECT_OBJECT_JOIN	7	1	0.001	43970936
HASH	20	2000000000	0	BUSHY	query-SUBJECT_OBJECT_JOIN-1-1-0.01-0.09.sparql	SUBJECT_OBJECT_JOIN	1	1	0.01	325138
HASH	20	2000000000	0	BUSHY	query-SUBJECT_SUBJECT_JOIN-1-1-0.001-0.009.sparql	SUBJECT_SUBJECT_JOIN	1	1	0.001	0
HASH	20	2000000000	0	BUSHY	query-SUBJECT_OBJECT_JOIN-7-1-0.01-0.09.sparql	SUBJECT_OBJECT_JOIN	7	1	0.01	1097702
HASH	20	2000000000	0	BUSHY	query-SUBJECT_SUBJECT_JOIN-1-1-0.01-0.09.sparql	SUBJECT_SUBJECT_JOIN	1	1	0.01	0
HASH	20	2000000000	0	BUSHY	query-SUBJECT_SUBJECT_JOIN-7-3-0.01-0.09.sparql	SUBJECT_SUBJECT_JOIN	7	3	0.01	0
HASH	20	2000000000	0	BUSHY	query-SUBJECT_OBJECT_JOIN-1-1-0.001-0.009.sparql	SUBJECT_OBJECT_JOIN	1	1	0.001	6810
HASH	20	2000000000	0	BUSHY	query-SUBJECT_OBJECT_JOIN-7-3-0.001-0.009.sparql	SUBJECT_OBJECT_JOIN	7	3	0.001	30056443
HASH	20	2000000000	0	BUSHY	query-SUBJECT_SUBJECT_JOIN-7-3-0.001-0.009.sparql	SUBJECT_SUBJECT_JOIN	7	3	0.001	0
HASH	20	2000000000	0	BUSHY	query-SUBJECT_OBJECT_JOIN-7-3-0.01-0.09.sparql	SUBJECT_OBJECT_JOIN	7	3	0.01	51811230
HASH	20	2000000000	0	BUSHY	query-SUBJECT_SUBJECT_JOIN-7-1-0.001-0.009.sparql	SUBJECT_SUBJECT_JOIN	7	1	0.001	0
HASH	20	2000000000	0	BUSHY	query-SUBJECT_SUBJECT_JOIN-7-1-0.01-0.09.sparql	SUBJECT_SUBJECT_JOIN	7	1	0.01	0
HASH	20	2000000000	0	BUSHY	query-SUBJECT_OBJECT_JOIN-7-1-0.001-0.009.sparql	SUBJECT_OBJECT_JOIN	7	1	0.001	21662361
HIERARCHICAL	10	1000000000	0	LEFT_LINEAR	query-SUBJECT_OBJECT_JOIN-1-1-0.01-0.09.sparql	SUBJECT_OBJECT_JOIN	1	1	0.01	228232
HIERARCHICAL	10	1000000000	0	LEFT_LINEAR	query-SUBJECT_SUBJECT_JOIN-1-1-0.001-0.009.sparql	SUBJECT_SUBJECT_JOIN	1	1	0.001	0
HIERARCHICAL	10	1000000000	0	LEFT_LINEAR	query-SUBJECT_OBJECT_JOIN-7-1-0.01-0.09.sparql	SUBJECT_OBJECT_JOIN	7	1	0.01	343059
HIERARCHICAL	10	1000000000	0	LEFT_LINEAR	query-SUBJECT_SUBJECT_JOIN-1-1-0.01-0.09.sparql	SUBJECT_SUBJECT_JOIN	1	1	0.01	0
HIERARCHICAL	10	1000000000	0	LEFT_LINEAR	query-SUBJECT_SUBJECT_JOIN-7-3-0.01-0.09.sparql	SUBJECT_SUBJECT_JOIN	7	3	0.01	0
HIERARCHICAL	10	1000000000	0	LEFT_LINEAR	query-SUBJECT_OBJECT_JOIN-1-1-0.001-0.009.sparql	SUBJECT_OBJECT_JOIN	1	1	0.001	2416
HIERARCHICAL	10	1000000000	0	LEFT_LINEAR	query-SUBJECT_OBJECT_JOIN-7-3-0.001-0.009.sparql	SUBJECT_OBJECT_JOIN	7	3	0.001	219136195
HIERARCHICAL	10	1000000000	0	LEFT_LINEAR	query-SUBJECT_SUBJECT_JOIN-7-3-0.001-0.009.sparql	SUBJECT_SUBJECT_JOIN	7	3	0.001	0
HIERARCHICAL	10	1000000000	0	LEFT_LINEAR	query-SUBJECT_OBJECT_JOIN-7-3-0.01-0.09.sparql	SUBJECT_OBJECT_JOIN	7	3	0.01	16718479
HIERARCHICAL	10	1000000000	0	LEFT_LINEAR	query-SUBJECT_SUBJECT_JOIN-7-1-0.001-0.009.sparql	SUBJECT_SUBJECT_JOIN	7	1	0.001	0
HIERARCHICAL	10	1000000000	0	LEFT_LINEAR	query-SUBJECT_SUBJECT_JOIN-7-1-0.01-0.09.sparql	SUBJECT_SUBJECT_JOIN	7	1	0.01	0
HIERARCHICAL	10	1000000000	0	LEFT_LINEAR	query-SUBJECT_OBJECT_JOIN-7-1-0.001-0.009.sparql	SUBJECT_OBJECT_JOIN	7	1	0.001	2557705
HIERARCHICAL	10	1000000000	0	RIGHT_LINEAR	query-SUBJECT_OBJECT_JOIN-1-1-0.01-0.09.sparql	SUBJECT_OBJECT_JOIN	1	1	0.01	228232
HIERARCHICAL	10	1000000000	0	RIGHT_LINEAR	query-SUBJECT_SUBJECT_JOIN-1-1-0.001-0.009.sparql	SUBJECT_SUBJECT_JOIN	1	1	0.001	0
HIERARCHICAL	10	1000000000	0	RIGHT_LINEAR	query-SUBJECT_OBJECT_JOIN-7-1-0.01-0.09.sparql	SUBJECT_OBJECT_JOIN	7	1	0.01	660274
HIERARCHICAL	10	1000000000	0	RIGHT_LINEAR	query-SUBJECT_SUBJECT_JOIN-1-1-0.01-0.09.sparql	SUBJECT_SUBJECT_JOIN	1	1	0.01	0
HIERARCHICAL	10	1000000000	0	RIGHT_LINEAR	query-SUBJECT_SUBJECT_JOIN-7-3-0.01-0.09.sparql	SUBJECT_SUBJECT_JOIN	7	3	0.01	0
HIERARCHICAL	10	1000000000	0	RIGHT_LINEAR	query-SUBJECT_OBJECT_JOIN-1-1-0.001-0.009.sparql	SUBJECT_OBJECT_JOIN	1	1	0.001	2416
HIERARCHICAL	10	1000000000	0	RIGHT_LINEAR	query-SUBJECT_OBJECT_JOIN-7-3-0.001-0.009.sparql	SUBJECT_OBJECT_JOIN	7	3	0.001	27149592
HIERARCHICAL	10	1000000000	0	RIGHT_LINEAR	query-SUBJECT_SUBJECT_JOIN-7-3-0.001-0.009.sparql	SUBJECT_SUBJECT_JOIN	7	3	0.001	0
HIERARCHICAL	10	1000000000	0	RIGHT_LINEAR	query-SUBJECT_OBJECT_JOIN-7-3-0.01-0.09.sparql	SUBJECT_OBJECT_JOIN	7	3	0.01	87511550
HIERARCHICAL	10	1000000000	0	RIGHT_LINEAR	query-SUBJECT_SUBJECT_JOIN-7-1-0.001-0.009.sparql	SUBJECT_SUBJECT_JOIN	7	1	0.001	0
HIERARCHICAL	10	1000000000	0	RIGHT_LINEAR	query-SUBJECT_SUBJECT_JOIN-7-1-0.01-0.09.sparql	SUBJECT_SUBJECT_JOIN	7	1	0.01	0
HIERARCHICAL	10	1000000000	0	RIGHT_LINEAR	query-SUBJECT_OBJECT_JOIN-7-1-0.001-0.009.sparql	SUBJECT_OBJECT_JOIN	7	1	0.001	13505214
HIERARCHICAL	10	1000000000	0	BUSHY	query-SUBJECT_OBJECT_JOIN-1-1-0.01-0.09.sparql	SUBJECT_OBJECT_JOIN	1	1	0.01	228232
HIERARCHICAL	10	1000000000	0	BUSHY	query-SUBJECT_SUBJECT_JOIN-1-1-0.001-0.009.sparql	SUBJECT_SUBJECT_JOIN	1	1	0.001	0
HIERARCHICAL	10	1000000000	0	BUSHY	query-SUBJECT_OBJECT_JOIN-7-1-0.01-0.09.sparql	SUBJECT_OBJECT_JOIN	7	1	0.01	505158
HIERARCHICAL	10	1000000000	0	BUSHY	query-SUBJECT_SUBJECT_JOIN-1-1-0.01-0.09.sparql	SUBJECT_SUBJECT_JOIN	1	1	0.01	0
HIERARCHICAL	10	1000000000	0	BUSHY	query-SUBJECT_SUBJECT_JOIN-7-3-0.01-0.09.sparql	SUBJECT_SUBJECT_JOIN	7	3	0.01	0
HIERARCHICAL	10	1000000000	0	BUSHY	query-SUBJECT_OBJECT_JOIN-1-1-0.001-0.009.sparql	SUBJECT_OBJECT_JOIN	1	1	0.001	2416
HIERARCHICAL	10	1000000000	0	BUSHY	query-SUBJECT_OBJECT_JOIN-7-3-0.001-0.009.sparql	SUBJECT_OBJECT_JOIN	7	3	0.001	19158682
HIERARCHICAL	10	1000000000	0	BUSHY	query-SUBJECT_SUBJECT_JOIN-7-3-0.001-0.009.sparql	SUBJECT_SUBJECT_JOIN	7	3	0.001	0
HIERARCHICAL	10	1000000000	0	BUSHY	query-SUBJECT_OBJECT_JOIN-7-3-0.01-0.09.sparql	SUBJECT_OBJECT_JOIN	7	3	0.01	26098928
HIERARCHICAL	10	1000000000	0	BUSHY	query-SUBJECT_SUBJECT_JOIN-7-1-0.001-0.009.sparql	SUBJECT_SUBJECT_JOIN	7	1	0.001	0
HIERARCHICAL	10	1000000000	0	BUSHY	query-SUBJECT_SUBJECT_JOIN-7-1-0.01-0.09.sparql	SUBJECT_SUBJECT_JOIN	7	1	0.01	0
HIERARCHICAL	10	1000000000	0	BUSHY	query-SUBJECT_OBJECT_JOIN-7-1-0.001-0.009.sparql	SUBJECT_OBJECT_JOIN	7	1	0.001	6529371
HIERARCHICAL	20	1000000000	0	LEFT_LINEAR	query-SUBJECT_OBJECT_JOIN-1-1-0.01-0.09.sparql	SUBJECT_OBJECT_JOIN	1	1	0.01	241060
HIERARCHICAL	20	1000000000	0	LEFT_LINEAR	query-SUBJECT_SUBJECT_JOIN-1-1-0.001-0.009.sparql	SUBJECT_SUBJECT_JOIN	1	1	0.001	0
HIERARCHICAL	20	1000000000	0	LEFT_LINEAR	query-SUBJECT_OBJECT_JOIN-7-1-0.01-0.09.sparql	SUBJECT_OBJECT_JOIN	7	1	0.01	395461
HIERARCHICAL	20	1000000000	0	LEFT_LINEAR	query-SUBJECT_SUBJECT_JOIN-1-1-0.01-0.09.sparql	SUBJECT_SUBJECT_JOIN	1	1	0.01	0
HIERARCHICAL	20	1000000000	0	LEFT_LINEAR	query-SUBJECT_SUBJECT_JOIN-7-3-0.01-0.09.sparql	SUBJECT_SUBJECT_JOIN	7	3	0.01	0
HIERARCHICAL	20	1000000000	0	LEFT_LINEAR	query-SUBJECT_OBJECT_JOIN-1-1-0.001-0.009.sparql	SUBJECT_OBJECT_JOIN	1	1	0.001	2564
HIERARCHICAL	20	1000000000	0	LEFT_LINEAR	query-SUBJECT_OBJECT_JOIN-7-3-0.001-0.009.sparql	SUBJECT_OBJECT_JOIN	7	3	0.001	399849150
HIERARCHICAL	20	1000000000	0	LEFT_LINEAR	query-SUBJECT_SUBJECT_JOIN-7-3-0.001-0.009.sparql	SUBJECT_SUBJECT_JOIN	7	3	0.001	0
HIERARCHICAL	20	1000000000	0	LEFT_LINEAR	query-SUBJECT_OBJECT_JOIN-7-3-0.01-0.09.sparql	SUBJECT_OBJECT_JOIN	7	3	0.01	17663455
HIERARCHICAL	20	1000000000	0	LEFT_LINEAR	query-SUBJECT_SUBJECT_JOIN-7-1-0.001-0.009.sparql	SUBJECT_SUBJECT_JOIN	7	1	0.001	0
HIERARCHICAL	20	1000000000	0	LEFT_LINEAR	query-SUBJECT_SUBJECT_JOIN-7-1-0.01-0.09.sparql	SUBJECT_SUBJECT_JOIN	7	1	0.01	0
HIERARCHICAL	20	1000000000	0	LEFT_LINEAR	query-SUBJECT_OBJECT_JOIN-7-1-0.001-0.009.sparql	SUBJECT_OBJECT_JOIN	7	1	0.001	2701590
HIERARCHICAL	20	1000000000	0	RIGHT_LINEAR	query-SUBJECT_OBJECT_JOIN-1-1-0.01-0.09.sparql	SUBJECT_OBJECT_JOIN	1	1	0.01	241060
HIERARCHICAL	20	1000000000	0	RIGHT_LINEAR	query-SUBJECT_SUBJECT_JOIN-1-1-0.001-0.009.sparql	SUBJECT_SUBJECT_JOIN	1	1	0.001	0
HIERARCHICAL	20	1000000000	0	RIGHT_LINEAR	query-SUBJECT_OBJECT_JOIN-7-1-0.01-0.09.sparql	SUBJECT_OBJECT_JOIN	7	1	0.01	1286684
HIERARCHICAL	20	1000000000	0	RIGHT_LINEAR	query-SUBJECT_SUBJECT_JOIN-1-1-0.01-0.09.sparql	SUBJECT_SUBJECT_JOIN	1	1	0.01	0
HIERARCHICAL	20	1000000000	0	RIGHT_LINEAR	query-SUBJECT_SUBJECT_JOIN-7-3-0.01-0.09.sparql	SUBJECT_SUBJECT_JOIN	7	3	0.01	0
HIERARCHICAL	20	1000000000	0	RIGHT_LINEAR	query-SUBJECT_OBJECT_JOIN-1-1-0.001-0.009.sparql	SUBJECT_OBJECT_JOIN	1	1	0.001	2564
HIERARCHICAL	20	1000000000	0	RIGHT_LINEAR	query-SUBJECT_OBJECT_JOIN-7-3-0.001-0.009.sparql	SUBJECT_OBJECT_JOIN	7	3	0.001	73743686
HIERARCHICAL	20	1000000000	0	RIGHT_LINEAR	query-SUBJECT_SUBJECT_JOIN-7-3-0.001-0.009.sparql	SUBJECT_SUBJECT_JOIN	7	3	0.001	0
HIERARCHICAL	20	1000000000	0	RIGHT_LINEAR	query-SUBJECT_OBJECT_JOIN-7-3-0.01-0.09.sparql	SUBJECT_OBJECT_JOIN	7	3	0.01	96688292
HIERARCHICAL	20	1000000000	0	RIGHT_LINEAR	query-SUBJECT_SUBJECT_JOIN-7-1-0.001-0.009.sparql	SUBJECT_SUBJECT_JOIN	7	1	0.001	0
HIERARCHICAL	20	1000000000	0	RIGHT_LINEAR	query-SUBJECT_SUBJECT_JOIN-7-1-0.01-0.09.sparql	SUBJECT_SUBJECT_JOIN	7	1	0.01	0
HIERARCHICAL	20	1000000000	0	RIGHT_LINEAR	query-SUBJECT_OBJECT_JOIN-7-1-0.001-0.009.sparql	SUBJECT_OBJECT_JOIN	7	1	0.001	14269838
HIERARCHICAL	20	1000000000	0	BUSHY	query-SUBJECT_OBJECT_JOIN-1-1-0.01-0.09.sparql	SUBJECT_OBJECT_JOIN	1	1	0.01	241060
HIERARCHICAL	20	1000000000	0	BUSHY	query-SUBJECT_SUBJECT_JOIN-1-1-0.001-0.009.sparql	SUBJECT_SUBJECT_JOIN	1	1	0.001	0
HIERARCHICAL	20	1000000000	0	BUSHY	query-SUBJECT_OBJECT_JOIN-7-1-0.01-0.09.sparql	SUBJECT_OBJECT_JOIN	7	1	0.01	607152
HIERARCHICAL	20	1000000000	0	BUSHY	query-SUBJECT_SUBJECT_JOIN-1-1-0.01-0.09.sparql	SUBJECT_SUBJECT_JOIN	1	1	0.01	0
HIERARCHICAL	20	1000000000	0	BUSHY	query-SUBJECT_SUBJECT_JOIN-7-3-0.01-0.09.sparql	SUBJECT_SUBJECT_JOIN	7	3	0.01	0
HIERARCHICAL	20	1000000000	0	BUSHY	query-SUBJECT_OBJECT_JOIN-1-1-0.001-0.009.sparql	SUBJECT_OBJECT_JOIN	1	1	0.001	2564
HIERARCHICAL	20	1000000000	0	BUSHY	query-SUBJECT_OBJECT_JOIN-7-3-0.001-0.009.sparql	SUBJECT_OBJECT_JOIN	7	3	0.001	48939317
HIERARCHICAL	20	1000000000	0	BUSHY	query-SUBJECT_SUBJECT_JOIN-7-3-0.001-0.009.sparql	SUBJECT_SUBJECT_JOIN	7	3	0.001	0
HIERARCHICAL	20	1000000000	0	BUSHY	query-SUBJECT_OBJECT_JOIN-7-3-0.01-0.09.sparql	SUBJECT_OBJECT_JOIN	7	3	0.01	27609963
HIERARCHICAL	20	1000000000	0	BUSHY	query-SUBJECT_SUBJECT_JOIN-7-1-0.001-0.009.sparql	SUBJECT_SUBJECT_JOIN	7	1	0.001	0
HIERARCHICAL	20	1000000000	0	BUSHY	query-SUBJECT_SUBJECT_JOIN-7-1-0.01-0.09.sparql	SUBJECT_SUBJECT_JOIN	7	1	0.01	0
HIERARCHICAL	20	1000000000	0	BUSHY	query-SUBJECT_OBJECT_JOIN-7-1-0.001-0.009.sparql	SUBJECT_OBJECT_JOIN	7	1	0.001	6903426
HIERARCHICAL	40	1000000000	0	LEFT_LINEAR	query-SUBJECT_OBJECT_JOIN-1-1-0.01-0.09.sparql	SUBJECT_OBJECT_JOIN	1	1	0.01	247468
HIERARCHICAL	40	1000000000	0	LEFT_LINEAR	query-SUBJECT_SUBJECT_JOIN-1-1-0.001-0.009.sparql	SUBJECT_SUBJECT_JOIN	1	1	0.001	0
HIERARCHICAL	40	1000000000	0	LEFT_LINEAR	query-SUBJECT_OBJECT_JOIN-7-1-0.01-0.09.sparql	SUBJECT_OBJECT_JOIN	7	1	0.01	398632
HIERARCHICAL	40	1000000000	0	LEFT_LINEAR	query-SUBJECT_SUBJECT_JOIN-1-1-0.01-0.09.sparql	SUBJECT_SUBJECT_JOIN	1	1	0.01	0
HIERARCHICAL	40	1000000000	0	LEFT_LINEAR	query-SUBJECT_SUBJECT_JOIN-7-3-0.01-0.09.sparql	SUBJECT_SUBJECT_JOIN	7	3	0.01	0
HIERARCHICAL	40	1000000000	0	LEFT_LINEAR	query-SUBJECT_OBJECT_JOIN-1-1-0.001-0.009.sparql	SUBJECT_OBJECT_JOIN	1	1	0.001	2608
HIERARCHICAL	40	1000000000	0	LEFT_LINEAR	query-SUBJECT_OBJECT_JOIN-7-3-0.001-0.009.sparql	SUBJECT_OBJECT_JOIN	7	3	0.001	785984085
HIERARCHICAL	40	1000000000	0	LEFT_LINEAR	query-SUBJECT_SUBJECT_JOIN-7-3-0.001-0.009.sparql	SUBJECT_SUBJECT_JOIN	7	3	0.001	0
HIERARCHICAL	40	1000000000	0	LEFT_LINEAR	query-SUBJECT_OBJECT_JOIN-7-3-0.01-0.09.sparql	SUBJECT_OBJECT_JOIN	7	3	0.01	17628522
HIERARCHICAL	40	1000000000	0	LEFT_LINEAR	query-SUBJECT_SUBJECT_JOIN-7-1-0.001-0.009.sparql	SUBJECT_SUBJECT_JOIN	7	1	0.001	0
HIERARCHICAL	40	1000000000	0	LEFT_LINEAR	query-SUBJECT_SUBJECT_JOIN-7-1-0.01-0.09.sparql	SUBJECT_SUBJECT_JOIN	7	1	0.01	0
HIERARCHICAL	40	1000000000	0	LEFT_LINEAR	query-SUBJECT_OBJECT_JOIN-7-1-0.001-0.009.sparql	SUBJECT_OBJECT_JOIN	7	1	0.001	2553707
HIERARCHICAL	40	1000000000	0	RIGHT_LINEAR	query-SUBJECT_OBJECT_JOIN-1-1-0.01-0.09.sparql	SUBJECT_OBJECT_JOIN	1	1	0.01	247468
HIERARCHICAL	40	1000000000	0	RIGHT_LINEAR	query-SUBJECT_SUBJECT_JOIN-1-1-0.001-0.009.sparql	SUBJECT_SUBJECT_JOIN	1	1	0.001	0
HIERARCHICAL	40	1000000000	0	RIGHT_LINEAR	query-SUBJECT_OBJECT_JOIN-7-1-0.01-0.09.sparql	SUBJECT_OBJECT_JOIN	7	1	0.01	765321
HIERARCHICAL	40	1000000000	0	RIGHT_LINEAR	query-SUBJECT_SUBJECT_JOIN-1-1-0.01-0.09.sparql	SUBJECT_SUBJECT_JOIN	1	1	0.01	0
HIERARCHICAL	40	1000000000	0	RIGHT_LINEAR	query-SUBJECT_SUBJECT_JOIN-7-3-0.01-0.09.sparql	SUBJECT_SUBJECT_JOIN	7	3	0.01	0
HIERARCHICAL	40	1000000000	0	RIGHT_LINEAR	query-SUBJECT_OBJECT_JOIN-1-1-0.001-0.009.sparql	SUBJECT_OBJECT_JOIN	1	1	0.001	2608
HIERARCHICAL	40	1000000000	0	RIGHT_LINEAR	query-SUBJECT_OBJECT_JOIN-7-3-0.001-0.009.sparql	SUBJECT_OBJECT_JOIN	7	3	0.001	27245024
HIERARCHICAL	40	1000000000	0	RIGHT_LINEAR	query-SUBJECT_SUBJECT_JOIN-7-3-0.001-0.009.sparql	SUBJECT_SUBJECT_JOIN	7	3	0.001	0
HIERARCHICAL	40	1000000000	0	RIGHT_LINEAR	query-SUBJECT_OBJECT_JOIN-7-3-0.01-0.09.sparql	SUBJECT_OBJECT_JOIN	7	3	0.01	93549888
HIERARCHICAL	40	1000000000	0	RIGHT_LINEAR	query-SUBJECT_SUBJECT_JOIN-7-1-0.001-0.009.sparql	SUBJECT_SUBJECT_JOIN	7	1	0.001	0
HIERARCHICAL	40	1000000000	0	RIGHT_LINEAR	query-SUBJECT_SUBJECT_JOIN-7-1-0.01-0.09.sparql	SUBJECT_SUBJECT_JOIN	7	1	0.01	0
HIERARCHICAL	40	1000000000	0	RIGHT_LINEAR	query-SUBJECT_OBJECT_JOIN-7-1-0.001-0.009.sparql	SUBJECT_OBJECT_JOIN	7	1	0.001	14107164
HIERARCHICAL	40	1000000000	0	BUSHY	query-SUBJECT_OBJECT_JOIN-1-1-0.01-0.09.sparql	SUBJECT_OBJECT_JOIN	1	1	0.01	247468
HIERARCHICAL	40	1000000000	0	BUSHY	query-SUBJECT_SUBJECT_JOIN-1-1-0.001-0.009.sparql	SUBJECT_SUBJECT_JOIN	1	1	0.001	0
HIERARCHICAL	40	1000000000	0	BUSHY	query-SUBJECT_OBJECT_JOIN-7-1-0.01-0.09.sparql	SUBJECT_OBJECT_JOIN	7	1	0.01	622868
HIERARCHICAL	40	1000000000	0	BUSHY	query-SUBJECT_SUBJECT_JOIN-1-1-0.01-0.09.sparql	SUBJECT_SUBJECT_JOIN	1	1	0.01	0
HIERARCHICAL	40	1000000000	0	BUSHY	query-SUBJECT_SUBJECT_JOIN-7-3-0.01-0.09.sparql	SUBJECT_SUBJECT_JOIN	7	3	0.01	0
HIERARCHICAL	40	1000000000	0	BUSHY	query-SUBJECT_OBJECT_JOIN-1-1-0.001-0.009.sparql	SUBJECT_OBJECT_JOIN	1	1	0.001	2608
HIERARCHICAL	40	1000000000	0	BUSHY	query-SUBJECT_OBJECT_JOIN-7-3-0.001-0.009.sparql	SUBJECT_OBJECT_JOIN	7	3	0.001	91550864
HIERARCHICAL	40	1000000000	0	BUSHY	query-SUBJECT_SUBJECT_JOIN-7-3-0.001-0.009.sparql	SUBJECT_SUBJECT_JOIN	7	3	0.001	0
HIERARCHICAL	40	1000000000	0	BUSHY	query-SUBJECT_OBJECT_JOIN-7-3-0.01-0.09.sparql	SUBJECT_OBJECT_JOIN	7	3	0.01	26756135
HIERARCHICAL	40	1000000000	0	BUSHY	query-SUBJECT_SUBJECT_JOIN-7-1-0.001-0.009.sparql	SUBJECT_SUBJECT_JOIN	7	1	0.001	0
HIERARCHICAL	40	1000000000	0	BUSHY	query-SUBJECT_SUBJECT_JOIN-7-1-0.01-0.09.sparql	SUBJECT_SUBJECT_JOIN	7	1	0.01	0
HIERARCHICAL	40	1000000000	0	BUSHY	query-SUBJECT_OBJECT_JOIN-7-1-0.001-0.009.sparql	SUBJECT_OBJECT_JOIN	7	1	0.001	6607539
HIERARCHICAL	20	500000000	0	LEFT_LINEAR	query-SUBJECT_OBJECT_JOIN-1-1-0.01-0.09.sparql	SUBJECT_OBJECT_JOIN	1	1	0.01	163832
HIERARCHICAL	20	500000000	0	LEFT_LINEAR	query-SUBJECT_SUBJECT_JOIN-1-1-0.001-0.009.sparql	SUBJECT_SUBJECT_JOIN	1	1	0.001	0
HIERARCHICAL	20	500000000	0	LEFT_LINEAR	query-SUBJECT_OBJECT_JOIN-7-1-0.01-0.09.sparql	SUBJECT_OBJECT_JOIN	7	1	0.01	227270
HIERARCHICAL	20	500000000	0	LEFT_LINEAR	query-SUBJECT_SUBJECT_JOIN-1-1-0.01-0.09.sparql	SUBJECT_SUBJECT_JOIN	1	1	0.01	0
HIERARCHICAL	20	500000000	0	LEFT_LINEAR	query-SUBJECT_SUBJECT_JOIN-7-3-0.01-0.09.sparql	SUBJECT_SUBJECT_JOIN	7	3	0.01	0
HIERARCHICAL	20	500000000	0	LEFT_LINEAR	query-SUBJECT_OBJECT_JOIN-1-1-0.001-0.009.sparql	SUBJECT_OBJECT_JOIN	1	1	0.001	1822
HIERARCHICAL	20	500000000	0	LEFT_LINEAR	query-SUBJECT_OBJECT_JOIN-7-3-0.001-0.009.sparql	SUBJECT_OBJECT_JOIN	7	3	0.001	548274972
HIERARCHICAL	20	500000000	0	LEFT_LINEAR	query-SUBJECT_SUBJECT_JOIN-7-3-0.001-0.009.sparql	SUBJECT_SUBJECT_JOIN	7	3	0.001	0
HIERARCHICAL	20	500000000	0	LEFT_LINEAR	query-SUBJECT_OBJECT_JOIN-7-3-0.01-0.09.sparql	SUBJECT_OBJECT_JOIN	7	3	0.01	7531379
HIERARCHICAL	20	500000000	0	LEFT_LINEAR	query-SUBJECT_SUBJECT_JOIN-7-1-0.001-0.009.sparql	SUBJECT_SUBJECT_JOIN	7	1	0.001	0
HIERARCHICAL	20	500000000	0	LEFT_LINEAR	query-SUBJECT_SUBJECT_JOIN-7-1-0.01-0.09.sparql	SUBJECT_SUBJECT_JOIN	7	1	0.01	0
HIERARCHICAL	20	500000000	0	LEFT_LINEAR	query-SUBJECT_OBJECT_JOIN-7-1-0.001-0.009.sparql	SUBJECT_OBJECT_JOIN	7	1	0.001	896579
HIERARCHICAL	20	500000000	0	RIGHT_LINEAR	query-SUBJECT_OBJECT_JOIN-1-1-0.01-0.09.sparql	SUBJECT_OBJECT_JOIN	1	1	0.01	163832
HIERARCHICAL	20	500000000	0	RIGHT_LINEAR	query-SUBJECT_SUBJECT_JOIN-1-1-0.001-0.009.sparql	SUBJECT_SUBJECT_JOIN	1	1	0.001	0
HIERARCHICAL	20	500000000	0	RIGHT_LINEAR	query-SUBJECT_OBJECT_JOIN-7-1-0.01-0.09.sparql	SUBJECT_OBJECT_JOIN	7	1	0.01	294170
HIERARCHICAL	20	500000000	0	RIGHT_LINEAR	query-SUBJECT_SUBJECT_JOIN-1-1-0.01-0.09.sparql	SUBJECT_SUBJECT_JOIN	1	1	0.01	0
HIERARCHICAL	20	500000000	0	RIGHT_LINEAR	query-SUBJECT_SUBJECT_JOIN-7-3-0.01-0.09.sparql	SUBJECT_SUBJECT_JOIN	7	3	0.01	0
HIERARCHICAL	20	500000000	0	RIGHT_LINEAR	query-SUBJECT_OBJECT_JOIN-1-1-0.001-0.009.sparql	SUBJECT_OBJECT_JOIN	1	1	0.001	1822
HIERARCHICAL	20	500000000	0	RIGHT_LINEAR	query-SUBJECT_OBJECT_JOIN-7-3-0.001-0.009.sparql	SUBJECT_OBJECT_JOIN	7	3	0.001	18013558
HIERARCHICAL	20	500000000	0	RIGHT_LINEAR	query-SUBJECT_SUBJECT_JOIN-7-3-0.001-0.009.sparql	SUBJECT_SUBJECT_JOIN	7	3	0.001	0
HIERARCHICAL	20	500000000	0	RIGHT_LINEAR	query-SUBJECT_OBJECT_JOIN-7-3-0.01-0.09.sparql	SUBJECT_OBJECT_JOIN	7	3	0.01	43614000
HIERARCHICAL	20	500000000	0	RIGHT_LINEAR	query-SUBJECT_SUBJECT_JOIN-7-1-0.001-0.009.sparql	SUBJECT_SUBJECT_JOIN	7	1	0.001	0
HIERARCHICAL	20	500000000	0	RIGHT_LINEAR	query-SUBJECT_SUBJECT_JOIN-7-1-0.01-0.09.sparql	SUBJECT_SUBJECT_JOIN	7	1	0.01	0
HIERARCHICAL	20	500000000	0	RIGHT_LINEAR	query-SUBJECT_OBJECT_JOIN-7-1-0.001-0.009.sparql	SUBJECT_OBJECT_JOIN	7	1	0.001	6310275
HIERARCHICAL	20	500000000	0	BUSHY	query-SUBJECT_SUBJECT_JOIN-7-3-0.01-0.09.sparql	SUBJECT_SUBJECT_JOIN	7	3	0.01	0
HIERARCHICAL	20	500000000	0	BUSHY	query-SUBJECT_OBJECT_JOIN-1-1-0.01-0.09.sparql	SUBJECT_OBJECT_JOIN	1	1	0.01	163832
HIERARCHICAL	20	500000000	0	BUSHY	query-SUBJECT_SUBJECT_JOIN-1-1-0.001-0.009.sparql	SUBJECT_SUBJECT_JOIN	1	1	0.001	0
HIERARCHICAL	20	500000000	0	BUSHY	query-SUBJECT_OBJECT_JOIN-7-1-0.01-0.09.sparql	SUBJECT_OBJECT_JOIN	7	1	0.01	360271
HIERARCHICAL	20	500000000	0	BUSHY	query-SUBJECT_SUBJECT_JOIN-1-1-0.01-0.09.sparql	SUBJECT_SUBJECT_JOIN	1	1	0.01	0
HIERARCHICAL	20	500000000	0	BUSHY	query-SUBJECT_OBJECT_JOIN-1-1-0.001-0.009.sparql	SUBJECT_OBJECT_JOIN	1	1	0.001	1822
HIERARCHICAL	20	500000000	0	BUSHY	query-SUBJECT_OBJECT_JOIN-7-3-0.001-0.009.sparql	SUBJECT_OBJECT_JOIN	7	3	0.001	56544902
HIERARCHICAL	20	500000000	0	BUSHY	query-SUBJECT_SUBJECT_JOIN-7-3-0.001-0.009.sparql	SUBJECT_SUBJECT_JOIN	7	3	0.001	0
HIERARCHICAL	20	500000000	0	BUSHY	query-SUBJECT_OBJECT_JOIN-7-3-0.01-0.09.sparql	SUBJECT_OBJECT_JOIN	7	3	0.01	13366967
HIERARCHICAL	20	500000000	0	BUSHY	query-SUBJECT_SUBJECT_JOIN-7-1-0.001-0.009.sparql	SUBJECT_SUBJECT_JOIN	7	1	0.001	0
HIERARCHICAL	20	500000000	0	BUSHY	query-SUBJECT_SUBJECT_JOIN-7-1-0.01-0.09.sparql	SUBJECT_SUBJECT_JOIN	7	1	0.01	0
HIERARCHICAL	20	500000000	0	BUSHY	query-SUBJECT_OBJECT_JOIN-7-1-0.001-0.009.sparql	SUBJECT_OBJECT_JOIN	7	1	0.001	2985174
HIERARCHICAL	20	2000000000	0	LEFT_LINEAR	query-SUBJECT_OBJECT_JOIN-1-1-0.01-0.09.sparql	SUBJECT_OBJECT_JOIN	1	1	0.01	324808
HIERARCHICAL	20	2000000000	0	LEFT_LINEAR	query-SUBJECT_SUBJECT_JOIN-1-1-0.001-0.009.sparql	SUBJECT_SUBJECT_JOIN	1	1	0.001	0
HIERARCHICAL	20	2000000000	0	LEFT_LINEAR	query-SUBJECT_OBJECT_JOIN-7-1-0.01-0.09.sparql	SUBJECT_OBJECT_JOIN	7	1	0.01	3568055
HIERARCHICAL	20	2000000000	0	LEFT_LINEAR	query-SUBJECT_SUBJECT_JOIN-1-1-0.01-0.09.sparql	SUBJECT_SUBJECT_JOIN	1	1	0.01	0
HIERARCHICAL	20	2000000000	0	LEFT_LINEAR	query-SUBJECT_SUBJECT_JOIN-7-3-0.01-0.09.sparql	SUBJECT_SUBJECT_JOIN	7	3	0.01	0
HIERARCHICAL	20	2000000000	0	LEFT_LINEAR	query-SUBJECT_OBJECT_JOIN-1-1-0.001-0.009.sparql	SUBJECT_OBJECT_JOIN	1	1	0.001	6810
HIERARCHICAL	20	2000000000	0	LEFT_LINEAR	query-SUBJECT_OBJECT_JOIN-7-3-0.001-0.009.sparql	SUBJECT_OBJECT_JOIN	7	3	0.001	339405050
HIERARCHICAL	20	2000000000	0	LEFT_LINEAR	query-SUBJECT_SUBJECT_JOIN-7-3-0.001-0.009.sparql	SUBJECT_SUBJECT_JOIN	7	3	0.001	0
HIERARCHICAL	20	2000000000	0	LEFT_LINEAR	query-SUBJECT_OBJECT_JOIN-7-3-0.01-0.09.sparql	SUBJECT_OBJECT_JOIN	7	3	0.01	27003944
HIERARCHICAL	20	2000000000	0	LEFT_LINEAR	query-SUBJECT_SUBJECT_JOIN-7-1-0.001-0.009.sparql	SUBJECT_SUBJECT_JOIN	7	1	0.001	0
HIERARCHICAL	20	2000000000	0	LEFT_LINEAR	query-SUBJECT_SUBJECT_JOIN-7-1-0.01-0.09.sparql	SUBJECT_SUBJECT_JOIN	7	1	0.01	0
HIERARCHICAL	20	2000000000	0	LEFT_LINEAR	query-SUBJECT_OBJECT_JOIN-7-1-0.001-0.009.sparql	SUBJECT_OBJECT_JOIN	7	1	0.001	11042797
HIERARCHICAL	20	2000000000	0	RIGHT_LINEAR	query-SUBJECT_OBJECT_JOIN-1-1-0.01-0.09.sparql	SUBJECT_OBJECT_JOIN	1	1	0.01	324808
HIERARCHICAL	20	2000000000	0	RIGHT_LINEAR	query-SUBJECT_SUBJECT_JOIN-1-1-0.001-0.009.sparql	SUBJECT_SUBJECT_JOIN	1	1	0.001	0
HIERARCHICAL	20	2000000000	0	RIGHT_LINEAR	query-SUBJECT_OBJECT_JOIN-7-1-0.01-0.09.sparql	SUBJECT_OBJECT_JOIN	7	1	0.01	3586464
HIERARCHICAL	20	2000000000	0	RIGHT_LINEAR	query-SUBJECT_SUBJECT_JOIN-1-1-0.01-0.09.sparql	SUBJECT_SUBJECT_JOIN	1	1	0.01	0
HIERARCHICAL	20	2000000000	0	RIGHT_LINEAR	query-SUBJECT_SUBJECT_JOIN-7-3-0.01-0.09.sparql	SUBJECT_SUBJECT_JOIN	7	3	0.01	0
HIERARCHICAL	20	2000000000	0	RIGHT_LINEAR	query-SUBJECT_OBJECT_JOIN-1-1-0.001-0.009.sparql	SUBJECT_OBJECT_JOIN	1	1	0.001	6810
HIERARCHICAL	20	2000000000	0	RIGHT_LINEAR	query-SUBJECT_OBJECT_JOIN-7-3-0.001-0.009.sparql	SUBJECT_OBJECT_JOIN	7	3	0.001	31637300
HIERARCHICAL	20	2000000000	0	RIGHT_LINEAR	query-SUBJECT_SUBJECT_JOIN-7-3-0.001-0.009.sparql	SUBJECT_SUBJECT_JOIN	7	3	0.001	0
HIERARCHICAL	20	2000000000	0	RIGHT_LINEAR	query-SUBJECT_OBJECT_JOIN-7-3-0.01-0.09.sparql	SUBJECT_OBJECT_JOIN	7	3	0.01	154987231
HIERARCHICAL	20	2000000000	0	RIGHT_LINEAR	query-SUBJECT_SUBJECT_JOIN-7-1-0.001-0.009.sparql	SUBJECT_SUBJECT_JOIN	7	1	0.001	0
HIERARCHICAL	20	2000000000	0	RIGHT_LINEAR	query-SUBJECT_SUBJECT_JOIN-7-1-0.01-0.09.sparql	SUBJECT_SUBJECT_JOIN	7	1	0.01	0
HIERARCHICAL	20	2000000000	0	RIGHT_LINEAR	query-SUBJECT_OBJECT_JOIN-7-1-0.001-0.009.sparql	SUBJECT_OBJECT_JOIN	7	1	0.001	43974372
HIERARCHICAL	20	2000000000	0	BUSHY	query-SUBJECT_OBJECT_JOIN-1-1-0.01-0.09.sparql	SUBJECT_OBJECT_JOIN	1	1	0.01	324808
HIERARCHICAL	20	2000000000	0	BUSHY	query-SUBJECT_SUBJECT_JOIN-1-1-0.001-0.009.sparql	SUBJECT_SUBJECT_JOIN	1	1	0.001	0
HIERARCHICAL	20	2000000000	0	BUSHY	query-SUBJECT_OBJECT_JOIN-7-1-0.01-0.09.sparql	SUBJECT_OBJECT_JOIN	7	1	0.01	1093436
HIERARCHICAL	20	2000000000	0	BUSHY	query-SUBJECT_SUBJECT_JOIN-1-1-0.01-0.09.sparql	SUBJECT_SUBJECT_JOIN	1	1	0.01	0
HIERARCHICAL	20	2000000000	0	BUSHY	query-SUBJECT_SUBJECT_JOIN-7-3-0.01-0.09.sparql	SUBJECT_SUBJECT_JOIN	7	3	0.01	0
HIERARCHICAL	20	2000000000	0	BUSHY	query-SUBJECT_OBJECT_JOIN-1-1-0.001-0.009.sparql	SUBJECT_OBJECT_JOIN	1	1	0.001	6810
HIERARCHICAL	20	2000000000	0	BUSHY	query-SUBJECT_OBJECT_JOIN-7-3-0.001-0.009.sparql	SUBJECT_OBJECT_JOIN	7	3	0.001	48122288
HIERARCHICAL	20	2000000000	0	BUSHY	query-SUBJECT_SUBJECT_JOIN-7-3-0.001-0.009.sparql	SUBJECT_SUBJECT_JOIN	7	3	0.001	0
HIERARCHICAL	20	2000000000	0	BUSHY	query-SUBJECT_OBJECT_JOIN-7-3-0.01-0.09.sparql	SUBJECT_OBJECT_JOIN	7	3	0.01	51996865
HIERARCHICAL	20	2000000000	0	BUSHY	query-SUBJECT_SUBJECT_JOIN-7-1-0.001-0.009.sparql	SUBJECT_SUBJECT_JOIN	7	1	0.001	0
HIERARCHICAL	20	2000000000	0	BUSHY	query-SUBJECT_SUBJECT_JOIN-7-1-0.01-0.09.sparql	SUBJECT_SUBJECT_JOIN	7	1	0.01	0
HIERARCHICAL	20	2000000000	0	BUSHY	query-SUBJECT_OBJECT_JOIN-7-1-0.001-0.009.sparql	SUBJECT_OBJECT_JOIN	7	1	0.001	21675860
MIN_EDGE_CUT	10	1000000000	0	LEFT_LINEAR	query-SUBJECT_OBJECT_JOIN-1-1-0.01-0.09.sparql	SUBJECT_OBJECT_JOIN	1	1	0.01	137560
MIN_EDGE_CUT	10	1000000000	0	LEFT_LINEAR	query-SUBJECT_SUBJECT_JOIN-1-1-0.001-0.009.sparql	SUBJECT_SUBJECT_JOIN	1	1	0.001	0
MIN_EDGE_CUT	10	1000000000	0	LEFT_LINEAR	query-SUBJECT_OBJECT_JOIN-7-1-0.01-0.09.sparql	SUBJECT_OBJECT_JOIN	7	1	0.01	262525
MIN_EDGE_CUT	10	1000000000	0	LEFT_LINEAR	query-SUBJECT_SUBJECT_JOIN-1-1-0.01-0.09.sparql	SUBJECT_SUBJECT_JOIN	1	1	0.01	0
MIN_EDGE_CUT	10	1000000000	0	LEFT_LINEAR	query-SUBJECT_SUBJECT_JOIN-7-3-0.01-0.09.sparql	SUBJECT_SUBJECT_JOIN	7	3	0.01	0
MIN_EDGE_CUT	10	1000000000	0	LEFT_LINEAR	query-SUBJECT_OBJECT_JOIN-1-1-0.001-0.009.sparql	SUBJECT_OBJECT_JOIN	1	1	0.001	2352
MIN_EDGE_CUT	10	1000000000	0	LEFT_LINEAR	query-SUBJECT_OBJECT_JOIN-7-3-0.001-0.009.sparql	SUBJECT_OBJECT_JOIN	7	3	0.001	125428736
MIN_EDGE_CUT	10	1000000000	0	LEFT_LINEAR	query-SUBJECT_SUBJECT_JOIN-7-3-0.001-0.009.sparql	SUBJECT_SUBJECT_JOIN	7	3	0.001	0
MIN_EDGE_CUT	10	1000000000	0	LEFT_LINEAR	query-SUBJECT_OBJECT_JOIN-7-3-0.01-0.09.sparql	SUBJECT_OBJECT_JOIN	7	3	0.01	13426645
MIN_EDGE_CUT	10	1000000000	0	LEFT_LINEAR	query-SUBJECT_SUBJECT_JOIN-7-1-0.001-0.009.sparql	SUBJECT_SUBJECT_JOIN	7	1	0.001	0
MIN_EDGE_CUT	10	1000000000	0	LEFT_LINEAR	query-SUBJECT_SUBJECT_JOIN-7-1-0.01-0.09.sparql	SUBJECT_SUBJECT_JOIN	7	1	0.01	0
MIN_EDGE_CUT	10	1000000000	0	LEFT_LINEAR	query-SUBJECT_OBJECT_JOIN-7-1-0.001-0.009.sparql	SUBJECT_OBJECT_JOIN	7	1	0.001	1991355
MIN_EDGE_CUT	10	1000000000	0	RIGHT_LINEAR	query-SUBJECT_OBJECT_JOIN-1-1-0.01-0.09.sparql	SUBJECT_OBJECT_JOIN	1	1	0.01	137560
MIN_EDGE_CUT	10	1000000000	0	RIGHT_LINEAR	query-SUBJECT_SUBJECT_JOIN-1-1-0.001-0.009.sparql	SUBJECT_SUBJECT_JOIN	1	1	0.001	0
MIN_EDGE_CUT	10	1000000000	0	RIGHT_LINEAR	query-SUBJECT_OBJECT_JOIN-7-1-0.01-0.09.sparql	SUBJECT_OBJECT_JOIN	7	1	0.01	1076666
MIN_EDGE_CUT	10	1000000000	0	RIGHT_LINEAR	query-SUBJECT_SUBJECT_JOIN-1-1-0.01-0.09.sparql	SUBJECT_SUBJECT_JOIN	1	1	0.01	0
MIN_EDGE_CUT	10	1000000000	0	RIGHT_LINEAR	query-SUBJECT_SUBJECT_JOIN-7-3-0.01-0.09.sparql	SUBJECT_SUBJECT_JOIN	7	3	0.01	0
MIN_EDGE_CUT	10	1000000000	0	RIGHT_LINEAR	query-SUBJECT_OBJECT_JOIN-1-1-0.001-0.009.sparql	SUBJECT_OBJECT_JOIN	1	1	0.001	2352
MIN_EDGE_CUT	10	1000000000	0	RIGHT_LINEAR	query-SUBJECT_OBJECT_JOIN-7-3-0.001-0.009.sparql	SUBJECT_OBJECT_JOIN	7	3	0.001	23996573
MIN_EDGE_CUT	10	1000000000	0	RIGHT_LINEAR	query-SUBJECT_SUBJECT_JOIN-7-3-0.001-0.009.sparql	SUBJECT_SUBJECT_JOIN	7	3	0.001	0
MIN_EDGE_CUT	10	1000000000	0	RIGHT_LINEAR	query-SUBJECT_OBJECT_JOIN-7-3-0.01-0.09.sparql	SUBJECT_OBJECT_JOIN	7	3	0.01	58239493
MIN_EDGE_CUT	10	1000000000	0	RIGHT_LINEAR	query-SUBJECT_SUBJECT_JOIN-7-1-0.001-0.009.sparql	SUBJECT_SUBJECT_JOIN	7	1	0.001	0
MIN_EDGE_CUT	10	1000000000	0	RIGHT_LINEAR	query-SUBJECT_SUBJECT_JOIN-7-1-0.01-0.09.sparql	SUBJECT_SUBJECT_JOIN	7	1	0.01	0
MIN_EDGE_CUT	10	1000000000	0	RIGHT_LINEAR	query-SUBJECT_OBJECT_JOIN-7-1-0.001-0.009.sparql	SUBJECT_OBJECT_JOIN	7	1	0.001	8918312
MIN_EDGE_CUT	10	1000000000	0	BUSHY	query-SUBJECT_OBJECT_JOIN-1-1-0.01-0.09.sparql	SUBJECT_OBJECT_JOIN	1	1	0.01	137560
MIN_EDGE_CUT	10	1000000000	0	BUSHY	query-SUBJECT_SUBJECT_JOIN-1-1-0.001-0.009.sparql	SUBJECT_SUBJECT_JOIN	1	1	0.001	0
MIN_EDGE_CUT	10	1000000000	0	BUSHY	query-SUBJECT_OBJECT_JOIN-7-1-0.01-0.09.sparql	SUBJECT_OBJECT_JOIN	7	1	0.01	440417
MIN_EDGE_CUT	10	1000000000	0	BUSHY	query-SUBJECT_SUBJECT_JOIN-1-1-0.01-0.09.sparql	SUBJECT_SUBJECT_JOIN	1	1	0.01	0
MIN_EDGE_CUT	10	1000000000	0	BUSHY	query-SUBJECT_SUBJECT_JOIN-7-3-0.01-0.09.sparql	SUBJECT_SUBJECT_JOIN	7	3	0.01	0
MIN_EDGE_CUT	10	1000000000	0	BUSHY	query-SUBJECT_OBJECT_JOIN-1-1-0.001-0.009.sparql	SUBJECT_OBJECT_JOIN	1	1	0.001	2352
MIN_EDGE_CUT	10	1000000000	0	BUSHY	query-SUBJECT_OBJECT_JOIN-7-3-0.001-0.009.sparql	SUBJECT_OBJECT_JOIN	7	3	0.001	16448514
MIN_EDGE_CUT	10	1000000000	0	BUSHY	query-SUBJECT_SUBJECT_JOIN-7-3-0.001-0.009.sparql	SUBJECT_SUBJECT_JOIN	7	3	0.001	0
MIN_EDGE_CUT	10	1000000000	0	BUSHY	query-SUBJECT_OBJECT_JOIN-7-3-0.01-0.09.sparql	SUBJECT_OBJECT_JOIN	7	3	0.01	20351074
MIN_EDGE_CUT	10	1000000000	0	BUSHY	query-SUBJECT_SUBJECT_JOIN-7-1-0.001-0.009.sparql	SUBJECT_SUBJECT_JOIN	7	1	0.001	0
MIN_EDGE_CUT	10	1000000000	0	BUSHY	query-SUBJECT_SUBJECT_JOIN-7-1-0.01-0.09.sparql	SUBJECT_SUBJECT_JOIN	7	1	0.01	0
MIN_EDGE_CUT	10	1000000000	0	BUSHY	query-SUBJECT_OBJECT_JOIN-7-1-0.001-0.009.sparql	SUBJECT_OBJECT_JOIN	7	1	0.001	5256728
MIN_EDGE_CUT	20	1000000000	0	LEFT_LINEAR	query-SUBJECT_OBJECT_JOIN-1-1-0.01-0.09.sparql	SUBJECT_OBJECT_JOIN	1	1	0.01	151256
MIN_EDGE_CUT	20	1000000000	0	LEFT_LINEAR	query-SUBJECT_SUBJECT_JOIN-1-1-0.001-0.009.sparql	SUBJECT_SUBJECT_JOIN	1	1	0.001	0
MIN_EDGE_CUT	20	1000000000	0	LEFT_LINEAR	query-SUBJECT_OBJECT_JOIN-7-1-0.01-0.09.sparql	SUBJECT_OBJECT_JOIN	7	1	0.01	286129
MIN_EDGE_CUT	20	1000000000	0	LEFT_LINEAR	query-SUBJECT_SUBJECT_JOIN-1-1-0.01-0.09.sparql	SUBJECT_SUBJECT_JOIN	1	1	0.01	0
MIN_EDGE_CUT	20	1000000000	0	LEFT_LINEAR	query-SUBJECT_SUBJECT_JOIN-7-3-0.01-0.09.sparql	SUBJECT_SUBJECT_JOIN	7	3	0.01	0
MIN_EDGE_CUT	20	1000000000	0	LEFT_LINEAR	query-SUBJECT_OBJECT_JOIN-1-1-0.001-0.009.sparql	SUBJECT_OBJECT_JOIN	1	1	0.001	2566
MIN_EDGE_CUT	20	1000000000	0	LEFT_LINEAR	query-SUBJECT_OBJECT_JOIN-7-3-0.001-0.009.sparql	SUBJECT_OBJECT_JOIN	7	3	0.001	110846464
MIN_EDGE_CUT	20	1000000000	0	LEFT_LINEAR	query-SUBJECT_SUBJECT_JOIN-7-3-0.001-0.009.sparql	SUBJECT_SUBJECT_JOIN	7	3	0.001	0
MIN_EDGE_CUT	20	1000000000	0	LEFT_LINEAR	query-SUBJECT_OBJECT_JOIN-7-3-0.01-0.09.sparql	SUBJECT_OBJECT_JOIN	7	3	0.01	14630461
MIN_EDGE_CUT	20	1000000000	0	LEFT_LINEAR	query-SUBJECT_SUBJECT_JOIN-7-1-0.001-0.009.sparql	SUBJECT_SUBJECT_JOIN	7	1	0.001	0
MIN_EDGE_CUT	20	1000000000	0	LEFT_LINEAR	query-SUBJECT_SUBJECT_JOIN-7-1-0.01-0.09.sparql	SUBJECT_SUBJECT_JOIN	7	1	0.01	0
MIN_EDGE_CUT	20	1000000000	0	LEFT_LINEAR	query-SUBJECT_OBJECT_JOIN-7-1-0.001-0.009.sparql	SUBJECT_OBJECT_JOIN	7	1	0.001	2153581
MIN_EDGE_CUT	20	1000000000	0	RIGHT_LINEAR	query-SUBJECT_OBJECT_JOIN-1-1-0.01-0.09.sparql	SUBJECT_OBJECT_JOIN	1	1	0.01	151256
MIN_EDGE_CUT	20	1000000000	0	RIGHT_LINEAR	query-SUBJECT_SUBJECT_JOIN-1-1-0.001-0.009.sparql	SUBJECT_SUBJECT_JOIN	1	1	0.001	0
MIN_EDGE_CUT	20	1000000000	0	RIGHT_LINEAR	query-SUBJECT_OBJECT_JOIN-7-1-0.01-0.09.sparql	SUBJECT_OBJECT_JOIN	7	1	0.01	1136517
MIN_EDGE_CUT	20	1000000000	0	RIGHT_LINEAR	query-SUBJECT_SUBJECT_JOIN-1-1-0.01-0.09.sparql	SUBJECT_SUBJECT_JOIN	1	1	0.01	0
MIN_EDGE_CUT	20	1000000000	0	RIGHT_LINEAR	query-SUBJECT_SUBJECT_JOIN-7-3-0.01-0.09.sparql	SUBJECT_SUBJECT_JOIN	7	3	0.01	0
MIN_EDGE_CUT	20	1000000000	0	RIGHT_LINEAR	query-SUBJECT_OBJECT_JOIN-1-1-0.001-0.009.sparql	SUBJECT_OBJECT_JOIN	1	1	0.001	2566
MIN_EDGE_CUT	20	1000000000	0	RIGHT_LINEAR	query-SUBJECT_OBJECT_JOIN-7-3-0.001-0.009.sparql	SUBJECT_OBJECT_JOIN	7	3	0.001	52312425
MIN_EDGE_CUT	20	1000000000	0	RIGHT_LINEAR	query-SUBJECT_SUBJECT_JOIN-7-3-0.001-0.009.sparql	SUBJECT_SUBJECT_JOIN	7	3	0.001	0
MIN_EDGE_CUT	20	1000000000	0	RIGHT_LINEAR	query-SUBJECT_OBJECT_JOIN-7-3-0.01-0.09.sparql	SUBJECT_OBJECT_JOIN	7	3	0.01	69005193
MIN_EDGE_CUT	20	1000000000	0	RIGHT_LINEAR	query-SUBJECT_SUBJECT_JOIN-7-1-0.001-0.009.sparql	SUBJECT_SUBJECT_JOIN	7	1	0.001	0
MIN_EDGE_CUT	20	1000000000	0	RIGHT_LINEAR	query-SUBJECT_SUBJECT_JOIN-7-1-0.01-0.09.sparql	SUBJECT_SUBJECT_JOIN	7	1	0.01	0
MIN_EDGE_CUT	20	1000000000	0	RIGHT_LINEAR	query-SUBJECT_OBJECT_JOIN-7-1-0.001-0.009.sparql	SUBJECT_OBJECT_JOIN	7	1	0.001	9720160
MIN_EDGE_CUT	20	1000000000	0	BUSHY	query-SUBJECT_OBJECT_JOIN-1-1-0.01-0.09.sparql	SUBJECT_OBJECT_JOIN	1	1	0.01	151256
MIN_EDGE_CUT	20	1000000000	0	BUSHY	query-SUBJECT_SUBJECT_JOIN-1-1-0.001-0.009.sparql	SUBJECT_SUBJECT_JOIN	1	1	0.001	0
MIN_EDGE_CUT	20	1000000000	0	BUSHY	query-SUBJECT_OBJECT_JOIN-7-1-0.01-0.09.sparql	SUBJECT_OBJECT_JOIN	7	1	0.01	477513
MIN_EDGE_CUT	20	1000000000	0	BUSHY	query-SUBJECT_SUBJECT_JOIN-1-1-0.01-0.09.sparql	SUBJECT_SUBJECT_JOIN	1	1	0.01	0
MIN_EDGE_CUT	20	1000000000	0	BUSHY	query-SUBJECT_SUBJECT_JOIN-7-3-0.01-0.09.sparql	SUBJECT_SUBJECT_JOIN	7	3	0.01	0
MIN_EDGE_CUT	20	1000000000	0	BUSHY	query-SUBJECT_OBJECT_JOIN-1-1-0.001-0.009.sparql	SUBJECT_OBJECT_JOIN	1	1	0.001	2566
MIN_EDGE_CUT	20	1000000000	0	BUSHY	query-SUBJECT_OBJECT_JOIN-7-3-0.001-0.009.sparql	SUBJECT_OBJECT_JOIN	7	3	0.001	23873891
MIN_EDGE_CUT	20	1000000000	0	BUSHY	query-SUBJECT_SUBJECT_JOIN-7-3-0.001-0.009.sparql	SUBJECT_SUBJECT_JOIN	7	3	0.001	0
MIN_EDGE_CUT	20	1000000000	0	BUSHY	query-SUBJECT_OBJECT_JOIN-7-3-0.01-0.09.sparql	SUBJECT_OBJECT_JOIN	7	3	0.01	22259227
MIN_EDGE_CUT	20	1000000000	0	BUSHY	query-SUBJECT_SUBJECT_JOIN-7-1-0.001-0.009.sparql	SUBJECT_SUBJECT_JOIN	7	1	0.001	0
MIN_EDGE_CUT	20	1000000000	0	BUSHY	query-SUBJECT_SUBJECT_JOIN-7-1-0.01-0.09.sparql	SUBJECT_SUBJECT_JOIN	7	1	0.01	0
MIN_EDGE_CUT	20	1000000000	0	BUSHY	query-SUBJECT_OBJECT_JOIN-7-1-0.001-0.009.sparql	SUBJECT_OBJECT_JOIN	7	1	0.001	5671077
MIN_EDGE_CUT	40	1000000000	0	LEFT_LINEAR	query-SUBJECT_OBJECT_JOIN-1-1-0.01-0.09.sparql	SUBJECT_OBJECT_JOIN	1	1	0.01	159402
MIN_EDGE_CUT	40	1000000000	0	LEFT_LINEAR	query-SUBJECT_SUBJECT_JOIN-1-1-0.001-0.009.sparql	SUBJECT_SUBJECT_JOIN	1	1	0.001	0
MIN_EDGE_CUT	40	1000000000	0	LEFT_LINEAR	query-SUBJECT_OBJECT_JOIN-7-1-0.01-0.09.sparql	SUBJECT_OBJECT_JOIN	7	1	0.01	298442
MIN_EDGE_CUT	40	1000000000	0	LEFT_LINEAR	query-SUBJECT_SUBJECT_JOIN-1-1-0.01-0.09.sparql	SUBJECT_SUBJECT_JOIN	1	1	0.01	0
MIN_EDGE_CUT	40	1000000000	0	LEFT_LINEAR	query-SUBJECT_SUBJECT_JOIN-7-3-0.01-0.09.sparql	SUBJECT_SUBJECT_JOIN	7	3	0.01	0
MIN_EDGE_CUT	40	1000000000	0	LEFT_LINEAR	query-SUBJECT_OBJECT_JOIN-1-1-0.001-0.009.sparql	SUBJECT_OBJECT_JOIN	1	1	0.001	2600
MIN_EDGE_CUT	40	1000000000	0	LEFT_LINEAR	query-SUBJECT_OBJECT_JOIN-7-3-0.001-0.009.sparql	SUBJECT_OBJECT_JOIN	7	3	0.001	456839660
MIN_EDGE_CUT	40	1000000000	0	LEFT_LINEAR	query-SUBJECT_SUBJECT_JOIN-7-3-0.001-0.009.sparql	SUBJECT_SUBJECT_JOIN	7	3	0.001	0
MIN_EDGE_CUT	40	1000000000	0	LEFT_LINEAR	query-SUBJECT_OBJECT_JOIN-7-3-0.01-0.09.sparql	SUBJECT_OBJECT_JOIN	7	3	0.01	15359106
MIN_EDGE_CUT	40	1000000000	0	LEFT_LINEAR	query-SUBJECT_SUBJECT_JOIN-7-1-0.001-0.009.sparql	SUBJECT_SUBJECT_JOIN	7	1	0.001	0
MIN_EDGE_CUT	40	1000000000	0	LEFT_LINEAR	query-SUBJECT_SUBJECT_JOIN-7-1-0.01-0.09.sparql	SUBJECT_SUBJECT_JOIN	7	1	0.01	0
MIN_EDGE_CUT	40	1000000000	0	LEFT_LINEAR	query-SUBJECT_OBJECT_JOIN-7-1-0.001-0.009.sparql	SUBJECT_OBJECT_JOIN	7	1	0.001	2255294
MIN_EDGE_CUT	40	1000000000	0	RIGHT_LINEAR	query-SUBJECT_OBJECT_JOIN-1-1-0.01-0.09.sparql	SUBJECT_OBJECT_JOIN	1	1	0.01	159402
MIN_EDGE_CUT	40	1000000000	0	RIGHT_LINEAR	query-SUBJECT_SUBJECT_JOIN-1-1-0.001-0.009.sparql	SUBJECT_SUBJECT_JOIN	1	1	0.001	0
MIN_EDGE_CUT	40	1000000000	0	RIGHT_LINEAR	query-SUBJECT_OBJECT_JOIN-7-1-0.01-0.09.sparql	SUBJECT_OBJECT_JOIN	7	1	0.01	1189179
MIN_EDGE_CUT	40	1000000000	0	RIGHT_LINEAR	query-SUBJECT_SUBJECT_JOIN-1-1-0.01-0.09.sparql	SUBJECT_SUBJECT_JOIN	1	1	0.01	0
MIN_EDGE_CUT	40	1000000000	0	RIGHT_LINEAR	query-SUBJECT_SUBJECT_JOIN-7-3-0.01-0.09.sparql	SUBJECT_SUBJECT_JOIN	7	3	0.01	0
MIN_EDGE_CUT	40	1000000000	0	RIGHT_LINEAR	query-SUBJECT_OBJECT_JOIN-1-1-0.001-0.009.sparql	SUBJECT_OBJECT_JOIN	1	1	0.001	2600
MIN_EDGE_CUT	40	1000000000	0	RIGHT_LINEAR	query-SUBJECT_OBJECT_JOIN-7-3-0.001-0.009.sparql	SUBJECT_OBJECT_JOIN	7	3	0.001	83919368
MIN_EDGE_CUT	40	1000000000	0	RIGHT_LINEAR	query-SUBJECT_SUBJECT_JOIN-7-3-0.001-0.009.sparql	SUBJECT_SUBJECT_JOIN	7	3	0.001	0
MIN_EDGE_CUT	40	1000000000	0	RIGHT_LINEAR	query-SUBJECT_OBJECT_JOIN-7-3-0.01-0.09.sparql	SUBJECT_OBJECT_JOIN	7	3	0.01	72917391
MIN_EDGE_CUT	40	1000000000	0	RIGHT_LINEAR	query-SUBJECT_SUBJECT_JOIN-7-1-0.001-0.009.sparql	SUBJECT_SUBJECT_JOIN	7	1	0.001	0
MIN_EDGE_CUT	40	1000000000	0	RIGHT_LINEAR	query-SUBJECT_SUBJECT_JOIN-7-1-0.01-0.09.sparql	SUBJECT_SUBJECT_JOIN	7	1	0.01	0
MIN_EDGE_CUT	40	1000000000	0	RIGHT_LINEAR	query-SUBJECT_OBJECT_JOIN-7-1-0.001-0.009.sparql	SUBJECT_OBJECT_JOIN	7	1	0.001	10291820
MIN_EDGE_CUT	40	1000000000	0	BUSHY	query-SUBJECT_OBJECT_JOIN-1-1-0.01-0.09.sparql	SUBJECT_OBJECT_JOIN	1	1	0.01	159402
MIN_EDGE_CUT	40	1000000000	0	BUSHY	query-SUBJECT_SUBJECT_JOIN-1-1-0.001-0.009.sparql	SUBJECT_SUBJECT_JOIN	1	1	0.001	0
MIN_EDGE_CUT	40	1000000000	0	BUSHY	query-SUBJECT_OBJECT_JOIN-7-1-0.01-0.09.sparql	SUBJECT_OBJECT_JOIN	7	1	0.01	498120
MIN_EDGE_CUT	40	1000000000	0	BUSHY	query-SUBJECT_SUBJECT_JOIN-1-1-0.01-0.09.sparql	SUBJECT_SUBJECT_JOIN	1	1	0.01	0
MIN_EDGE_CUT	40	1000000000	0	BUSHY	query-SUBJECT_SUBJECT_JOIN-7-3-0.01-0.09.sparql	SUBJECT_SUBJECT_JOIN	7	3	0.01	0
MIN_EDGE_CUT	40	1000000000	0	BUSHY	query-SUBJECT_OBJECT_JOIN-1-1-0.001-0.009.sparql	SUBJECT_OBJECT_JOIN	1	1	0.001	2600
MIN_EDGE_CUT	40	1000000000	0	BUSHY	query-SUBJECT_OBJECT_JOIN-7-3-0.001-0.009.sparql	SUBJECT_OBJECT_JOIN	7	3	0.001	50130591
MIN_EDGE_CUT	40	1000000000	0	BUSHY	query-SUBJECT_SUBJECT_JOIN-7-3-0.001-0.009.sparql	SUBJECT_SUBJECT_JOIN	7	3	0.001	0
MIN_EDGE_CUT	40	1000000000	0	BUSHY	query-SUBJECT_OBJECT_JOIN-7-3-0.01-0.09.sparql	SUBJECT_OBJECT_JOIN	7	3	0.01	23227684
MIN_EDGE_CUT	40	1000000000	0	BUSHY	query-SUBJECT_SUBJECT_JOIN-7-1-0.001-0.009.sparql	SUBJECT_SUBJECT_JOIN	7	1	0.001	0
MIN_EDGE_CUT	40	1000000000	0	BUSHY	query-SUBJECT_SUBJECT_JOIN-7-1-0.01-0.09.sparql	SUBJECT_SUBJECT_JOIN	7	1	0.01	0
MIN_EDGE_CUT	40	1000000000	0	BUSHY	query-SUBJECT_OBJECT_JOIN-7-1-0.001-0.009.sparql	SUBJECT_OBJECT_JOIN	7	1	0.001	5940979
MIN_EDGE_CUT	20	500000000	0	LEFT_LINEAR	query-SUBJECT_OBJECT_JOIN-1-1-0.01-0.09.sparql	SUBJECT_OBJECT_JOIN	1	1	0.01	116576
MIN_EDGE_CUT	20	500000000	0	LEFT_LINEAR	query-SUBJECT_SUBJECT_JOIN-1-1-0.001-0.009.sparql	SUBJECT_SUBJECT_JOIN	1	1	0.001	0
MIN_EDGE_CUT	20	500000000	0	LEFT_LINEAR	query-SUBJECT_OBJECT_JOIN-7-1-0.01-0.09.sparql	SUBJECT_OBJECT_JOIN	7	1	0.01	178337
MIN_EDGE_CUT	20	500000000	0	LEFT_LINEAR	query-SUBJECT_SUBJECT_JOIN-1-1-0.01-0.09.sparql	SUBJECT_SUBJECT_JOIN	1	1	0.01	0
MIN_EDGE_CUT	20	500000000	0	LEFT_LINEAR	query-SUBJECT_SUBJECT_JOIN-7-3-0.01-0.09.sparql	SUBJECT_SUBJECT_JOIN	7	3	0.01	0
MIN_EDGE_CUT	20	500000000	0	LEFT_LINEAR	query-SUBJECT_OBJECT_JOIN-1-1-0.001-0.009.sparql	SUBJECT_OBJECT_JOIN	1	1	0.001	1798
MIN_EDGE_CUT	20	500000000	0	LEFT_LINEAR	query-SUBJECT_OBJECT_JOIN-7-3-0.001-0.009.sparql	SUBJECT_OBJECT_JOIN	7	3	0.001	393792505
MIN_EDGE_CUT	20	500000000	0	LEFT_LINEAR	query-SUBJECT_SUBJECT_JOIN-7-3-0.001-0.009.sparql	SUBJECT_SUBJECT_JOIN	7	3	0.001	0
MIN_EDGE_CUT	20	500000000	0	LEFT_LINEAR	query-SUBJECT_OBJECT_JOIN-7-3-0.01-0.09.sparql	SUBJECT_OBJECT_JOIN	7	3	0.01	6396085
MIN_EDGE_CUT	20	500000000	0	LEFT_LINEAR	query-SUBJECT_SUBJECT_JOIN-7-1-0.001-0.009.sparql	SUBJECT_SUBJECT_JOIN	7	1	0.001	0
MIN_EDGE_CUT	20	500000000	0	LEFT_LINEAR	query-SUBJECT_SUBJECT_JOIN-7-1-0.01-0.09.sparql	SUBJECT_SUBJECT_JOIN	7	1	0.01	0
MIN_EDGE_CUT	20	500000000	0	LEFT_LINEAR	query-SUBJECT_OBJECT_JOIN-7-1-0.001-0.009.sparql	SUBJECT_OBJECT_JOIN	7	1	0.001	772910
MIN_EDGE_CUT	20	500000000	0	RIGHT_LINEAR	query-SUBJECT_OBJECT_JOIN-1-1-0.01-0.09.sparql	SUBJECT_OBJECT_JOIN	1	1	0.01	116576
MIN_EDGE_CUT	20	500000000	0	RIGHT_LINEAR	query-SUBJECT_SUBJECT_JOIN-1-1-0.001-0.009.sparql	SUBJECT_SUBJECT_JOIN	1	1	0.001	0
MIN_EDGE_CUT	20	500000000	0	RIGHT_LINEAR	query-SUBJECT_OBJECT_JOIN-7-1-0.01-0.09.sparql	SUBJECT_OBJECT_JOIN	7	1	0.01	436820
MIN_EDGE_CUT	20	500000000	0	RIGHT_LINEAR	query-SUBJECT_SUBJECT_JOIN-1-1-0.01-0.09.sparql	SUBJECT_SUBJECT_JOIN	1	1	0.01	0
MIN_EDGE_CUT	20	500000000	0	RIGHT_LINEAR	query-SUBJECT_SUBJECT_JOIN-7-3-0.01-0.09.sparql	SUBJECT_SUBJECT_JOIN	7	3	0.01	0
MIN_EDGE_CUT	20	500000000	0	RIGHT_LINEAR	query-SUBJECT_OBJECT_JOIN-1-1-0.001-0.009.sparql	SUBJECT_OBJECT_JOIN	1	1	0.001	1798
MIN_EDGE_CUT	20	500000000	0	RIGHT_LINEAR	query-SUBJECT_OBJECT_JOIN-7-3-0.001-0.009.sparql	SUBJECT_OBJECT_JOIN	7	3	0.001	57238430
MIN_EDGE_CUT	20	500000000	0	RIGHT_LINEAR	query-SUBJECT_SUBJECT_JOIN-7-3-0.001-0.009.sparql	SUBJECT_SUBJECT_JOIN	7	3	0.001	0
MIN_EDGE_CUT	20	500000000	0	RIGHT_LINEAR	query-SUBJECT_OBJECT_JOIN-7-3-0.01-0.09.sparql	SUBJECT_OBJECT_JOIN	7	3	0.01	32522028
MIN_EDGE_CUT	20	500000000	0	RIGHT_LINEAR	query-SUBJECT_SUBJECT_JOIN-7-1-0.001-0.009.sparql	SUBJECT_SUBJECT_JOIN	7	1	0.001	0
MIN_EDGE_CUT	20	500000000	0	RIGHT_LINEAR	query-SUBJECT_SUBJECT_JOIN-7-1-0.01-0.09.sparql	SUBJECT_SUBJECT_JOIN	7	1	0.01	0
MIN_EDGE_CUT	20	500000000	0	RIGHT_LINEAR	query-SUBJECT_OBJECT_JOIN-7-1-0.001-0.009.sparql	SUBJECT_OBJECT_JOIN	7	1	0.001	3795640
MIN_EDGE_CUT	20	500000000	0	BUSHY	query-SUBJECT_OBJECT_JOIN-1-1-0.01-0.09.sparql	SUBJECT_OBJECT_JOIN	1	1	0.01	116576
MIN_EDGE_CUT	20	500000000	0	BUSHY	query-SUBJECT_SUBJECT_JOIN-1-1-0.001-0.009.sparql	SUBJECT_SUBJECT_JOIN	1	1	0.001	0
MIN_EDGE_CUT	20	500000000	0	BUSHY	query-SUBJECT_OBJECT_JOIN-7-1-0.01-0.09.sparql	SUBJECT_OBJECT_JOIN	7	1	0.01	346176
MIN_EDGE_CUT	20	500000000	0	BUSHY	query-SUBJECT_SUBJECT_JOIN-1-1-0.01-0.09.sparql	SUBJECT_SUBJECT_JOIN	1	1	0.01	0
MIN_EDGE_CUT	20	500000000	0	BUSHY	query-SUBJECT_SUBJECT_JOIN-7-3-0.01-0.09.sparql	SUBJECT_SUBJECT_JOIN	7	3	0.01	0
MIN_EDGE_CUT	20	500000000	0	BUSHY	query-SUBJECT_OBJECT_JOIN-1-1-0.001-0.009.sparql	SUBJECT_OBJECT_JOIN	1	1	0.001	1798
MIN_EDGE_CUT	20	500000000	0	BUSHY	query-SUBJECT_OBJECT_JOIN-7-3-0.001-0.009.sparql	SUBJECT_OBJECT_JOIN	7	3	0.001	13272391
MIN_EDGE_CUT	20	500000000	0	BUSHY	query-SUBJECT_SUBJECT_JOIN-7-3-0.001-0.009.sparql	SUBJECT_SUBJECT_JOIN	7	3	0.001	0
MIN_EDGE_CUT	20	500000000	0	BUSHY	query-SUBJECT_OBJECT_JOIN-7-3-0.01-0.09.sparql	SUBJECT_OBJECT_JOIN	7	3	0.01	11206756
MIN_EDGE_CUT	20	500000000	0	BUSHY	query-SUBJECT_SUBJECT_JOIN-7-1-0.001-0.009.sparql	SUBJECT_SUBJECT_JOIN	7	1	0.001	0
MIN_EDGE_CUT	20	500000000	0	BUSHY	query-SUBJECT_SUBJECT_JOIN-7-1-0.01-0.09.sparql	SUBJECT_SUBJECT_JOIN	7	1	0.01	0
MIN_EDGE_CUT	20	500000000	0	BUSHY	query-SUBJECT_OBJECT_JOIN-7-1-0.001-0.009.sparql	SUBJECT_OBJECT_JOIN	7	1	0.001	2548340
MIN_EDGE_CUT	20	2000000000	0	LEFT_LINEAR	query-SUBJECT_OBJECT_JOIN-7-3-0.001-0.009.sparql	SUBJECT_OBJECT_JOIN	7	3	0.001	197281135
MIN_EDGE_CUT	20	2000000000	0	LEFT_LINEAR	query-SUBJECT_OBJECT_JOIN-1-1-0.01-0.09.sparql	SUBJECT_OBJECT_JOIN	1	1	0.01	215924
MIN_EDGE_CUT	20	2000000000	0	LEFT_LINEAR	query-SUBJECT_SUBJECT_JOIN-1-1-0.001-0.009.sparql	SUBJECT_SUBJECT_JOIN	1	1	0.001	0
MIN_EDGE_CUT	20	2000000000	0	LEFT_LINEAR	query-SUBJECT_OBJECT_JOIN-7-1-0.01-0.09.sparql	SUBJECT_OBJECT_JOIN	7	1	0.01	4369949
MIN_EDGE_CUT	20	2000000000	0	LEFT_LINEAR	query-SUBJECT_SUBJECT_JOIN-1-1-0.01-0.09.sparql	SUBJECT_SUBJECT_JOIN	1	1	0.01	0
MIN_EDGE_CUT	20	2000000000	0	LEFT_LINEAR	query-SUBJECT_SUBJECT_JOIN-7-3-0.01-0.09.sparql	SUBJECT_SUBJECT_JOIN	7	3	0.01	0
MIN_EDGE_CUT	20	2000000000	0	LEFT_LINEAR	query-SUBJECT_OBJECT_JOIN-1-1-0.001-0.009.sparql	SUBJECT_OBJECT_JOIN	1	1	0.001	6820
MIN_EDGE_CUT	20	2000000000	0	LEFT_LINEAR	query-SUBJECT_SUBJECT_JOIN-7-3-0.001-0.009.sparql	SUBJECT_SUBJECT_JOIN	7	3	0.001	0
MIN_EDGE_CUT	20	2000000000	0	LEFT_LINEAR	query-SUBJECT_OBJECT_JOIN-7-3-0.01-0.09.sparql	SUBJECT_OBJECT_JOIN	7	3	0.01	31656931
MIN_EDGE_CUT	20	2000000000	0	LEFT_LINEAR	query-SUBJECT_SUBJECT_JOIN-7-1-0.001-0.009.sparql	SUBJECT_SUBJECT_JOIN	7	1	0.001	0
MIN_EDGE_CUT	20	2000000000	0	LEFT_LINEAR	query-SUBJECT_SUBJECT_JOIN-7-1-0.01-0.09.sparql	SUBJECT_SUBJECT_JOIN	7	1	0.01	0
MIN_EDGE_CUT	20	2000000000	0	LEFT_LINEAR	query-SUBJECT_OBJECT_JOIN-7-1-0.001-0.009.sparql	SUBJECT_OBJECT_JOIN	7	1	0.001	9018322
MIN_EDGE_CUT	20	2000000000	0	RIGHT_LINEAR	query-SUBJECT_OBJECT_JOIN-1-1-0.01-0.09.sparql	SUBJECT_OBJECT_JOIN	1	1	0.01	215924
MIN_EDGE_CUT	20	2000000000	0	RIGHT_LINEAR	query-SUBJECT_SUBJECT_JOIN-1-1-0.001-0.009.sparql	SUBJECT_SUBJECT_JOIN	1	1	0.001	0
MIN_EDGE_CUT	20	2000000000	0	RIGHT_LINEAR	query-SUBJECT_OBJECT_JOIN-7-1-0.01-0.09.sparql	SUBJECT_OBJECT_JOIN	7	1	0.01	11791569
MIN_EDGE_CUT	20	2000000000	0	RIGHT_LINEAR	query-SUBJECT_SUBJECT_JOIN-1-1-0.01-0.09.sparql	SUBJECT_SUBJECT_JOIN	1	1	0.01	0
MIN_EDGE_CUT	20	2000000000	0	RIGHT_LINEAR	query-SUBJECT_SUBJECT_JOIN-7-3-0.01-0.09.sparql	SUBJECT_SUBJECT_JOIN	7	3	0.01	0
MIN_EDGE_CUT	20	2000000000	0	RIGHT_LINEAR	query-SUBJECT_OBJECT_JOIN-1-1-0.001-0.009.sparql	SUBJECT_OBJECT_JOIN	1	1	0.001	6820
MIN_EDGE_CUT	20	2000000000	0	RIGHT_LINEAR	query-SUBJECT_OBJECT_JOIN-7-3-0.001-0.009.sparql	SUBJECT_OBJECT_JOIN	7	3	0.001	80223338
MIN_EDGE_CUT	20	2000000000	0	RIGHT_LINEAR	query-SUBJECT_SUBJECT_JOIN-7-3-0.001-0.009.sparql	SUBJECT_SUBJECT_JOIN	7	3	0.001	0
MIN_EDGE_CUT	20	2000000000	0	RIGHT_LINEAR	query-SUBJECT_OBJECT_JOIN-7-3-0.01-0.09.sparql	SUBJECT_OBJECT_JOIN	7	3	0.01	112541639
MIN_EDGE_CUT	20	2000000000	0	RIGHT_LINEAR	query-SUBJECT_SUBJECT_JOIN-7-1-0.001-0.009.sparql	SUBJECT_SUBJECT_JOIN	7	1	0.001	0
MIN_EDGE_CUT	20	2000000000	0	RIGHT_LINEAR	query-SUBJECT_SUBJECT_JOIN-7-1-0.01-0.09.sparql	SUBJECT_SUBJECT_JOIN	7	1	0.01	0
MIN_EDGE_CUT	20	2000000000	0	RIGHT_LINEAR	query-SUBJECT_OBJECT_JOIN-7-1-0.001-0.009.sparql	SUBJECT_OBJECT_JOIN	7	1	0.001	35834025
MIN_EDGE_CUT	20	2000000000	0	BUSHY	query-SUBJECT_OBJECT_JOIN-1-1-0.01-0.09.sparql	SUBJECT_OBJECT_JOIN	1	1	0.01	215924
MIN_EDGE_CUT	20	2000000000	0	BUSHY	query-SUBJECT_SUBJECT_JOIN-1-1-0.001-0.009.sparql	SUBJECT_SUBJECT_JOIN	1	1	0.001	0
MIN_EDGE_CUT	20	2000000000	0	BUSHY	query-SUBJECT_OBJECT_JOIN-7-1-0.01-0.09.sparql	SUBJECT_OBJECT_JOIN	7	1	0.01	937108
MIN_EDGE_CUT	20	2000000000	0	BUSHY	query-SUBJECT_SUBJECT_JOIN-1-1-0.01-0.09.sparql	SUBJECT_SUBJECT_JOIN	1	1	0.01	0
MIN_EDGE_CUT	20	2000000000	0	BUSHY	query-SUBJECT_SUBJECT_JOIN-7-3-0.01-0.09.sparql	SUBJECT_SUBJECT_JOIN	7	3	0.01	0
MIN_EDGE_CUT	20	2000000000	0	BUSHY	query-SUBJECT_OBJECT_JOIN-1-1-0.001-0.009.sparql	SUBJECT_OBJECT_JOIN	1	1	0.001	6820
MIN_EDGE_CUT	20	2000000000	0	BUSHY	query-SUBJECT_OBJECT_JOIN-7-3-0.001-0.009.sparql	SUBJECT_OBJECT_JOIN	7	3	0.001	24255118
MIN_EDGE_CUT	20	2000000000	0	BUSHY	query-SUBJECT_SUBJECT_JOIN-7-3-0.001-0.009.sparql	SUBJECT_SUBJECT_JOIN	7	3	0.001	0
MIN_EDGE_CUT	20	2000000000	0	BUSHY	query-SUBJECT_OBJECT_JOIN-7-3-0.01-0.09.sparql	SUBJECT_OBJECT_JOIN	7	3	0.01	39426454
MIN_EDGE_CUT	20	2000000000	0	BUSHY	query-SUBJECT_SUBJECT_JOIN-7-1-0.001-0.009.sparql	SUBJECT_SUBJECT_JOIN	7	1	0.001	0
MIN_EDGE_CUT	20	2000000000	0	BUSHY	query-SUBJECT_SUBJECT_JOIN-7-1-0.01-0.09.sparql	SUBJECT_SUBJECT_JOIN	7	1	0.01	0
MIN_EDGE_CUT	20	2000000000	0	BUSHY	query-SUBJECT_OBJECT_JOIN-7-1-0.001-0.009.sparql	SUBJECT_OBJECT_JOIN	7	1	0.001	19261060
VERTICAL	10	1000000000	0	LEFT_LINEAR	query-SUBJECT_OBJECT_JOIN-7-1-0.01-0.09.sparql	SUBJECT_OBJECT_JOIN	7	1	0.01	28722506
VERTICAL	10	1000000000	0	LEFT_LINEAR	query-SUBJECT_OBJECT_JOIN-7-3-0.01-0.09.sparql	SUBJECT_OBJECT_JOIN	7	3	0.01	24011625
VERTICAL	10	1000000000	0	LEFT_LINEAR	query-SUBJECT_OBJECT_JOIN-1-1-0.01-0.09.sparql	SUBJECT_OBJECT_JOIN	1	1	0.01	28413776
VERTICAL	10	1000000000	0	LEFT_LINEAR	query-SUBJECT_SUBJECT_JOIN-1-1-0.001-0.009.sparql	SUBJECT_SUBJECT_JOIN	1	1	0.001	737466
VERTICAL	10	1000000000	0	LEFT_LINEAR	query-SUBJECT_SUBJECT_JOIN-1-1-0.01-0.09.sparql	SUBJECT_SUBJECT_JOIN	1	1	0.01	83326
VERTICAL	10	1000000000	0	LEFT_LINEAR	query-SUBJECT_SUBJECT_JOIN-7-3-0.01-0.09.sparql	SUBJECT_SUBJECT_JOIN	7	3	0.01	40488188
VERTICAL	10	1000000000	0	LEFT_LINEAR	query-SUBJECT_OBJECT_JOIN-1-1-0.001-0.009.sparql	SUBJECT_OBJECT_JOIN	1	1	0.001	1423620
VERTICAL	10	1000000000	0	LEFT_LINEAR	query-SUBJECT_OBJECT_JOIN-7-3-0.001-0.009.sparql	SUBJECT_OBJECT_JOIN	7	3	0.001	46380886
VERTICAL	10	1000000000	0	LEFT_LINEAR	query-SUBJECT_SUBJECT_JOIN-7-3-0.001-0.009.sparql	SUBJECT_SUBJECT_JOIN	7	3	0.001	8334770
VERTICAL	10	1000000000	0	LEFT_LINEAR	query-SUBJECT_SUBJECT_JOIN-7-1-0.001-0.009.sparql	SUBJECT_SUBJECT_JOIN	7	1	0.001	6079168
VERTICAL	10	1000000000	0	LEFT_LINEAR	query-SUBJECT_SUBJECT_JOIN-7-1-0.01-0.09.sparql	SUBJECT_SUBJECT_JOIN	7	1	0.01	13385728
VERTICAL	10	1000000000	0	LEFT_LINEAR	query-SUBJECT_OBJECT_JOIN-7-1-0.001-0.009.sparql	SUBJECT_OBJECT_JOIN	7	1	0.001	9338489
VERTICAL	10	1000000000	0	RIGHT_LINEAR	query-SUBJECT_OBJECT_JOIN-1-1-0.01-0.09.sparql	SUBJECT_OBJECT_JOIN	1	1	0.01	28413776
VERTICAL	10	1000000000	0	RIGHT_LINEAR	query-SUBJECT_SUBJECT_JOIN-1-1-0.001-0.009.sparql	SUBJECT_SUBJECT_JOIN	1	1	0.001	746350
VERTICAL	10	1000000000	0	RIGHT_LINEAR	query-SUBJECT_OBJECT_JOIN-7-1-0.01-0.09.sparql	SUBJECT_OBJECT_JOIN	7	1	0.01	29462076
VERTICAL	10	1000000000	0	RIGHT_LINEAR	query-SUBJECT_SUBJECT_JOIN-1-1-0.01-0.09.sparql	SUBJECT_SUBJECT_JOIN	1	1	0.01	83326
VERTICAL	10	1000000000	0	RIGHT_LINEAR	query-SUBJECT_SUBJECT_JOIN-7-3-0.01-0.09.sparql	SUBJECT_SUBJECT_JOIN	7	3	0.01	40488188
VERTICAL	10	1000000000	0	RIGHT_LINEAR	query-SUBJECT_OBJECT_JOIN-1-1-0.001-0.009.sparql	SUBJECT_OBJECT_JOIN	1	1	0.001	1423620
VERTICAL	10	1000000000	0	RIGHT_LINEAR	query-SUBJECT_OBJECT_JOIN-7-3-0.001-0.009.sparql	SUBJECT_OBJECT_JOIN	7	3	0.001	68797084
VERTICAL	10	1000000000	0	RIGHT_LINEAR	query-SUBJECT_SUBJECT_JOIN-7-3-0.001-0.009.sparql	SUBJECT_SUBJECT_JOIN	7	3	0.001	8334770
VERTICAL	10	1000000000	0	RIGHT_LINEAR	query-SUBJECT_OBJECT_JOIN-7-3-0.01-0.09.sparql	SUBJECT_OBJECT_JOIN	7	3	0.01	34285595
VERTICAL	10	1000000000	0	RIGHT_LINEAR	query-SUBJECT_SUBJECT_JOIN-7-1-0.001-0.009.sparql	SUBJECT_SUBJECT_JOIN	7	1	0.001	6079168
VERTICAL	10	1000000000	0	RIGHT_LINEAR	query-SUBJECT_SUBJECT_JOIN-7-1-0.01-0.09.sparql	SUBJECT_SUBJECT_JOIN	7	1	0.01	13385728
VERTICAL	10	1000000000	0	RIGHT_LINEAR	query-SUBJECT_OBJECT_JOIN-7-1-0.001-0.009.sparql	SUBJECT_OBJECT_JOIN	7	1	0.001	12096805
VERTICAL	10	1000000000	0	BUSHY	query-SUBJECT_OBJECT_JOIN-7-3-0.01-0.09.sparql	SUBJECT_OBJECT_JOIN	7	3	0.01	29287784
VERTICAL	10	1000000000	0	BUSHY	query-SUBJECT_OBJECT_JOIN-1-1-0.01-0.09.sparql	SUBJECT_OBJECT_JOIN	1	1	0.01	28413776
VERTICAL	10	1000000000	0	BUSHY	query-SUBJECT_SUBJECT_JOIN-1-1-0.001-0.009.sparql	SUBJECT_SUBJECT_JOIN	1	1	0.001	743338
VERTICAL	10	1000000000	0	BUSHY	query-SUBJECT_OBJECT_JOIN-7-1-0.01-0.09.sparql	SUBJECT_OBJECT_JOIN	7	1	0.01	28832686
VERTICAL	10	1000000000	0	BUSHY	query-SUBJECT_SUBJECT_JOIN-1-1-0.01-0.09.sparql	SUBJECT_SUBJECT_JOIN	1	1	0.01	83326
VERTICAL	10	1000000000	0	BUSHY	query-SUBJECT_SUBJECT_JOIN-7-3-0.01-0.09.sparql	SUBJECT_SUBJECT_JOIN	7	3	0.01	40488188
VERTICAL	10	1000000000	0	BUSHY	query-SUBJECT_OBJECT_JOIN-1-1-0.001-0.009.sparql	SUBJECT_OBJECT_JOIN	1	1	0.001	1423620
VERTICAL	10	1000000000	0	BUSHY	query-SUBJECT_OBJECT_JOIN-7-3-0.001-0.009.sparql	SUBJECT_OBJECT_JOIN	7	3	0.001	33395519
VERTICAL	10	1000000000	0	BUSHY	query-SUBJECT_SUBJECT_JOIN-7-3-0.001-0.009.sparql	SUBJECT_SUBJECT_JOIN	7	3	0.001	8334770
VERTICAL	10	1000000000	0	BUSHY	query-SUBJECT_SUBJECT_JOIN-7-1-0.001-0.009.sparql	SUBJECT_SUBJECT_JOIN	7	1	0.001	6079168
VERTICAL	10	1000000000	0	BUSHY	query-SUBJECT_SUBJECT_JOIN-7-1-0.01-0.09.sparql	SUBJECT_SUBJECT_JOIN	7	1	0.01	13385728
VERTICAL	10	1000000000	0	BUSHY	query-SUBJECT_OBJECT_JOIN-7-1-0.001-0.009.sparql	SUBJECT_OBJECT_JOIN	7	1	0.001	9112472
HASH	1	1000000000	0	BUSHY	query-SUBJECT_OBJECT_JOIN-1-1-0.01-0.09.sparql	SUBJECT_OBJECT_JOIN	1	1	0.01	0
HASH	1	1000000000	0	BUSHY	query-SUBJECT_SUBJECT_JOIN-1-1-0.001-0.009.sparql	SUBJECT_SUBJECT_JOIN	1	1	0.001	0
HASH	1	1000000000	0	BUSHY	query-SUBJECT_OBJECT_JOIN-7-1-0.01-0.09.sparql	SUBJECT_OBJECT_JOIN	7	1	0.01	0
HASH	1	1000000000	0	BUSHY	query-SUBJECT_SUBJECT_JOIN-1-1-0.01-0.09.sparql	SUBJECT_SUBJECT_JOIN	1	1	0.01	0
HASH	1	1000000000	0	BUSHY	query-SUBJECT_SUBJECT_JOIN-7-3-0.01-0.09.sparql	SUBJECT_SUBJECT_JOIN	7	3	0.01	0
HASH	1	1000000000	0	BUSHY	query-SUBJECT_OBJECT_JOIN-1-1-0.001-0.009.sparql	SUBJECT_OBJECT_JOIN	1	1	0.001	0
HASH	1	1000000000	0	BUSHY	query-SUBJECT_OBJECT_JOIN-7-3-0.001-0.009.sparql	SUBJECT_OBJECT_JOIN	7	3	0.001	0
HASH	1	1000000000	0	BUSHY	query-SUBJECT_SUBJECT_JOIN-7-3-0.001-0.009.sparql	SUBJECT_SUBJECT_JOIN	7	3	0.001	0
HASH	1	1000000000	0	BUSHY	query-SUBJECT_OBJECT_JOIN-7-3-0.01-0.09.sparql	SUBJECT_OBJECT_JOIN	7	3	0.01	0
HASH	1	1000000000	0	BUSHY	query-SUBJECT_SUBJECT_JOIN-7-1-0.001-0.009.sparql	SUBJECT_SUBJECT_JOIN	7	1	0.001	0
HASH	1	1000000000	0	BUSHY	query-SUBJECT_SUBJECT_JOIN-7-1-0.01-0.09.sparql	SUBJECT_SUBJECT_JOIN	7	1	0.01	0
HASH	1	1000000000	0	BUSHY	query-SUBJECT_OBJECT_JOIN-7-1-0.001-0.009.sparql	SUBJECT_OBJECT_JOIN	7	1	0.001	0
HASH	10	1000000000	2	BUSHY	query-SUBJECT_OBJECT_JOIN-1-1-0.01-0.09.sparql	SUBJECT_OBJECT_JOIN	1	1	0.01	4780
HASH	10	1000000000	2	BUSHY	query-SUBJECT_SUBJECT_JOIN-1-1-0.001-0.009.sparql	SUBJECT_SUBJECT_JOIN	1	1	0.001	0
HASH	10	1000000000	2	BUSHY	query-SUBJECT_OBJECT_JOIN-7-1-0.01-0.09.sparql	SUBJECT_OBJECT_JOIN	7	1	0.01	26059
HASH	10	1000000000	2	BUSHY	query-SUBJECT_SUBJECT_JOIN-1-1-0.01-0.09.sparql	SUBJECT_SUBJECT_JOIN	1	1	0.01	0
HASH	10	1000000000	2	BUSHY	query-SUBJECT_SUBJECT_JOIN-7-3-0.01-0.09.sparql	SUBJECT_SUBJECT_JOIN	7	3	0.01	0
HASH	10	1000000000	2	BUSHY	query-SUBJECT_OBJECT_JOIN-1-1-0.001-0.009.sparql	SUBJECT_OBJECT_JOIN	1	1	0.001	0
HASH	10	1000000000	2	BUSHY	query-SUBJECT_OBJECT_JOIN-7-3-0.001-0.009.sparql	SUBJECT_OBJECT_JOIN	7	3	0.001	575730
HASH	10	1000000000	2	BUSHY	query-SUBJECT_SUBJECT_JOIN-7-3-0.001-0.009.sparql	SUBJECT_SUBJECT_JOIN	7	3	0.001	0
HASH	10	1000000000	2	BUSHY	query-SUBJECT_OBJECT_JOIN-7-3-0.01-0.09.sparql	SUBJECT_OBJECT_JOIN	7	3	0.01	160323
HASH	10	1000000000	2	BUSHY	query-SUBJECT_SUBJECT_JOIN-7-1-0.001-0.009.sparql	SUBJECT_SUBJECT_JOIN	7	1	0.001	0
HASH	10	1000000000	2	BUSHY	query-SUBJECT_SUBJECT_JOIN-7-1-0.01-0.09.sparql	SUBJECT_SUBJECT_JOIN	7	1	0.01	0
HASH	10	1000000000	2	BUSHY	query-SUBJECT_OBJECT_JOIN-7-1-0.001-0.009.sparql	SUBJECT_OBJECT_JOIN	7	1	0.001	90742