cover	numberOfChunks	numberOfTriples	nhop	treeType	queryFile	joinPattern	numberOfJoins	numberOfDataSources	selectivity	parseTime	querySendTime	executionTime
HASH	10	1000000000	0	LEFT_LINEAR	query-SUBJECT_OBJECT_JOIN-1-1-0.01-0.09.sparql	SUBJECT_OBJECT_JOIN	1	1	0.01	3	883	59259
HASH	10	1000000000	0	LEFT_LINEAR	query-SUBJECT_SUBJECT_JOIN-1-1-0.001-0.009.sparql	SUBJECT_SUBJECT_JOIN	1	1	0.001	6	25729	212075
HASH	10	1000000000	0	LEFT_LINEAR	query-SUBJECT_OBJECT_JOIN-7-1-0.01-0.09.sparql	SUBJECT_OBJECT_JOIN	7	1	0.01	25	13697	49793
HASH	10	1000000000	0	LEFT_LINEAR	query-SUBJECT_SUBJECT_JOIN-1-1-0.01-0.09.sparql	SUBJECT_SUBJECT_JOIN	1	1	0.01	16	7203	10895
HASH	10	1000000000	0	LEFT_LINEAR	query-SUBJECT_SUBJECT_JOIN-7-3-0.01-0.09.sparql	SUBJECT_SUBJECT_JOIN	7	3	0.01	94	11120	13417
HASH	10	1000000000	0	LEFT_LINEAR	query-SUBJECT_OBJECT_JOIN-1-1-0.001-0.009.sparql	SUBJECT_OBJECT_JOIN	1	1	0.001	75	1227	3105
HASH	10	1000000000	0	LEFT_LINEAR	query-SUBJECT_OBJECT_JOIN-7-3-0.001-0.009.sparql	SUBJECT_OBJECT_JOIN	7	3	0.001	404	37244	1363974
HASH	10	1000000000	0	LEFT_LINEAR	query-SUBJECT_SUBJECT_JOIN-7-3-0.001-0.009.sparql	SUBJECT_SUBJECT_JOIN	7	3	0.001	7	8804	39465
HASH	10	1000000000	0	LEFT_LINEAR	query-SUBJECT_OBJECT_JOIN-7-3-0.01-0.09.sparql	SUBJECT_OBJECT_JOIN	7	3	0.01	10	6505	912219
HASH	10	1000000000	0	LEFT_LINEAR	query-SUBJECT_SUBJECT_JOIN-7-1-0.001-0.009.sparql	SUBJECT_SUBJECT_JOIN	7	1	0.001	249	18272	47535
HASH	10	1000000000	0	LEFT_LINEAR	query-SUBJECT_SUBJECT_JOIN-7-1-0.01-0.09.sparql	SUBJECT_SUBJECT_JOIN	7	1	0.01	11	16592	36355
HASH	10	1000000000	0	LEFT_LINEAR	query-SUBJECT_OBJECT_JOIN-7-1-0.001-0.009.sparql	SUBJECT_OBJECT_JOIN	7	1	0.001	304	30231	101246
HASH	10	1000000000	0	RIGHT_LINEAR	query-SUBJECT_OBJECT_JOIN-1-1-0.01-0.09.sparql	SUBJECT_OBJECT_JOIN	1	1	0.01	9	1101	15396
HASH	10	1000000000	0	RIGHT_LINEAR	query-SUBJECT_SUBJECT_JOIN-1-1-0.001-0.009.sparql	SUBJECT_SUBJECT_JOIN	1	1	0.001	25	168919	43774
HASH	10	1000000000	0	RIGHT_LINEAR	query-SUBJECT_OBJECT_JOIN-7-1-0.01-0.09.sparql	SUBJECT_OBJECT_JOIN	7	1	0.01	16	6794	52377
HASH	10	1000000000	0	RIGHT_LINEAR	query-SUBJECT_SUBJECT_JOIN-1-1-0.01-0.09.sparql	SUBJECT_SUBJECT_JOIN	1	1	0.01	8	3696	4216
HASH	10	1000000000	0	RIGHT_LINEAR	query-SUBJECT_SUBJECT_JOIN-7-3-0.01-0.09.sparql	SUBJECT_SUBJECT_JOIN	7	3	0.01	34	5869	7411
HASH	10	1000000000	0	RIGHT_LINEAR	query-SUBJECT_OBJECT_JOIN-1-1-0.001-0.009.sparql	SUBJECT_OBJECT_JOIN	1	1	0.001	16	1686	2804
HASH	10	1000000000	0	RIGHT_LINEAR	query-SUBJECT_OBJECT_JOIN-7-3-0.001-0.009.sparql	SUBJECT_OBJECT_JOIN	7	3	0.001	37	11185	29402
HASH	10	1000000000	0	RIGHT_LINEAR	query-SUBJECT_SUBJECT_JOIN-7-3-0.001-0.009.sparql	SUBJECT_SUBJECT_JOIN	7	3	0.001	6	32339	33856
HASH	10	1000000000	0	RIGHT_LINEAR	query-SUBJECT_OBJECT_JOIN-7-3-0.01-0.09.sparql	SUBJECT_OBJECT_JOIN	7	3	0.01	8	3807	3421876
HASH	10	1000000000	0	RIGHT_LINEAR	query-SUBJECT_SUBJECT_JOIN-7-1-0.001-0.009.sparql	SUBJECT_SUBJECT_JOIN	7	1	0.001	10	76401	46118
HASH	10	1000000000	0	RIGHT_LINEAR	query-SUBJECT_SUBJECT_JOIN-7-1-0.01-0.09.sparql	SUBJECT_SUBJECT_JOIN	7	1	0.01	30	18570	31813
HASH	10	1000000000	0	RIGHT_LINEAR	query-SUBJECT_OBJECT_JOIN-7-1-0.001-0.009.sparql	SUBJECT_OBJECT_JOIN	7	1	0.001	44	3095	586250
HASH	10	1000000000	0	BUSHY	query-SUBJECT_OBJECT_JOIN-1-1-0.01-0.09.sparql	SUBJECT_OBJECT_JOIN	1	1	0.01	13	505	16477
HASH	10	1000000000	0	BUSHY	query-SUBJECT_SUBJECT_JOIN-1-1-0.001-0.009.sparql	SUBJECT_SUBJECT_JOIN	1	1	0.001	4	11506	36007
HASH	10	1000000000	0	BUSHY	query-SUBJECT_OBJECT_JOIN-7-1-0.01-0.09.sparql	SUBJECT_OBJECT_JOIN	7	1	0.01	37	3457	45557
HASH	10	1000000000	0	BUSHY	query-SUBJECT_SUBJECT_JOIN-1-1-0.01-0.09.sparql	SUBJECT_SUBJECT_JOIN	1	1	0.01	14	787	4444
HASH	10	1000000000	0	BUSHY	query-SUBJECT_SUBJECT_JOIN-7-3-0.01-0.09.sparql	SUBJECT_SUBJECT_JOIN	7	3	0.01	26	4507	8010
HASH	10	1000000000	0	BUSHY	query-SUBJECT_OBJECT_JOIN-1-1-0.001-0.009.sparql	SUBJECT_OBJECT_JOIN	1	1	0.001	2	1100	2207
HASH	10	1000000000	0	BUSHY	query-SUBJECT_OBJECT_JOIN-7-3-0.001-0.009.sparql	SUBJECT_OBJECT_JOIN	7	3	0.001	35	6978	121475
HASH	10	1000000000	0	BUSHY	query-SUBJECT_SUBJECT_JOIN-7-3-0.001-0.009.sparql	SUBJECT_SUBJECT_JOIN	7	3	0.001	38	28805	28030
HASH	10	1000000000	0	BUSHY	query-SUBJECT_OBJECT_JOIN-7-3-0.01-0.09.sparql	SUBJECT_OBJECT_JOIN	7	3	0.01	33	20287	2505566
HASH	10	1000000000	0	BUSHY	query-SUBJECT_SUBJECT_JOIN-7-1-0.001-0.009.sparql	SUBJECT_SUBJECT_JOIN	7	1	0.001	66	2740	22540
HASH	10	1000000000	0	BUSHY	query-SUBJECT_SUBJECT_JOIN-7-1-0.01-0.09.sparql	SUBJECT_SUBJECT_JOIN	7	1	0.01	45	4976	21894
HASH	10	1000000000	0	BUSHY	query-SUBJECT_OBJECT_JOIN-7-1-0.001-0.009.sparql	SUBJECT_OBJECT_JOIN	7	1	0.001	53	2956	245421
HASH	20	1000000000	0	LEFT_LINEAR	query-SUBJECT_OBJECT_JOIN-1-1-0.01-0.09.sparql	SUBJECT_OBJECT_JOIN	1	1	0.01	3	3113	22803
HASH	20	1000000000	0	LEFT_LINEAR	query-SUBJECT_SUBJECT_JOIN-1-1-0.001-0.009.sparql	SUBJECT_SUBJECT_JOIN	1	1	0.001	46	1772	68966
HASH	20	1000000000	0	LEFT_LINEAR	query-SUBJECT_OBJECT_JOIN-7-1-0.01-0.09.sparql	SUBJECT_OBJECT_JOIN	7	1	0.01	20	11296	49520
HASH	20	1000000000	0	LEFT_LINEAR	query-SUBJECT_SUBJECT_JOIN-1-1-0.01-0.09.sparql	SUBJECT_SUBJECT_JOIN	1	1	0.01	3	1903	4436
HASH	20	1000000000	0	LEFT_LINEAR	query-SUBJECT_SUBJECT_JOIN-7-3-0.01-0.09.sparql	SUBJECT_SUBJECT_JOIN	7	3	0.01	23	16693	12715
HASH	20	1000000000	0	LEFT_LINEAR	query-SUBJECT_OBJECT_JOIN-1-1-0.001-0.009.sparql	SUBJECT_OBJECT_JOIN	1	1	0.001	24	2684	5911
HASH	20	1000000000	0	LEFT_LINEAR	query-SUBJECT_OBJECT_JOIN-7-3-0.001-0.009.sparql	SUBJECT_OBJECT_JOIN	7	3	0.001	31	29619	731473
HASH	20	1000000000	0	LEFT_LINEAR	query-SUBJECT_SUBJECT_JOIN-7-3-0.001-0.009.sparql	SUBJECT_SUBJECT_JOIN	7	3	0.001	50	29527	24163
HASH	20	1000000000	0	LEFT_LINEAR	query-SUBJECT_OBJECT_JOIN-7-3-0.01-0.09.sparql	SUBJECT_OBJECT_JOIN	7	3	0.01	4	42486	3968825
HASH	20	1000000000	0	LEFT_LINEAR	query-SUBJECT_SUBJECT_JOIN-7-1-0.001-0.009.sparql	SUBJECT_SUBJECT_JOIN	7	1	0.001	44	44638	21293
HASH	20	1000000000	0	LEFT_LINEAR	query-SUBJECT_SUBJECT_JOIN-7-1-0.01-0.09.sparql	SUBJECT_SUBJECT_JOIN	7	1	0.01	7	107542	31295
HASH	20	1000000000	0	LEFT_LINEAR	query-SUBJECT_OBJECT_JOIN-7-1-0.001-0.009.sparql	SUBJECT_OBJECT_JOIN	7	1	0.001	14	49159	88265
HASH	20	1000000000	0	RIGHT_LINEAR	query-SUBJECT_OBJECT_JOIN-1-1-0.01-0.09.sparql	SUBJECT_OBJECT_JOIN	1	1	0.01	2	1215	17369
HASH	20	1000000000	0	RIGHT_LINEAR	query-SUBJECT_SUBJECT_JOIN-1-1-0.001-0.009.sparql	SUBJECT_SUBJECT_JOIN	1	1	0.001	31	4199	39294
HASH	20	1000000000	0	RIGHT_LINEAR	query-SUBJECT_OBJECT_JOIN-7-1-0.01-0.09.sparql	SUBJECT_OBJECT_JOIN	7	1	0.01	29	9179	67294
HASH	20	1000000000	0	RIGHT_LINEAR	query-SUBJECT_SUBJECT_JOIN-1-1-0.01-0.09.sparql	SUBJECT_SUBJECT_JOIN	1	1	0.01	32	3328	4498
HASH	20	1000000000	0	RIGHT_LINEAR	query-SUBJECT_SUBJECT_JOIN-7-3-0.01-0.09.sparql	SUBJECT_SUBJECT_JOIN	7	3	0.01	25	9287	6413
HASH	20	1000000000	0	RIGHT_LINEAR	query-SUBJECT_OBJECT_JOIN-1-1-0.001-0.009.sparql	SUBJECT_OBJECT_JOIN	1	1	0.001	114	3969	5608
HASH	20	1000000000	0	RIGHT_LINEAR	query-SUBJECT_OBJECT_JOIN-7-3-0.001-0.009.sparql	SUBJECT_OBJECT_JOIN	7	3	0.001	136	26597	26120
HASH	20	1000000000	0	RIGHT_LINEAR	query-SUBJECT_SUBJECT_JOIN-7-3-0.001-0.009.sparql	SUBJECT_SUBJECT_JOIN	7	3	0.001	21	22205	23376
HASH	20	1000000000	0	RIGHT_LINEAR	query-SUBJECT_OBJECT_JOIN-7-3-0.01-0.09.sparql	SUBJECT_OBJECT_JOIN	7	3	0.01	52	11951	2891043
HASH	20	1000000000	0	RIGHT_LINEAR	query-SUBJECT_SUBJECT_JOIN-7-1-0.001-0.009.sparql	SUBJECT_SUBJECT_JOIN	7	1	0.001	17	11754	48730
HASH	20	1000000000	0	RIGHT_LINEAR	query-SUBJECT_SUBJECT_JOIN-7-1-0.01-0.09.sparql	SUBJECT_SUBJECT_JOIN	7	1	0.01	67	25262	40689
HASH	20	1000000000	0	RIGHT_LINEAR	query-SUBJECT_OBJECT_JOIN-7-1-0.001-0.009.sparql	SUBJECT_OBJECT_JOIN	7	1	0.001	56	6633	344104
HASH	20	1000000000	0	BUSHY	query-SUBJECT_OBJECT_JOIN-1-1-0.01-0.09.sparql	SUBJECT_OBJECT_JOIN	1	1	0.01	7	802	17994
HASH	20	1000000000	0	BUSHY	query-SUBJECT_SUBJECT_JOIN-1-1-0.001-0.009.sparql	SUBJECT_SUBJECT_JOIN	1	1	0.001	3	2216	20311
HASH	20	1000000000	0	BUSHY	query-SUBJECT_OBJECT_JOIN-7-1-0.01-0.09.sparql	SUBJECT_OBJECT_JOIN	7	1	0.01	102	4429	53624
HASH	20	1000000000	0	BUSHY	query-SUBJECT_SUBJECT_JOIN-1-1-0.01-0.09.sparql	SUBJECT_SUBJECT_JOIN	1	1	0.01	7	711	4441
HASH	20	1000000000	0	BUSHY	query-SUBJECT_SUBJECT_JOIN-7-3-0.01-0.09.sparql	SUBJECT_SUBJECT_JOIN	7	3	0.01	24	5999	6009
HASH	20	1000000000	0	BUSHY	query-SUBJECT_OBJECT_JOIN-1-1-0.001-0.009.sparql	SUBJECT_OBJECT_JOIN	1	1	0.001	30	2085	5409
HASH	20	1000000000	0	BUSHY	query-SUBJECT_OBJECT_JOIN-7-3-0.001-0.009.sparql	SUBJECT_OBJECT_JOIN	7	3	0.001	57	3046	62003
HASH	20	1000000000	0	BUSHY	query-SUBJECT_SUBJECT_JOIN-7-3-0.001-0.009.sparql	SUBJECT_SUBJECT_JOIN	7	3	0.001	8	22340	22546
HASH	20	1000000000	0	BUSHY	query-SUBJECT_OBJECT_JOIN-7-3-0.01-0.09.sparql	SUBJECT_OBJECT_JOIN	7	3	0.01	22	20720	3756109
HASH	20	1000000000	0	BUSHY	query-SUBJECT_SUBJECT_JOIN-7-1-0.001-0.009.sparql	SUBJECT_SUBJECT_JOIN	7	1	0.001	38	9052	25177
HASH	20	1000000000	0	BUSHY	query-SUBJECT_SUBJECT_JOIN-7-1-0.01-0.09.sparql	SUBJECT_SUBJECT_JOIN	7	1	0.01	13	4607	24942
HASH	20	1000000000	0	BUSHY	query-SUBJECT_OBJECT_JOIN-7-1-0.001-0.009.sparql	SUBJECT_OBJECT_JOIN	7	1	0.001	52	4967	174120
HASH	40	1000000000	0	LEFT_LINEAR	query-SUBJECT_OBJECT_JOIN-1-1-0.01-0.09.sparql	SUBJECT_OBJECT_JOIN	1	1	0.01	44	3389	46976
HASH	40	1000000000	0	LEFT_LINEAR	query-SUBJECT_SUBJECT_JOIN-1-1-0.001-0.009.sparql	SUBJECT_SUBJECT_JOIN	1	1	0.001	3	4904	40422
HASH	40	1000000000	0	LEFT_LINEAR	query-SUBJECT_SUBJECT_JOIN-1-1-0.01-0.09.sparql	SUBJECT_SUBJECT_JOIN	1	1	0.01	27	3384	9343
HASH	40	1000000000	0	LEFT_LINEAR	query-SUBJECT_SUBJECT_JOIN-7-3-0.01-0.09.sparql	SUBJECT_SUBJECT_JOIN	7	3	0.01	7	10213	3710
HASH	40	1000000000	0	LEFT_LINEAR	query-SUBJECT_SUBJECT_JOIN-7-3-0.001-0.009.sparql	SUBJECT_SUBJECT_JOIN	7	3	0.001	4	63175	54090
HASH	40	1000000000	0	RIGHT_LINEAR	query-SUBJECT_OBJECT_JOIN-1-1-0.01-0.09.sparql	SUBJECT_OBJECT_JOIN	1	1	0.01	13	8121	19081
HASH	40	1000000000	0	RIGHT_LINEAR	query-SUBJECT_SUBJECT_JOIN-1-1-0.001-0.009.sparql	SUBJECT_SUBJECT_JOIN	1	1	0.001	2	2702	36982
HASH	40	1000000000	0	RIGHT_LINEAR	query-SUBJECT_SUBJECT_JOIN-1-1-0.01-0.09.sparql	SUBJECT_SUBJECT_JOIN	1	1	0.01	7	2943	7959
HASH	40	1000000000	0	RIGHT_LINEAR	query-SUBJECT_SUBJECT_JOIN-7-3-0.01-0.09.sparql	SUBJECT_SUBJECT_JOIN	7	3	0.01	46	10672	2909
HASH	40	1000000000	0	RIGHT_LINEAR	query-SUBJECT_SUBJECT_JOIN-7-3-0.001-0.009.sparql	SUBJECT_SUBJECT_JOIN	7	3	0.001	5	9913	27643
HASH	40	1000000000	0	BUSHY	query-SUBJECT_OBJECT_JOIN-1-1-0.01-0.09.sparql	SUBJECT_OBJECT_JOIN	1	1	0.01	69	1821	15220
HASH	40	1000000000	0	BUSHY	query-SUBJECT_SUBJECT_JOIN-1-1-0.001-0.009.sparql	SUBJECT_SUBJECT_JOIN	1	1	0.001	1	2705	36876
HASH	40	1000000000	0	BUSHY	query-SUBJECT_SUBJECT_JOIN-1-1-0.01-0.09.sparql	SUBJECT_SUBJECT_JOIN	1	1	0.01	4	910	7980
HASH	40	1000000000	0	BUSHY	query-SUBJECT_SUBJECT_JOIN-7-3-0.01-0.09.sparql	SUBJECT_SUBJECT_JOIN	7	3	0.01	52	11614	3304
HASH	40	1000000000	0	BUSHY	query-SUBJECT_SUBJECT_JOIN-7-3-0.001-0.009.sparql	SUBJECT_SUBJECT_JOIN	7	3	0.001	3	10222	24980
HASH	40	1000000000	0	LEFT_LINEAR	query-SUBJECT_OBJECT_JOIN-7-1-0.01-0.09.sparql	SUBJECT_OBJECT_JOIN	7	1	0.01	45	29200	91609
HASH	40	1000000000	0	LEFT_LINEAR	query-SUBJECT_OBJECT_JOIN-1-1-0.001-0.009.sparql	SUBJECT_OBJECT_JOIN	1	1	0.001	52	2233	13216
HASH	40	1000000000	0	LEFT_LINEAR	query-SUBJECT_OBJECT_JOIN-7-3-0.001-0.009.sparql	SUBJECT_OBJECT_JOIN	7	3	0.001	110	79901	579788
HASH	40	1000000000	0	LEFT_LINEAR	query-SUBJECT_OBJECT_JOIN-7-3-0.01-0.09.sparql	SUBJECT_OBJECT_JOIN	7	3	0.01	50	235889	6397962
HASH	40	1000000000	0	LEFT_LINEAR	query-SUBJECT_SUBJECT_JOIN-7-1-0.001-0.009.sparql	SUBJECT_SUBJECT_JOIN	7	1	0.001	54	78371	21678
HASH	40	1000000000	0	LEFT_LINEAR	query-SUBJECT_SUBJECT_JOIN-7-1-0.01-0.09.sparql	SUBJECT_SUBJECT_JOIN	7	1	0.01	32	88581	21069
HASH	40	1000000000	0	LEFT_LINEAR	query-SUBJECT_OBJECT_JOIN-7-1-0.001-0.009.sparql	SUBJECT_OBJECT_JOIN	7	1	0.001	41	66307	117989
HASH	40	1000000000	0	RIGHT_LINEAR	query-SUBJECT_OBJECT_JOIN-7-1-0.01-0.09.sparql	SUBJECT_OBJECT_JOIN	7	1	0.01	63	66220	158097
HASH	40	1000000000	0	RIGHT_LINEAR	query-SUBJECT_OBJECT_JOIN-1-1-0.001-0.009.sparql	SUBJECT_OBJECT_JOIN	1	1	0.001	4	9008	14517
HASH	40	1000000000	0	RIGHT_LINEAR	query-SUBJECT_OBJECT_JOIN-7-3-0.001-0.009.sparql	SUBJECT_OBJECT_JOIN	7	3	0.001	278	79138	29442
HASH	40	1000000000	0	RIGHT_LINEAR	query-SUBJECT_OBJECT_JOIN-7-3-0.01-0.09.sparql	SUBJECT_OBJECT_JOIN	7	3	0.01	12	78328	2649675
HASH	40	1000000000	0	RIGHT_LINEAR	query-SUBJECT_SUBJECT_JOIN-7-1-0.001-0.009.sparql	SUBJECT_SUBJECT_JOIN	7	1	0.001	38	70840	38700
HASH	40	1000000000	0	RIGHT_LINEAR	query-SUBJECT_SUBJECT_JOIN-7-1-0.01-0.09.sparql	SUBJECT_SUBJECT_JOIN	7	1	0.01	10	68541	37279
HASH	40	1000000000	0	RIGHT_LINEAR	query-SUBJECT_OBJECT_JOIN-7-1-0.001-0.009.sparql	SUBJECT_OBJECT_JOIN	7	1	0.001	27	54854	268049
HASH	40	1000000000	0	BUSHY	query-SUBJECT_OBJECT_JOIN-7-1-0.01-0.09.sparql	SUBJECT_OBJECT_JOIN	7	1	0.01	40	65228	80998
HASH	40	1000000000	0	BUSHY	query-SUBJECT_OBJECT_JOIN-1-1-0.001-0.009.sparql	SUBJECT_OBJECT_JOIN	1	1	0.001	54	2573	11502
HASH	40	1000000000	0	BUSHY	query-SUBJECT_OBJECT_JOIN-7-3-0.001-0.009.sparql	SUBJECT_OBJECT_JOIN	7	3	0.001	22	19700	44967
HASH	40	1000000000	0	BUSHY	query-SUBJECT_OBJECT_JOIN-7-3-0.01-0.09.sparql	SUBJECT_OBJECT_JOIN	7	3	0.01	58	105421	2799899
HASH	40	1000000000	0	BUSHY	query-SUBJECT_SUBJECT_JOIN-7-1-0.001-0.009.sparql	SUBJECT_SUBJECT_JOIN	7	1	0.001	26	93407	24435
HASH	40	1000000000	0	BUSHY	query-SUBJECT_SUBJECT_JOIN-7-1-0.01-0.09.sparql	SUBJECT_SUBJECT_JOIN	7	1	0.01	14	104152	27452
HASH	40	1000000000	0	BUSHY	query-SUBJECT_OBJECT_JOIN-7-1-0.001-0.009.sparql	SUBJECT_OBJECT_JOIN	7	1	0.001	9	92687	188873
HASH	20	500000000	0	LEFT_LINEAR	query-SUBJECT_OBJECT_JOIN-1-1-0.01-0.09.sparql	SUBJECT_OBJECT_JOIN	1	1	0.01	2	5606	34586
HASH	20	500000000	0	LEFT_LINEAR	query-SUBJECT_SUBJECT_JOIN-1-1-0.001-0.009.sparql	SUBJECT_SUBJECT_JOIN	1	1	0.001	1	13314	36416
HASH	20	500000000	0	LEFT_LINEAR	query-SUBJECT_OBJECT_JOIN-7-1-0.01-0.09.sparql	SUBJECT_OBJECT_JOIN	7	1	0.01	489	6721	41178
HASH	20	500000000	0	LEFT_LINEAR	query-SUBJECT_SUBJECT_JOIN-1-1-0.01-0.09.sparql	SUBJECT_SUBJECT_JOIN	1	1	0.01	9	2094	4596
HASH	20	500000000	0	LEFT_LINEAR	query-SUBJECT_SUBJECT_JOIN-7-3-0.01-0.09.sparql	SUBJECT_SUBJECT_JOIN	7	3	0.01	278	3832	1316
HASH	20	500000000	0	LEFT_LINEAR	query-SUBJECT_OBJECT_JOIN-1-1-0.001-0.009.sparql	SUBJECT_OBJECT_JOIN	1	1	0.001	54	1884	4016
HASH	20	500000000	0	LEFT_LINEAR	query-SUBJECT_OBJECT_JOIN-7-3-0.001-0.009.sparql	SUBJECT_OBJECT_JOIN	7	3	0.001	129	4284	981689
HASH	20	500000000	0	LEFT_LINEAR	query-SUBJECT_SUBJECT_JOIN-7-3-0.001-0.009.sparql	SUBJECT_SUBJECT_JOIN	7	3	0.001	574	102844	106710
HASH	20	500000000	0	LEFT_LINEAR	query-SUBJECT_OBJECT_JOIN-7-3-0.01-0.09.sparql	SUBJECT_OBJECT_JOIN	7	3	0.01	23	109754	3006721
HASH	20	500000000	0	LEFT_LINEAR	query-SUBJECT_SUBJECT_JOIN-7-1-0.001-0.009.sparql	SUBJECT_SUBJECT_JOIN	7	1	0.001	159	23116	22598
HASH	20	500000000	0	LEFT_LINEAR	query-SUBJECT_SUBJECT_JOIN-7-1-0.01-0.09.sparql	SUBJECT_SUBJECT_JOIN	7	1	0.01	25	7856	24883
HASH	20	500000000	0	LEFT_LINEAR	query-SUBJECT_OBJECT_JOIN-7-1-0.001-0.009.sparql	SUBJECT_OBJECT_JOIN	7	1	0.001	43	6275	55890
HASH	20	500000000	0	RIGHT_LINEAR	query-SUBJECT_OBJECT_JOIN-1-1-0.01-0.09.sparql	SUBJECT_OBJECT_JOIN	1	1	0.01	34	1539	9240
HASH	20	500000000	0	RIGHT_LINEAR	query-SUBJECT_SUBJECT_JOIN-1-1-0.001-0.009.sparql	SUBJECT_SUBJECT_JOIN	1	1	0.001	1	1502	30341
HASH	20	500000000	0	RIGHT_LINEAR	query-SUBJECT_OBJECT_JOIN-7-1-0.01-0.09.sparql	SUBJECT_OBJECT_JOIN	7	1	0.01	17	5020	49959
HASH	20	500000000	0	RIGHT_LINEAR	query-SUBJECT_SUBJECT_JOIN-1-1-0.01-0.09.sparql	SUBJECT_SUBJECT_JOIN	1	1	0.01	11	791	3944
HASH	20	500000000	0	RIGHT_LINEAR	query-SUBJECT_SUBJECT_JOIN-7-3-0.01-0.09.sparql	SUBJECT_SUBJECT_JOIN	7	3	0.01	18	3106	1201
HASH	20	500000000	0	RIGHT_LINEAR	query-SUBJECT_OBJECT_JOIN-1-1-0.001-0.009.sparql	SUBJECT_OBJECT_JOIN	1	1	0.001	12	1171	4006
HASH	20	500000000	0	RIGHT_LINEAR	query-SUBJECT_OBJECT_JOIN-7-3-0.001-0.009.sparql	SUBJECT_OBJECT_JOIN	7	3	0.001	115	3213	20232
HASH	20	500000000	0	RIGHT_LINEAR	query-SUBJECT_SUBJECT_JOIN-7-3-0.001-0.009.sparql	SUBJECT_SUBJECT_JOIN	7	3	0.001	49	10491	23484
HASH	20	500000000	0	RIGHT_LINEAR	query-SUBJECT_OBJECT_JOIN-7-3-0.01-0.09.sparql	SUBJECT_OBJECT_JOIN	7	3	0.01	96	12831	1625435
HASH	20	500000000	0	RIGHT_LINEAR	query-SUBJECT_SUBJECT_JOIN-7-1-0.001-0.009.sparql	SUBJECT_SUBJECT_JOIN	7	1	0.001	30	8282	44989
HASH	20	500000000	0	RIGHT_LINEAR	query-SUBJECT_SUBJECT_JOIN-7-1-0.01-0.09.sparql	SUBJECT_SUBJECT_JOIN	7	1	0.01	40	8119	38734
HASH	20	500000000	0	RIGHT_LINEAR	query-SUBJECT_OBJECT_JOIN-7-1-0.001-0.009.sparql	SUBJECT_OBJECT_JOIN	7	1	0.001	15	3090	189204
HASH	20	500000000	0	BUSHY	query-SUBJECT_OBJECT_JOIN-1-1-0.01-0.09.sparql	SUBJECT_OBJECT_JOIN	1	1	0.01	81	1324	10338
HASH	20	500000000	0	BUSHY	query-SUBJECT_SUBJECT_JOIN-1-1-0.001-0.009.sparql	SUBJECT_SUBJECT_JOIN	1	1	0.001	32	2872	27924
HASH	20	500000000	0	BUSHY	query-SUBJECT_OBJECT_JOIN-7-1-0.01-0.09.sparql	SUBJECT_OBJECT_JOIN	7	1	0.01	75	6838	46890
HASH	20	500000000	0	BUSHY	query-SUBJECT_SUBJECT_JOIN-1-1-0.01-0.09.sparql	SUBJECT_SUBJECT_JOIN	1	1	0.01	50	1013	5036
HASH	20	500000000	0	BUSHY	query-SUBJECT_SUBJECT_JOIN-7-3-0.01-0.09.sparql	SUBJECT_SUBJECT_JOIN	7	3	0.01	70	7037	1302
HASH	20	500000000	0	BUSHY	query-SUBJECT_OBJECT_JOIN-1-1-0.001-0.009.sparql	SUBJECT_OBJECT_JOIN	1	1	0.001	40	742	5711
HASH	20	500000000	0	BUSHY	query-SUBJECT_OBJECT_JOIN-7-3-0.001-0.009.sparql	SUBJECT_OBJECT_JOIN	7	3	0.001	82	5795	27608
HASH	20	500000000	0	BUSHY	query-SUBJECT_SUBJECT_JOIN-7-3-0.001-0.009.sparql	SUBJECT_SUBJECT_JOIN	7	3	0.001	28	9740	22342
HASH	20	500000000	0	BUSHY	query-SUBJECT_OBJECT_JOIN-7-3-0.01-0.09.sparql	SUBJECT_OBJECT_JOIN	7	3	0.01	51	19110	2883015
HASH	20	500000000	0	BUSHY	query-SUBJECT_SUBJECT_JOIN-7-1-0.001-0.009.sparql	SUBJECT_SUBJECT_JOIN	7	1	0.001	977	4620	25704
HASH	20	500000000	0	BUSHY	query-SUBJECT_SUBJECT_JOIN-7-1-0.01-0.09.sparql	SUBJECT_SUBJECT_JOIN	7	1	0.01	49	6388	26658
HASH	20	500000000	0	BUSHY	query-SUBJECT_OBJECT_JOIN-7-1-0.001-0.009.sparql	SUBJECT_OBJECT_JOIN	7	1	0.001	41	4568	97810
HASH	20	2000000000	0	LEFT_LINEAR	query-SUBJECT_OBJECT_JOIN-1-1-0.01-0.09.sparql	SUBJECT_OBJECT_JOIN	1	1	0.01	56	743	16732
HASH	20	2000000000	0	LEFT_LINEAR	query-SUBJECT_SUBJECT_JOIN-1-1-0.001-0.009.sparql	SUBJECT_SUBJECT_JOIN	1	1	0.001	3	1299	42157
HASH	20	2000000000	0	LEFT_LINEAR	query-SUBJECT_OBJECT_JOIN-7-1-0.01-0.09.sparql	SUBJECT_OBJECT_JOIN	7	1	0.01	76	4260	126652
HASH	20	2000000000	0	LEFT_LINEAR	query-SUBJECT_SUBJECT_JOIN-1-1-0.01-0.09.sparql	SUBJECT_SUBJECT_JOIN	1	1	0.01	62	639	8563
HASH	20	2000000000	0	LEFT_LINEAR	query-SUBJECT_SUBJECT_JOIN-7-3-0.01-0.09.sparql	SUBJECT_SUBJECT_JOIN	7	3	0.01	5	2816	12415
HASH	20	2000000000	0	LEFT_LINEAR	query-SUBJECT_OBJECT_JOIN-1-1-0.001-0.009.sparql	SUBJECT_OBJECT_JOIN	1	1	0.001	30	1977	4211
HASH	20	2000000000	0	LEFT_LINEAR	query-SUBJECT_OBJECT_JOIN-7-3-0.001-0.009.sparql	SUBJECT_OBJECT_JOIN	7	3	0.001	100	4363	511550
HASH	20	2000000000	0	LEFT_LINEAR	query-SUBJECT_SUBJECT_JOIN-7-3-0.001-0.009.sparql	SUBJECT_SUBJECT_JOIN	7	3	0.001	304	17134	589571
HASH	20	2000000000	0	LEFT_LINEAR	query-SUBJECT_OBJECT_JOIN-7-3-0.01-0.09.sparql	SUBJECT_OBJECT_JOIN	7	3	0.01	104	13022	2704968
HASH	20	2000000000	0	LEFT_LINEAR	query-SUBJECT_SUBJECT_JOIN-7-1-0.001-0.009.sparql	SUBJECT_SUBJECT_JOIN	7	1	0.001	126	4681	21446
HASH	20	2000000000	0	LEFT_LINEAR	query-SUBJECT_SUBJECT_JOIN-7-1-0.01-0.09.sparql	SUBJECT_SUBJECT_JOIN	7	1	0.01	75	3336	25798
HASH	20	2000000000	0	LEFT_LINEAR	query-SUBJECT_OBJECT_JOIN-7-1-0.001-0.009.sparql	SUBJECT_OBJECT_JOIN	7	1	0.001	105	10033	222672
HASH	20	2000000000	0	RIGHT_LINEAR	query-SUBJECT_OBJECT_JOIN-1-1-0.01-0.09.sparql	SUBJECT_OBJECT_JOIN	1	1	0.01	212	706	14258
HASH	20	2000000000	0	RIGHT_LINEAR	query-SUBJECT_SUBJECT_JOIN-1-1-0.001-0.009.sparql	SUBJECT_SUBJECT_JOIN	1	1	0.001	11	590	45926
HASH	20	2000000000	0	RIGHT_LINEAR	query-SUBJECT_OBJECT_JOIN-7-1-0.01-0.09.sparql	SUBJECT_OBJECT_JOIN	7	1	0.01	90	2942	142346
HASH	20	2000000000	0	RIGHT_LINEAR	query-SUBJECT_SUBJECT_JOIN-1-1-0.01-0.09.sparql	SUBJECT_SUBJECT_JOIN	1	1	0.01	56	817	8460
HASH	20	2000000000	0	RIGHT_LINEAR	query-SUBJECT_SUBJECT_JOIN-7-3-0.01-0.09.sparql	SUBJECT_SUBJECT_JOIN	7	3	0.01	87	2930	14132
HASH	20	2000000000	0	RIGHT_LINEAR	query-SUBJECT_OBJECT_JOIN-1-1-0.001-0.009.sparql	SUBJECT_OBJECT_JOIN	1	1	0.001	25	1977	4236
HASH	20	2000000000	0	RIGHT_LINEAR	query-SUBJECT_OBJECT_JOIN-7-3-0.001-0.009.sparql	SUBJECT_OBJECT_JOIN	7	3	0.001	50	3454	19619
HASH	20	2000000000	0	RIGHT_LINEAR	query-SUBJECT_SUBJECT_JOIN-7-3-0.001-0.009.sparql	SUBJECT_SUBJECT_JOIN	7	3	0.001	38	12880	28736
HASH	20	2000000000	0	RIGHT_LINEAR	query-SUBJECT_OBJECT_JOIN-7-3-0.01-0.09.sparql	SUBJECT_OBJECT_JOIN	7	3	0.01	21	43562	2222429
HASH	20	2000000000	0	RIGHT_LINEAR	query-SUBJECT_SUBJECT_JOIN-7-1-0.001-0.009.sparql	SUBJECT_SUBJECT_JOIN	7	1	0.001	104	11630	45169
HASH	20	2000000000	0	RIGHT_LINEAR	query-SUBJECT_SUBJECT_JOIN-7-1-0.01-0.09.sparql	SUBJECT_SUBJECT_JOIN	7	1	0.01	190	6593	44421
HASH	20	2000000000	0	RIGHT_LINEAR	query-SUBJECT_OBJECT_JOIN-7-1-0.001-0.009.sparql	SUBJECT_OBJECT_JOIN	7	1	0.001	107	4830	3089018
HASH	20	2000000000	0	BUSHY	query-SUBJECT_OBJECT_JOIN-1-1-0.01-0.09.sparql	SUBJECT_OBJECT_JOIN	1	1	0.01	64	1361	19568
HASH	20	2000000000	0	BUSHY	query-SUBJECT_SUBJECT_JOIN-1-1-0.001-0.009.sparql	SUBJECT_SUBJECT_JOIN	1	1	0.001	3	698	43076
HASH	20	2000000000	0	BUSHY	query-SUBJECT_OBJECT_JOIN-7-1-0.01-0.09.sparql	SUBJECT_OBJECT_JOIN	7	1	0.01	62	3032	64471
HASH	20	2000000000	0	BUSHY	query-SUBJECT_SUBJECT_JOIN-1-1-0.01-0.09.sparql	SUBJECT_SUBJECT_JOIN	1	1	0.01	15	686	8664
HASH	20	2000000000	0	BUSHY	query-SUBJECT_SUBJECT_JOIN-7-3-0.01-0.09.sparql	SUBJECT_SUBJECT_JOIN	7	3	0.01	130	3701	12222
HASH	20	2000000000	0	BUSHY	query-SUBJECT_OBJECT_JOIN-1-1-0.001-0.009.sparql	SUBJECT_OBJECT_JOIN	1	1	0.001	12	707	5510
HASH	20	2000000000	0	BUSHY	query-SUBJECT_OBJECT_JOIN-7-3-0.001-0.009.sparql	SUBJECT_OBJECT_JOIN	7	3	0.001	181	3836	46130
HASH	20	2000000000	0	BUSHY	query-SUBJECT_SUBJECT_JOIN-7-3-0.001-0.009.sparql	SUBJECT_SUBJECT_JOIN	7	3	0.001	57	7923	32943
HASH	20	2000000000	0	BUSHY	query-SUBJECT_OBJECT_JOIN-7-3-0.01-0.09.sparql	SUBJECT_OBJECT_JOIN	7	3	0.01	61	12843	2561080
HASH	20	2000000000	0	BUSHY	query-SUBJECT_SUBJECT_JOIN-7-1-0.001-0.009.sparql	SUBJECT_SUBJECT_JOIN	7	1	0.001	115	6793	29140
HASH	20	2000000000	0	BUSHY	query-SUBJECT_SUBJECT_JOIN-7-1-0.01-0.09.sparql	SUBJECT_SUBJECT_JOIN	7	1	0.01	118	8805	26128
HASH	20	2000000000	0	BUSHY	query-SUBJECT_OBJECT_JOIN-7-1-0.001-0.009.sparql	SUBJECT_OBJECT_JOIN	7	1	0.001	46	6869	1516688
MOLECULE_HASH (diameter=2)	10	1000000000	0	BUSHY	query-SUBJECT_OBJECT_JOIN-1-1-0.01-0.09.sparql	SUBJECT_OBJECT_JOIN	1	1	0.01	3	619	12673
MOLECULE_HASH (diameter=2)	10	1000000000	0	BUSHY	query-SUBJECT_SUBJECT_JOIN-1-1-0.001-0.009.sparql	SUBJECT_SUBJECT_JOIN	1	1	0.001	2	1002	43249
MOLECULE_HASH (diameter=2)	10	1000000000	0	BUSHY	query-SUBJECT_OBJECT_JOIN-7-1-0.01-0.09.sparql	SUBJECT_OBJECT_JOIN	7	1	0.01	4	2374	37050
MOLECULE_HASH (diameter=2)	10	1000000000	0	BUSHY	query-SUBJECT_SUBJECT_JOIN-1-1-0.01-0.09.sparql	SUBJECT_SUBJECT_JOIN	1	1	0.01	5	697	3047
MOLECULE_HASH (diameter=2)	10	1000000000	0	BUSHY	query-SUBJECT_SUBJECT_JOIN-7-3-0.01-0.09.sparql	SUBJECT_SUBJECT_JOIN	7	3	0.01	3	2351	7819
MOLECULE_HASH (diameter=2)	10	1000000000	0	BUSHY	query-SUBJECT_OBJECT_JOIN-1-1-0.001-0.009.sparql	SUBJECT_OBJECT_JOIN	1	1	0.001	11	792	2206
MOLECULE_HASH (diameter=2)	10	1000000000	0	BUSHY	query-SUBJECT_OBJECT_JOIN-7-3-0.001-0.009.sparql	SUBJECT_OBJECT_JOIN	7	3	0.001	10	2897	53321
MOLECULE_HASH (diameter=2)	10	1000000000	0	BUSHY	query-SUBJECT_SUBJECT_JOIN-7-3-0.001-0.009.sparql	SUBJECT_SUBJECT_JOIN	7	3	0.001	5	7946	36730
MOLECULE_HASH (diameter=2)	10	1000000000	0	BUSHY	query-SUBJECT_OBJECT_JOIN-7-3-0.01-0.09.sparql	SUBJECT_OBJECT_JOIN	7	3	0.01	40	12398	2197062
MOLECULE_HASH (diameter=2)	10	1000000000	0	BUSHY	query-SUBJECT_SUBJECT_JOIN-7-1-0.001-0.009.sparql	SUBJECT_SUBJECT_JOIN	7	1	0.001	5	2900	26882
MOLECULE_HASH (diameter=2)	10	1000000000	0	BUSHY	query-SUBJECT_SUBJECT_JOIN-7-1-0.01-0.09.sparql	SUBJECT_SUBJECT_JOIN	7	1	0.01	5	4419	24842
MOLECULE_HASH (diameter=2)	10	1000000000	0	BUSHY	query-SUBJECT_OBJECT_JOIN-7-1-0.001-0.009.sparql	SUBJECT_OBJECT_JOIN	7	1	0.001	43	3570	166104
MOLECULE_HASH (diameter=3)	10	1000000000	0	BUSHY	query-SUBJECT_OBJECT_JOIN-1-1-0.01-0.09.sparql	SUBJECT_OBJECT_JOIN	1	1	0.01	5	397	14598
MOLECULE_HASH (diameter=3)	10	1000000000	0	BUSHY	query-SUBJECT_SUBJECT_JOIN-1-1-0.001-0.009.sparql	SUBJECT_SUBJECT_JOIN	1	1	0.001	2	500	33753
MOLECULE_HASH (diameter=3)	10	1000000000	0	BUSHY	query-SUBJECT_OBJECT_JOIN-7-1-0.01-0.09.sparql	SUBJECT_OBJECT_JOIN	7	1	0.01	3	2108	32237
MOLECULE_HASH (diameter=3)	10	1000000000	0	BUSHY	query-SUBJECT_SUBJECT_JOIN-1-1-0.01-0.09.sparql	SUBJECT_SUBJECT_JOIN	1	1	0.01	2	699	2475
MOLECULE_HASH (diameter=3)	10	1000000000	0	BUSHY	query-SUBJECT_SUBJECT_JOIN-7-3-0.01-0.09.sparql	SUBJECT_SUBJECT_JOIN	7	3	0.01	11	3091	10615
MOLECULE_HASH (diameter=3)	10	1000000000	0	BUSHY	query-SUBJECT_OBJECT_JOIN-1-1-0.001-0.009.sparql	SUBJECT_OBJECT_JOIN	1	1	0.001	1	399	2204
MOLECULE_HASH (diameter=3)	10	1000000000	0	BUSHY	query-SUBJECT_OBJECT_JOIN-7-3-0.001-0.009.sparql	SUBJECT_OBJECT_JOIN	7	3	0.001	16	2888	43418
MOLECULE_HASH (diameter=3)	10	1000000000	0	BUSHY	query-SUBJECT_SUBJECT_JOIN-7-3-0.001-0.009.sparql	SUBJECT_SUBJECT_JOIN	7	3	0.001	3	6943	37276
MOLECULE_HASH (diameter=3)	10	1000000000	0	BUSHY	query-SUBJECT_OBJECT_JOIN-7-3-0.01-0.09.sparql	SUBJECT_OBJECT_JOIN	7	3	0.01	14	15270	1926509
MOLECULE_HASH (diameter=3)	10	1000000000	0	BUSHY	query-SUBJECT_SUBJECT_JOIN-7-1-0.001-0.009.sparql	SUBJECT_SUBJECT_JOIN	7	1	0.001	4	2494	22812
MOLECULE_HASH (diameter=3)	10	1000000000	0	BUSHY	query-SUBJECT_SUBJECT_JOIN-7-1-0.01-0.09.sparql	SUBJECT_SUBJECT_JOIN	7	1	0.01	2	4205	22088
MOLECULE_HASH (diameter=3)	10	1000000000	0	BUSHY	query-SUBJECT_OBJECT_JOIN-7-1-0.001-0.009.sparql	SUBJECT_OBJECT_JOIN	7	1	0.001	2	4413	108245
MOLECULE_HASH (diameter=4)	10	1000000000	0	BUSHY	query-SUBJECT_OBJECT_JOIN-1-1-0.01-0.09.sparql	SUBJECT_OBJECT_JOIN	1	1	0.01	1	710	14192
MOLECULE_HASH (diameter=4)	10	1000000000	0	BUSHY	query-SUBJECT_SUBJECT_JOIN-1-1-0.001-0.009.sparql	SUBJECT_SUBJECT_JOIN	1	1	0.001	2	703	39470
MOLECULE_HASH (diameter=4)	10	1000000000	0	BUSHY	query-SUBJECT_OBJECT_JOIN-7-1-0.01-0.09.sparql	SUBJECT_OBJECT_JOIN	7	1	0.01	16	2558	30746
MOLECULE_HASH (diameter=4)	10	1000000000	0	BUSHY	query-SUBJECT_SUBJECT_JOIN-1-1-0.01-0.09.sparql	SUBJECT_SUBJECT_JOIN	1	1	0.01	2	704	2881
MOLECULE_HASH (diameter=4)	10	1000000000	0	BUSHY	query-SUBJECT_SUBJECT_JOIN-7-3-0.01-0.09.sparql	SUBJECT_SUBJECT_JOIN	7	3	0.01	5	2599	8814
MOLECULE_HASH (diameter=4)	10	1000000000	0	BUSHY	query-SUBJECT_OBJECT_JOIN-1-1-0.001-0.009.sparql	SUBJECT_OBJECT_JOIN	1	1	0.001	7	494	603
MOLECULE_HASH (diameter=4)	10	1000000000	0	BUSHY	query-SUBJECT_OBJECT_JOIN-7-3-0.001-0.009.sparql	SUBJECT_OBJECT_JOIN	7	3	0.001	6	2903	52906
MOLECULE_HASH (diameter=4)	10	1000000000	0	BUSHY	query-SUBJECT_SUBJECT_JOIN-7-3-0.001-0.009.sparql	SUBJECT_SUBJECT_JOIN	7	3	0.001	8	10031	35585
MOLECULE_HASH (diameter=4)	10	1000000000	0	BUSHY	query-SUBJECT_OBJECT_JOIN-7-3-0.01-0.09.sparql	SUBJECT_OBJECT_JOIN	7	3	0.01	10	7632	1865288
MOLECULE_HASH (diameter=4)	10	1000000000	0	BUSHY	query-SUBJECT_SUBJECT_JOIN-7-1-0.001-0.009.sparql	SUBJECT_SUBJECT_JOIN	7	1	0.001	9	2895	24146
MOLECULE_HASH (diameter=4)	10	1000000000	0	BUSHY	query-SUBJECT_SUBJECT_JOIN-7-1-0.01-0.09.sparql	SUBJECT_SUBJECT_JOIN	7	1	0.01	9	4706	23576
MOLECULE_HASH (diameter=4)	10	1000000000	0	BUSHY	query-SUBJECT_OBJECT_JOIN-7-1-0.001-0.009.sparql	SUBJECT_OBJECT_JOIN	7	1	0.001	3	3912	105377
MOLECULE_HASH (diameter=5)	10	1000000000	0	BUSHY	query-SUBJECT_OBJECT_JOIN-1-1-0.01-0.09.sparql	SUBJECT_OBJECT_JOIN	1	1	0.01	5	593	16685
MOLECULE_HASH (diameter=5)	10	1000000000	0	BUSHY	query-SUBJECT_SUBJECT_JOIN-1-1-0.001-0.009.sparql	SUBJECT_SUBJECT_JOIN	1	1	0.001	1	500	41945
MOLECULE_HASH (diameter=5)	10	1000000000	0	BUSHY	query-SUBJECT_OBJECT_JOIN-7-1-0.01-0.09.sparql	SUBJECT_OBJECT_JOIN	7	1	0.01	3	2598	29141
MOLECULE_HASH (diameter=5)	10	1000000000	0	BUSHY	query-SUBJECT_SUBJECT_JOIN-1-1-0.01-0.09.sparql	SUBJECT_SUBJECT_JOIN	1	1	0.01	3	599	2934
MOLECULE_HASH (diameter=5)	10	1000000000	0	BUSHY	query-SUBJECT_SUBJECT_JOIN-7-3-0.01-0.09.sparql	SUBJECT_SUBJECT_JOIN	7	3	0.01	4	2700	8811
MOLECULE_HASH (diameter=5)	10	1000000000	0	BUSHY	query-SUBJECT_OBJECT_JOIN-1-1-0.001-0.009.sparql	SUBJECT_OBJECT_JOIN	1	1	0.001	6	494	702
MOLECULE_HASH (diameter=5)	10	1000000000	0	BUSHY	query-SUBJECT_OBJECT_JOIN-7-3-0.001-0.009.sparql	SUBJECT_OBJECT_JOIN	7	3	0.001	3	2500	55085
MOLECULE_HASH (diameter=5)	10	1000000000	0	BUSHY	query-SUBJECT_SUBJECT_JOIN-7-3-0.001-0.009.sparql	SUBJECT_SUBJECT_JOIN	7	3	0.001	5	6079	38974
MOLECULE_HASH (diameter=5)	10	1000000000	0	BUSHY	query-SUBJECT_OBJECT_JOIN-7-3-0.01-0.09.sparql	SUBJECT_OBJECT_JOIN	7	3	0.01	13	13058	1897627
MOLECULE_HASH (diameter=5)	10	1000000000	0	BUSHY	query-SUBJECT_SUBJECT_JOIN-7-1-0.001-0.009.sparql	SUBJECT_SUBJECT_JOIN	7	1	0.001	13	2894	25052
MOLECULE_HASH (diameter=5)	10	1000000000	0	BUSHY	query-SUBJECT_SUBJECT_JOIN-7-1-0.01-0.09.sparql	SUBJECT_SUBJECT_JOIN	7	1	0.01	8	3810	23960
MOLECULE_HASH (diameter=5)	10	1000000000	0	BUSHY	query-SUBJECT_OBJECT_JOIN-7-1-0.001-0.009.sparql	SUBJECT_OBJECT_JOIN	7	1	0.001	11	2704	104791
MOLECULE_HASH (diameter=6)	10	1000000000	0	BUSHY	query-SUBJECT_OBJECT_JOIN-1-1-0.01-0.09.sparql	SUBJECT_OBJECT_JOIN	1	1	0.01	2	500	15463
MOLECULE_HASH (diameter=6)	10	1000000000	0	BUSHY	query-SUBJECT_SUBJECT_JOIN-1-1-0.001-0.009.sparql	SUBJECT_SUBJECT_JOIN	1	1	0.001	6	496	35639
MOLECULE_HASH (diameter=6)	10	1000000000	0	BUSHY	query-SUBJECT_OBJECT_JOIN-7-1-0.01-0.09.sparql	SUBJECT_OBJECT_JOIN	7	1	0.01	3	2805	30732
MOLECULE_HASH (diameter=6)	10	1000000000	0	BUSHY	query-SUBJECT_SUBJECT_JOIN-1-1-0.01-0.09.sparql	SUBJECT_SUBJECT_JOIN	1	1	0.01	3	498	2454
MOLECULE_HASH (diameter=6)	10	1000000000	0	BUSHY	query-SUBJECT_SUBJECT_JOIN-7-3-0.01-0.09.sparql	SUBJECT_SUBJECT_JOIN	7	3	0.01	3	2799	10011
MOLECULE_HASH (diameter=6)	10	1000000000	0	BUSHY	query-SUBJECT_OBJECT_JOIN-1-1-0.001-0.009.sparql	SUBJECT_OBJECT_JOIN	1	1	0.001	2	499	2204
MOLECULE_HASH (diameter=6)	10	1000000000	0	BUSHY	query-SUBJECT_OBJECT_JOIN-7-3-0.001-0.009.sparql	SUBJECT_OBJECT_JOIN	7	3	0.001	4	4201	50562
MOLECULE_HASH (diameter=6)	10	1000000000	0	BUSHY	query-SUBJECT_SUBJECT_JOIN-7-3-0.001-0.009.sparql	SUBJECT_SUBJECT_JOIN	7	3	0.001	4	5053	30669
MOLECULE_HASH (diameter=6)	10	1000000000	0	BUSHY	query-SUBJECT_OBJECT_JOIN-7-3-0.01-0.09.sparql	SUBJECT_OBJECT_JOIN	7	3	0.01	22	8847	1875911
MOLECULE_HASH (diameter=6)	10	1000000000	0	BUSHY	query-SUBJECT_SUBJECT_JOIN-7-1-0.001-0.009.sparql	SUBJECT_SUBJECT_JOIN	7	1	0.001	5	2502	22931
MOLECULE_HASH (diameter=6)	10	1000000000	0	BUSHY	query-SUBJECT_SUBJECT_JOIN-7-1-0.01-0.09.sparql	SUBJECT_SUBJECT_JOIN	7	1	0.01	2	3914	22214
MOLECULE_HASH (diameter=6)	10	1000000000	0	BUSHY	query-SUBJECT_OBJECT_JOIN-7-1-0.001-0.009.sparql	SUBJECT_OBJECT_JOIN	7	1	0.001	2	3604	100836
MOLECULE_HASH (diameter=7)	10	1000000000	0	BUSHY	query-SUBJECT_OBJECT_JOIN-1-1-0.01-0.09.sparql	SUBJECT_OBJECT_JOIN	1	1	0.01	3	501	15592
MOLECULE_HASH (diameter=7)	10	1000000000	0	BUSHY	query-SUBJECT_SUBJECT_JOIN-1-1-0.001-0.009.sparql	SUBJECT_SUBJECT_JOIN	1	1	0.001	2	411	46194
MOLECULE_HASH (diameter=7)	10	1000000000	0	BUSHY	query-SUBJECT_OBJECT_JOIN-7-1-0.01-0.09.sparql	SUBJECT_OBJECT_JOIN	7	1	0.01	3	2660	33246
MOLECULE_HASH (diameter=7)	10	1000000000	0	BUSHY	query-SUBJECT_SUBJECT_JOIN-1-1-0.01-0.09.sparql	SUBJECT_SUBJECT_JOIN	1	1	0.01	2	400	2886
MOLECULE_HASH (diameter=7)	10	1000000000	0	BUSHY	query-SUBJECT_SUBJECT_JOIN-7-3-0.01-0.09.sparql	SUBJECT_SUBJECT_JOIN	7	3	0.01	4	3000	8210
MOLECULE_HASH (diameter=7)	10	1000000000	0	BUSHY	query-SUBJECT_OBJECT_JOIN-1-1-0.001-0.009.sparql	SUBJECT_OBJECT_JOIN	1	1	0.001	21	580	303
MOLECULE_HASH (diameter=7)	10	1000000000	0	BUSHY	query-SUBJECT_OBJECT_JOIN-7-3-0.001-0.009.sparql	SUBJECT_OBJECT_JOIN	7	3	0.001	7	2700	62606
MOLECULE_HASH (diameter=7)	10	1000000000	0	BUSHY	query-SUBJECT_SUBJECT_JOIN-7-3-0.001-0.009.sparql	SUBJECT_SUBJECT_JOIN	7	3	0.001	11	7739	33117
MOLECULE_HASH (diameter=7)	10	1000000000	0	BUSHY	query-SUBJECT_OBJECT_JOIN-7-3-0.01-0.09.sparql	SUBJECT_OBJECT_JOIN	7	3	0.01	12	9639	1847566
MOLECULE_HASH (diameter=7)	10	1000000000	0	BUSHY	query-SUBJECT_SUBJECT_JOIN-7-1-0.001-0.009.sparql	SUBJECT_SUBJECT_JOIN	7	1	0.001	13	2489	24046
MOLECULE_HASH (diameter=7)	10	1000000000	0	BUSHY	query-SUBJECT_SUBJECT_JOIN-7-1-0.01-0.09.sparql	SUBJECT_SUBJECT_JOIN	7	1	0.01	8	3701	24228
MOLECULE_HASH (diameter=7)	10	1000000000	0	BUSHY	query-SUBJECT_OBJECT_JOIN-7-1-0.001-0.009.sparql	SUBJECT_OBJECT_JOIN	7	1	0.001	8	3407	100843
MOLECULE_HASH (diameter=3)	20	1000000000	0	BUSHY	query-SUBJECT_OBJECT_JOIN-1-1-0.01-0.09.sparql	SUBJECT_OBJECT_JOIN	1	1	0.01	2	701	9578
MOLECULE_HASH (diameter=3)	20	1000000000	0	BUSHY	query-SUBJECT_SUBJECT_JOIN-1-1-0.001-0.009.sparql	SUBJECT_SUBJECT_JOIN	1	1	0.001	1	1224	39975
MOLECULE_HASH (diameter=3)	20	1000000000	0	BUSHY	query-SUBJECT_OBJECT_JOIN-7-1-0.01-0.09.sparql	SUBJECT_OBJECT_JOIN	7	1	0.01	4	3372	43951
MOLECULE_HASH (diameter=3)	20	1000000000	0	BUSHY	query-SUBJECT_SUBJECT_JOIN-1-1-0.01-0.09.sparql	SUBJECT_SUBJECT_JOIN	1	1	0.01	2	606	3956
MOLECULE_HASH (diameter=3)	20	1000000000	0	BUSHY	query-SUBJECT_SUBJECT_JOIN-7-3-0.01-0.09.sparql	SUBJECT_SUBJECT_JOIN	7	3	0.01	3	3603	5805
MOLECULE_HASH (diameter=3)	20	1000000000	0	BUSHY	query-SUBJECT_OBJECT_JOIN-1-1-0.001-0.009.sparql	SUBJECT_OBJECT_JOIN	1	1	0.001	3	1231	4307
MOLECULE_HASH (diameter=3)	20	1000000000	0	BUSHY	query-SUBJECT_OBJECT_JOIN-7-3-0.001-0.009.sparql	SUBJECT_OBJECT_JOIN	7	3	0.001	182	3825	41202
MOLECULE_HASH (diameter=3)	20	1000000000	0	BUSHY	query-SUBJECT_SUBJECT_JOIN-7-3-0.001-0.009.sparql	SUBJECT_SUBJECT_JOIN	7	3	0.001	39	15448	23299
MOLECULE_HASH (diameter=3)	20	1000000000	0	BUSHY	query-SUBJECT_OBJECT_JOIN-7-3-0.01-0.09.sparql	SUBJECT_OBJECT_JOIN	7	3	0.01	26	10329	2945861
MOLECULE_HASH (diameter=3)	20	1000000000	0	BUSHY	query-SUBJECT_SUBJECT_JOIN-7-1-0.001-0.009.sparql	SUBJECT_SUBJECT_JOIN	7	1	0.001	3	3400	26141
MOLECULE_HASH (diameter=3)	20	1000000000	0	BUSHY	query-SUBJECT_SUBJECT_JOIN-7-1-0.01-0.09.sparql	SUBJECT_SUBJECT_JOIN	7	1	0.01	3	4107	25606
MOLECULE_HASH (diameter=3)	20	1000000000	0	BUSHY	query-SUBJECT_OBJECT_JOIN-7-1-0.001-0.009.sparql	SUBJECT_OBJECT_JOIN	7	1	0.001	2	4727	87919
MOLECULE_HASH (diameter=3)	40	1000000000	0	BUSHY	query-SUBJECT_OBJECT_JOIN-1-1-0.01-0.09.sparql	SUBJECT_OBJECT_JOIN	1	1	0.01	4	798	13556
MOLECULE_HASH (diameter=3)	40	1000000000	0	BUSHY	query-SUBJECT_SUBJECT_JOIN-1-1-0.001-0.009.sparql	SUBJECT_SUBJECT_JOIN	1	1	0.001	2	1099	55709
MOLECULE_HASH (diameter=3)	40	1000000000	0	BUSHY	query-SUBJECT_OBJECT_JOIN-7-1-0.01-0.09.sparql	SUBJECT_OBJECT_JOIN	7	1	0.01	9	8459	70237
MOLECULE_HASH (diameter=3)	40	1000000000	0	BUSHY	query-SUBJECT_SUBJECT_JOIN-1-1-0.01-0.09.sparql	SUBJECT_SUBJECT_JOIN	1	1	0.01	5	896	7946
MOLECULE_HASH (diameter=3)	40	1000000000	0	BUSHY	query-SUBJECT_SUBJECT_JOIN-7-3-0.01-0.09.sparql	SUBJECT_SUBJECT_JOIN	7	3	0.01	4	7211	1803
MOLECULE_HASH (diameter=3)	40	1000000000	0	BUSHY	query-SUBJECT_OBJECT_JOIN-1-1-0.001-0.009.sparql	SUBJECT_OBJECT_JOIN	1	1	0.001	4	4102	8039
MOLECULE_HASH (diameter=3)	40	1000000000	0	BUSHY	query-SUBJECT_OBJECT_JOIN-7-3-0.001-0.009.sparql	SUBJECT_OBJECT_JOIN	7	3	0.001	9	8014	79296
MOLECULE_HASH (diameter=3)	40	1000000000	0	BUSHY	query-SUBJECT_SUBJECT_JOIN-7-3-0.001-0.009.sparql	SUBJECT_SUBJECT_JOIN	7	3	0.001	5	13330	36812
MOLECULE_HASH (diameter=3)	40	1000000000	0	BUSHY	query-SUBJECT_OBJECT_JOIN-7-3-0.01-0.09.sparql	SUBJECT_OBJECT_JOIN	7	3	0.01	5	34331	3643211
MOLECULE_HASH (diameter=3)	40	1000000000	0	BUSHY	query-SUBJECT_SUBJECT_JOIN-7-1-0.001-0.009.sparql	SUBJECT_SUBJECT_JOIN	7	1	0.001	11	9817	45294
MOLECULE_HASH (diameter=3)	40	1000000000	0	BUSHY	query-SUBJECT_SUBJECT_JOIN-7-1-0.01-0.09.sparql	SUBJECT_SUBJECT_JOIN	7	1	0.01	11	23668	57566
MOLECULE_HASH (diameter=3)	40	1000000000	0	BUSHY	query-SUBJECT_OBJECT_JOIN-7-1-0.001-0.009.sparql	SUBJECT_OBJECT_JOIN	7	1	0.001	9	13119	107758
MOLECULE_HASH (diameter=3)	20	500000000	0	BUSHY	query-SUBJECT_OBJECT_JOIN-1-1-0.01-0.09.sparql	SUBJECT_OBJECT_JOIN	1	1	0.01	4	700	8220
MOLECULE_HASH (diameter=3)	20	500000000	0	BUSHY	query-SUBJECT_SUBJECT_JOIN-1-1-0.001-0.009.sparql	SUBJECT_SUBJECT_JOIN	1	1	0.001	2	2008	34671
MOLECULE_HASH (diameter=3)	20	500000000	0	BUSHY	query-SUBJECT_OBJECT_JOIN-7-1-0.01-0.09.sparql	SUBJECT_OBJECT_JOIN	7	1	0.01	9	4404	39588
MOLECULE_HASH (diameter=3)	20	500000000	0	BUSHY	query-SUBJECT_SUBJECT_JOIN-1-1-0.01-0.09.sparql	SUBJECT_SUBJECT_JOIN	1	1	0.01	8	695	3903
MOLECULE_HASH (diameter=3)	20	500000000	0	BUSHY	query-SUBJECT_SUBJECT_JOIN-7-3-0.01-0.09.sparql	SUBJECT_SUBJECT_JOIN	7	3	0.01	4	4194	4017
MOLECULE_HASH (diameter=3)	20	500000000	0	BUSHY	query-SUBJECT_OBJECT_JOIN-1-1-0.001-0.009.sparql	SUBJECT_OBJECT_JOIN	1	1	0.001	3	1208	4912
MOLECULE_HASH (diameter=3)	20	500000000	0	BUSHY	query-SUBJECT_OBJECT_JOIN-7-3-0.001-0.009.sparql	SUBJECT_OBJECT_JOIN	7	3	0.001	2	3605	50332
MOLECULE_HASH (diameter=3)	20	500000000	0	BUSHY	query-SUBJECT_SUBJECT_JOIN-7-3-0.001-0.009.sparql	SUBJECT_SUBJECT_JOIN	7	3	0.001	8	15477	26409
MOLECULE_HASH (diameter=3)	20	500000000	0	BUSHY	query-SUBJECT_OBJECT_JOIN-7-3-0.01-0.09.sparql	SUBJECT_OBJECT_JOIN	7	3	0.01	11	35272	2859522
MOLECULE_HASH (diameter=3)	20	500000000	0	BUSHY	query-SUBJECT_SUBJECT_JOIN-7-1-0.001-0.009.sparql	SUBJECT_SUBJECT_JOIN	7	1	0.001	13	4188	32036
MOLECULE_HASH (diameter=3)	20	500000000	0	BUSHY	query-SUBJECT_SUBJECT_JOIN-7-1-0.01-0.09.sparql	SUBJECT_SUBJECT_JOIN	7	1	0.01	3	6110	32743
MOLECULE_HASH (diameter=3)	20	500000000	0	BUSHY	query-SUBJECT_OBJECT_JOIN-7-1-0.001-0.009.sparql	SUBJECT_OBJECT_JOIN	7	1	0.001	5	4714	67025
MOLECULE_HASH (diameter=3)	20	2000000000	0	BUSHY	query-SUBJECT_OBJECT_JOIN-1-1-0.01-0.09.sparql	SUBJECT_OBJECT_JOIN	1	1	0.01	7	700	17618
MOLECULE_HASH (diameter=3)	20	2000000000	0	BUSHY	query-SUBJECT_SUBJECT_JOIN-1-1-0.001-0.009.sparql	SUBJECT_SUBJECT_JOIN	1	1	0.001	4	1498	40125
MOLECULE_HASH (diameter=3)	20	2000000000	0	BUSHY	query-SUBJECT_OBJECT_JOIN-7-1-0.01-0.09.sparql	SUBJECT_OBJECT_JOIN	7	1	0.01	8	4389	53619
MOLECULE_HASH (diameter=3)	20	2000000000	0	BUSHY	query-SUBJECT_SUBJECT_JOIN-1-1-0.01-0.09.sparql	SUBJECT_SUBJECT_JOIN	1	1	0.01	1	1098	4063
MOLECULE_HASH (diameter=3)	20	2000000000	0	BUSHY	query-SUBJECT_SUBJECT_JOIN-7-3-0.01-0.09.sparql	SUBJECT_SUBJECT_JOIN	7	3	0.01	3	4301	13116
MOLECULE_HASH (diameter=3)	20	2000000000	0	BUSHY	query-SUBJECT_OBJECT_JOIN-1-1-0.001-0.009.sparql	SUBJECT_OBJECT_JOIN	1	1	0.001	5	1897	4207
MOLECULE_HASH (diameter=3)	20	2000000000	0	BUSHY	query-SUBJECT_OBJECT_JOIN-7-3-0.001-0.009.sparql	SUBJECT_OBJECT_JOIN	7	3	0.001	2	4603	40143
MOLECULE_HASH (diameter=3)	20	2000000000	0	BUSHY	query-SUBJECT_SUBJECT_JOIN-7-3-0.001-0.009.sparql	SUBJECT_SUBJECT_JOIN	7	3	0.001	3	15065	29462
MOLECULE_HASH (diameter=3)	20	2000000000	0	BUSHY	query-SUBJECT_OBJECT_JOIN-7-3-0.01-0.09.sparql	SUBJECT_OBJECT_JOIN	7	3	0.01	375	13847	1583768
MOLECULE_HASH (diameter=3)	20	2000000000	0	BUSHY	query-SUBJECT_SUBJECT_JOIN-7-1-0.001-0.009.sparql	SUBJECT_SUBJECT_JOIN	7	1	0.001	572	10183	25521
MOLECULE_HASH (diameter=3)	20	2000000000	0	BUSHY	query-SUBJECT_SUBJECT_JOIN-7-1-0.01-0.09.sparql	SUBJECT_SUBJECT_JOIN	7	1	0.01	7	8325	24940
MOLECULE_HASH (diameter=3)	20	2000000000	0	BUSHY	query-SUBJECT_OBJECT_JOIN-7-1-0.001-0.009.sparql	SUBJECT_OBJECT_JOIN	7	1	0.001	48	15081	2258885
MEC_OVER	10	1000000000	0	BUSHY	query-SUBJECT_OBJECT_JOIN-1-1-0.01-0.09.sparql	SUBJECT_OBJECT_JOIN	1	1	0.01	6	716	5408
MEC_OVER	10	1000000000	0	BUSHY	query-SUBJECT_OBJECT_JOIN-7-1-0.01-0.09.sparql	SUBJECT_OBJECT_JOIN	7	1	0.01	13	3286	18196
MEC_OVER	10	1000000000	0	BUSHY	query-SUBJECT_SUBJECT_JOIN-1-1-0.01-0.09.sparql	SUBJECT_SUBJECT_JOIN	1	1	0.01	5	3308	104
MEC_OVER	10	1000000000	0	BUSHY	query-SUBJECT_SUBJECT_JOIN-7-3-0.01-0.09.sparql	SUBJECT_SUBJECT_JOIN	7	3	0.01	34	2184	2415
MEC_OVER	10	1000000000	0	BUSHY	query-SUBJECT_SUBJECT_JOIN-1-1-0.001-0.009.sparql	SUBJECT_SUBJECT_JOIN	1	1	0.001	8	694	38814
MEC_OVER	10	1000000000	0	BUSHY	query-SUBJECT_OBJECT_JOIN-1-1-0.001-0.009.sparql	SUBJECT_OBJECT_JOIN	1	1	0.001	3	502	1404
MEC_OVER	10	1000000000	0	BUSHY	query-SUBJECT_OBJECT_JOIN-7-3-0.001-0.009.sparql	SUBJECT_OBJECT_JOIN	7	3	0.001	12	3107	29220
MEC_OVER	10	1000000000	0	BUSHY	query-SUBJECT_SUBJECT_JOIN-7-3-0.001-0.009.sparql	SUBJECT_SUBJECT_JOIN	7	3	0.001	5	7108	21746
MEC_OVER	10	1000000000	0	BUSHY	query-SUBJECT_OBJECT_JOIN-7-3-0.01-0.09.sparql	SUBJECT_OBJECT_JOIN	7	3	0.01	13	3191	143090
MEC_OVER	10	1000000000	0	BUSHY	query-SUBJECT_SUBJECT_JOIN-7-1-0.001-0.009.sparql	SUBJECT_SUBJECT_JOIN	7	1	0.001	9	3395	209077
MEC_OVER	10	1000000000	0	BUSHY	query-SUBJECT_SUBJECT_JOIN-7-1-0.01-0.09.sparql	SUBJECT_SUBJECT_JOIN	7	1	0.01	13	3191	83809
MEC_OVER	10	1000000000	0	BUSHY	query-SUBJECT_OBJECT_JOIN-7-1-0.001-0.009.sparql	SUBJECT_OBJECT_JOIN	7	1	0.001	7	4096	27235
MEC_OVER	20	500000000	0	BUSHY	query-SUBJECT_OBJECT_JOIN-1-1-0.01-0.09.sparql	SUBJECT_OBJECT_JOIN	1	1	0.01	2	595	11559
MEC_OVER	20	500000000	0	BUSHY	query-SUBJECT_SUBJECT_JOIN-1-1-0.001-0.009.sparql	SUBJECT_SUBJECT_JOIN	1	1	0.001	2	900	21508
MEC_OVER	20	500000000	0	BUSHY	query-SUBJECT_OBJECT_JOIN-7-1-0.01-0.09.sparql	SUBJECT_OBJECT_JOIN	7	1	0.01	4	2714	29333
MEC_OVER	20	500000000	0	BUSHY	query-SUBJECT_SUBJECT_JOIN-1-1-0.01-0.09.sparql	SUBJECT_SUBJECT_JOIN	1	1	0.01	3	1799	8777
MEC_OVER	20	500000000	0	BUSHY	query-SUBJECT_SUBJECT_JOIN-7-3-0.01-0.09.sparql	SUBJECT_SUBJECT_JOIN	7	3	0.01	3	2855	29540
MEC_OVER	20	500000000	0	BUSHY	query-SUBJECT_OBJECT_JOIN-1-1-0.001-0.009.sparql	SUBJECT_OBJECT_JOIN	1	1	0.001	6	696	402
MEC_OVER	20	500000000	0	BUSHY	query-SUBJECT_OBJECT_JOIN-7-3-0.001-0.009.sparql	SUBJECT_OBJECT_JOIN	7	3	0.001	7	3798	21682
MEC_OVER	20	500000000	0	BUSHY	query-SUBJECT_SUBJECT_JOIN-7-3-0.001-0.009.sparql	SUBJECT_SUBJECT_JOIN	7	3	0.001	3	3501	2203
MEC_OVER	20	500000000	0	BUSHY	query-SUBJECT_OBJECT_JOIN-7-3-0.01-0.09.sparql	SUBJECT_OBJECT_JOIN	7	3	0.01	2	2902	9215
MEC_OVER	20	500000000	0	BUSHY	query-SUBJECT_SUBJECT_JOIN-7-1-0.001-0.009.sparql	SUBJECT_SUBJECT_JOIN	7	1	0.001	3	2905	30040
MEC_OVER	20	500000000	0	BUSHY	query-SUBJECT_SUBJECT_JOIN-7-1-0.01-0.09.sparql	SUBJECT_SUBJECT_JOIN	7	1	0.01	4	3608	29340
MEC_OVER	20	500000000	0	BUSHY	query-SUBJECT_OBJECT_JOIN-7-1-0.001-0.009.sparql	SUBJECT_OBJECT_JOIN	7	1	0.001	3	3299	29637
HIERARCHICAL	10	1000000000	0	LEFT_LINEAR	query-SUBJECT_OBJECT_JOIN-1-1-0.01-0.09.sparql	SUBJECT_OBJECT_JOIN	1	1	0.01	4	600	76556
HIERARCHICAL	10	1000000000	0	LEFT_LINEAR	query-SUBJECT_SUBJECT_JOIN-1-1-0.001-0.009.sparql	SUBJECT_SUBJECT_JOIN	1	1	0.001	8	812	46146
HIERARCHICAL	10	1000000000	0	LEFT_LINEAR	query-SUBJECT_OBJECT_JOIN-7-1-0.01-0.09.sparql	SUBJECT_OBJECT_JOIN	7	1	0.01	275	3847	35965
HIERARCHICAL	10	1000000000	0	LEFT_LINEAR	query-SUBJECT_SUBJECT_JOIN-1-1-0.01-0.09.sparql	SUBJECT_SUBJECT_JOIN	1	1	0.01	10	1107	5668
HIERARCHICAL	10	1000000000	0	LEFT_LINEAR	query-SUBJECT_SUBJECT_JOIN-7-3-0.01-0.09.sparql	SUBJECT_SUBJECT_JOIN	7	3	0.01	81	3843	23542
HIERARCHICAL	10	1000000000	0	LEFT_LINEAR	query-SUBJECT_OBJECT_JOIN-1-1-0.001-0.009.sparql	SUBJECT_OBJECT_JOIN	1	1	0.001	516	1805	2304
HIERARCHICAL	10	1000000000	0	LEFT_LINEAR	query-SUBJECT_OBJECT_JOIN-7-3-0.001-0.009.sparql	SUBJECT_OBJECT_JOIN	7	3	0.001	35	6691	1537162
HIERARCHICAL	10	1000000000	0	LEFT_LINEAR	query-SUBJECT_SUBJECT_JOIN-7-3-0.001-0.009.sparql	SUBJECT_SUBJECT_JOIN	7	3	0.001	7	3198	25345
HIERARCHICAL	10	1000000000	0	LEFT_LINEAR	query-SUBJECT_OBJECT_JOIN-7-3-0.01-0.09.sparql	SUBJECT_OBJECT_JOIN	7	3	0.01	21	33416	917557
HIERARCHICAL	10	1000000000	0	LEFT_LINEAR	query-SUBJECT_SUBJECT_JOIN-7-1-0.001-0.009.sparql	SUBJECT_SUBJECT_JOIN	7	1	0.001	48	6769	29613
HIERARCHICAL	10	1000000000	0	LEFT_LINEAR	query-SUBJECT_SUBJECT_JOIN-7-1-0.01-0.09.sparql	SUBJECT_SUBJECT_JOIN	7	1	0.01	30	2867	32906
HIERARCHICAL	10	1000000000	0	LEFT_LINEAR	query-SUBJECT_OBJECT_JOIN-7-1-0.001-0.009.sparql	SUBJECT_OBJECT_JOIN	7	1	0.001	15	15701	86801
HIERARCHICAL	10	1000000000	0	RIGHT_LINEAR	query-SUBJECT_OBJECT_JOIN-1-1-0.01-0.09.sparql	SUBJECT_OBJECT_JOIN	1	1	0.01	3	501	15438
HIERARCHICAL	10	1000000000	0	RIGHT_LINEAR	query-SUBJECT_SUBJECT_JOIN-1-1-0.001-0.009.sparql	SUBJECT_SUBJECT_JOIN	1	1	0.001	26	1484	40783
HIERARCHICAL	10	1000000000	0	RIGHT_LINEAR	query-SUBJECT_OBJECT_JOIN-7-1-0.01-0.09.sparql	SUBJECT_OBJECT_JOIN	7	1	0.01	30	3102	42964
HIERARCHICAL	10	1000000000	0	RIGHT_LINEAR	query-SUBJECT_SUBJECT_JOIN-1-1-0.01-0.09.sparql	SUBJECT_SUBJECT_JOIN	1	1	0.01	24	693	4318
HIERARCHICAL	10	1000000000	0	RIGHT_LINEAR	query-SUBJECT_SUBJECT_JOIN-7-3-0.01-0.09.sparql	SUBJECT_SUBJECT_JOIN	7	3	0.01	27	3046	25535
HIERARCHICAL	10	1000000000	0	RIGHT_LINEAR	query-SUBJECT_OBJECT_JOIN-1-1-0.001-0.009.sparql	SUBJECT_OBJECT_JOIN	1	1	0.001	10	1180	2205
HIERARCHICAL	10	1000000000	0	RIGHT_LINEAR	query-SUBJECT_OBJECT_JOIN-7-3-0.001-0.009.sparql	SUBJECT_OBJECT_JOIN	7	3	0.001	36	2869	33951
HIERARCHICAL	10	1000000000	0	RIGHT_LINEAR	query-SUBJECT_SUBJECT_JOIN-7-3-0.001-0.009.sparql	SUBJECT_SUBJECT_JOIN	7	3	0.001	9	3539	25473
HIERARCHICAL	10	1000000000	0	RIGHT_LINEAR	query-SUBJECT_OBJECT_JOIN-7-3-0.01-0.09.sparql	SUBJECT_OBJECT_JOIN	7	3	0.01	25	3390	3444675
HIERARCHICAL	10	1000000000	0	RIGHT_LINEAR	query-SUBJECT_SUBJECT_JOIN-7-1-0.001-0.009.sparql	SUBJECT_SUBJECT_JOIN	7	1	0.001	37	5772	54050
HIERARCHICAL	10	1000000000	0	RIGHT_LINEAR	query-SUBJECT_SUBJECT_JOIN-7-1-0.01-0.09.sparql	SUBJECT_SUBJECT_JOIN	7	1	0.01	26	7519	30458
HIERARCHICAL	10	1000000000	0	RIGHT_LINEAR	query-SUBJECT_OBJECT_JOIN-7-1-0.001-0.009.sparql	SUBJECT_OBJECT_JOIN	7	1	0.001	37	13740	591078
HIERARCHICAL	10	1000000000	0	BUSHY	query-SUBJECT_OBJECT_JOIN-1-1-0.01-0.09.sparql	SUBJECT_OBJECT_JOIN	1	1	0.01	24	516	15075
HIERARCHICAL	10	1000000000	0	BUSHY	query-SUBJECT_SUBJECT_JOIN-1-1-0.001-0.009.sparql	SUBJECT_SUBJECT_JOIN	1	1	0.001	453	2562	38250
HIERARCHICAL	10	1000000000	0	BUSHY	query-SUBJECT_OBJECT_JOIN-7-1-0.01-0.09.sparql	SUBJECT_OBJECT_JOIN	7	1	0.01	19	2907	41973
HIERARCHICAL	10	1000000000	0	BUSHY	query-SUBJECT_SUBJECT_JOIN-1-1-0.01-0.09.sparql	SUBJECT_SUBJECT_JOIN	1	1	0.01	40	692	4358
HIERARCHICAL	10	1000000000	0	BUSHY	query-SUBJECT_SUBJECT_JOIN-7-3-0.01-0.09.sparql	SUBJECT_SUBJECT_JOIN	7	3	0.01	4	3231	25741
HIERARCHICAL	10	1000000000	0	BUSHY	query-SUBJECT_OBJECT_JOIN-1-1-0.001-0.009.sparql	SUBJECT_OBJECT_JOIN	1	1	0.001	2	1001	2411
HIERARCHICAL	10	1000000000	0	BUSHY	query-SUBJECT_OBJECT_JOIN-7-3-0.001-0.009.sparql	SUBJECT_OBJECT_JOIN	7	3	0.001	16	5292	76084
HIERARCHICAL	10	1000000000	0	BUSHY	query-SUBJECT_SUBJECT_JOIN-7-3-0.001-0.009.sparql	SUBJECT_SUBJECT_JOIN	7	3	0.001	10	7303	22028
HIERARCHICAL	10	1000000000	0	BUSHY	query-SUBJECT_OBJECT_JOIN-7-3-0.01-0.09.sparql	SUBJECT_OBJECT_JOIN	7	3	0.01	23	50867	2460035
HIERARCHICAL	10	1000000000	0	BUSHY	query-SUBJECT_SUBJECT_JOIN-7-1-0.001-0.009.sparql	SUBJECT_SUBJECT_JOIN	7	1	0.001	16	4591	23594
HIERARCHICAL	10	1000000000	0	BUSHY	query-SUBJECT_SUBJECT_JOIN-7-1-0.01-0.09.sparql	SUBJECT_SUBJECT_JOIN	7	1	0.01	26	2685	23975
HIERARCHICAL	10	1000000000	0	BUSHY	query-SUBJECT_OBJECT_JOIN-7-1-0.001-0.009.sparql	SUBJECT_OBJECT_JOIN	7	1	0.001	4	3435	244217
HIERARCHICAL	20	1000000000	0	LEFT_LINEAR	query-SUBJECT_OBJECT_JOIN-1-1-0.01-0.09.sparql	SUBJECT_OBJECT_JOIN	1	1	0.01	2	702	24740
HIERARCHICAL	20	1000000000	0	LEFT_LINEAR	query-SUBJECT_SUBJECT_JOIN-1-1-0.001-0.009.sparql	SUBJECT_SUBJECT_JOIN	1	1	0.001	6	7406	339793
HIERARCHICAL	20	1000000000	0	LEFT_LINEAR	query-SUBJECT_OBJECT_JOIN-7-1-0.01-0.09.sparql	SUBJECT_OBJECT_JOIN	7	1	0.01	27	22051	51477
HIERARCHICAL	20	1000000000	0	LEFT_LINEAR	query-SUBJECT_SUBJECT_JOIN-1-1-0.01-0.09.sparql	SUBJECT_SUBJECT_JOIN	1	1	0.01	7	3895	7908
HIERARCHICAL	20	1000000000	0	LEFT_LINEAR	query-SUBJECT_SUBJECT_JOIN-7-3-0.01-0.09.sparql	SUBJECT_SUBJECT_JOIN	7	3	0.01	40	39537	20127
HIERARCHICAL	20	1000000000	0	LEFT_LINEAR	query-SUBJECT_OBJECT_JOIN-1-1-0.001-0.009.sparql	SUBJECT_OBJECT_JOIN	1	1	0.001	71	1129	6710
HIERARCHICAL	20	1000000000	0	LEFT_LINEAR	query-SUBJECT_OBJECT_JOIN-7-3-0.001-0.009.sparql	SUBJECT_OBJECT_JOIN	7	3	0.001	27	22001	755141
HIERARCHICAL	20	1000000000	0	LEFT_LINEAR	query-SUBJECT_SUBJECT_JOIN-7-3-0.001-0.009.sparql	SUBJECT_SUBJECT_JOIN	7	3	0.001	20	239807	27835
HIERARCHICAL	20	1000000000	0	LEFT_LINEAR	query-SUBJECT_OBJECT_JOIN-7-3-0.01-0.09.sparql	SUBJECT_OBJECT_JOIN	7	3	0.01	23	26968	3888721
HIERARCHICAL	20	1000000000	0	LEFT_LINEAR	query-SUBJECT_SUBJECT_JOIN-7-1-0.001-0.009.sparql	SUBJECT_SUBJECT_JOIN	7	1	0.001	37	11782	25692
HIERARCHICAL	20	1000000000	0	LEFT_LINEAR	query-SUBJECT_SUBJECT_JOIN-7-1-0.01-0.09.sparql	SUBJECT_SUBJECT_JOIN	7	1	0.01	3	23308	25144
HIERARCHICAL	20	1000000000	0	LEFT_LINEAR	query-SUBJECT_OBJECT_JOIN-7-1-0.001-0.009.sparql	SUBJECT_OBJECT_JOIN	7	1	0.001	5	4736	74339
HIERARCHICAL	20	1000000000	0	RIGHT_LINEAR	query-SUBJECT_OBJECT_JOIN-1-1-0.01-0.09.sparql	SUBJECT_OBJECT_JOIN	1	1	0.01	12	1100	11798
HIERARCHICAL	20	1000000000	0	RIGHT_LINEAR	query-SUBJECT_SUBJECT_JOIN-1-1-0.001-0.009.sparql	SUBJECT_SUBJECT_JOIN	1	1	0.001	2	3605	49350
HIERARCHICAL	20	1000000000	0	RIGHT_LINEAR	query-SUBJECT_OBJECT_JOIN-7-1-0.01-0.09.sparql	SUBJECT_OBJECT_JOIN	7	1	0.01	5	7728	60306
HIERARCHICAL	20	1000000000	0	RIGHT_LINEAR	query-SUBJECT_SUBJECT_JOIN-1-1-0.01-0.09.sparql	SUBJECT_SUBJECT_JOIN	1	1	0.01	28	942	4788
HIERARCHICAL	20	1000000000	0	RIGHT_LINEAR	query-SUBJECT_SUBJECT_JOIN-7-3-0.01-0.09.sparql	SUBJECT_SUBJECT_JOIN	7	3	0.01	5	10318	6409
HIERARCHICAL	20	1000000000	0	RIGHT_LINEAR	query-SUBJECT_OBJECT_JOIN-1-1-0.001-0.009.sparql	SUBJECT_OBJECT_JOIN	1	1	0.001	10	3001	4109
HIERARCHICAL	20	1000000000	0	RIGHT_LINEAR	query-SUBJECT_OBJECT_JOIN-7-3-0.001-0.009.sparql	SUBJECT_OBJECT_JOIN	7	3	0.001	37	34404	53466
HIERARCHICAL	20	1000000000	0	RIGHT_LINEAR	query-SUBJECT_SUBJECT_JOIN-7-3-0.001-0.009.sparql	SUBJECT_SUBJECT_JOIN	7	3	0.001	8	30165	22713
HIERARCHICAL	20	1000000000	0	RIGHT_LINEAR	query-SUBJECT_OBJECT_JOIN-7-3-0.01-0.09.sparql	SUBJECT_OBJECT_JOIN	7	3	0.01	35	67616	2968869
HIERARCHICAL	20	1000000000	0	RIGHT_LINEAR	query-SUBJECT_SUBJECT_JOIN-7-1-0.001-0.009.sparql	SUBJECT_SUBJECT_JOIN	7	1	0.001	8	15659	65836
HIERARCHICAL	20	1000000000	0	RIGHT_LINEAR	query-SUBJECT_SUBJECT_JOIN-7-1-0.01-0.09.sparql	SUBJECT_SUBJECT_JOIN	7	1	0.01	10	30364	50148
HIERARCHICAL	20	1000000000	0	RIGHT_LINEAR	query-SUBJECT_OBJECT_JOIN-7-1-0.001-0.009.sparql	SUBJECT_OBJECT_JOIN	7	1	0.001	6	11909	345403
HIERARCHICAL	20	1000000000	0	BUSHY	query-SUBJECT_OBJECT_JOIN-1-1-0.01-0.09.sparql	SUBJECT_OBJECT_JOIN	1	1	0.01	3	503	11989
HIERARCHICAL	20	1000000000	0	BUSHY	query-SUBJECT_SUBJECT_JOIN-1-1-0.001-0.009.sparql	SUBJECT_SUBJECT_JOIN	1	1	0.001	13	5293	50599
HIERARCHICAL	20	1000000000	0	BUSHY	query-SUBJECT_OBJECT_JOIN-7-1-0.01-0.09.sparql	SUBJECT_OBJECT_JOIN	7	1	0.01	6	15265	57609
HIERARCHICAL	20	1000000000	0	BUSHY	query-SUBJECT_SUBJECT_JOIN-1-1-0.01-0.09.sparql	SUBJECT_SUBJECT_JOIN	1	1	0.01	3	1808	5547
HIERARCHICAL	20	1000000000	0	BUSHY	query-SUBJECT_SUBJECT_JOIN-7-3-0.01-0.09.sparql	SUBJECT_SUBJECT_JOIN	7	3	0.01	4	7406	7526
HIERARCHICAL	20	1000000000	0	BUSHY	query-SUBJECT_OBJECT_JOIN-1-1-0.001-0.009.sparql	SUBJECT_OBJECT_JOIN	1	1	0.001	11	3595	5610
HIERARCHICAL	20	1000000000	0	BUSHY	query-SUBJECT_OBJECT_JOIN-7-3-0.001-0.009.sparql	SUBJECT_OBJECT_JOIN	7	3	0.001	15	10110	39232
HIERARCHICAL	20	1000000000	0	BUSHY	query-SUBJECT_SUBJECT_JOIN-7-3-0.001-0.009.sparql	SUBJECT_SUBJECT_JOIN	7	3	0.001	56	5056	24041
HIERARCHICAL	20	1000000000	0	BUSHY	query-SUBJECT_OBJECT_JOIN-7-3-0.01-0.09.sparql	SUBJECT_OBJECT_JOIN	7	3	0.01	64	13638	3500422
HIERARCHICAL	20	1000000000	0	BUSHY	query-SUBJECT_SUBJECT_JOIN-7-1-0.001-0.009.sparql	SUBJECT_SUBJECT_JOIN	7	1	0.001	87	14936	25120
HIERARCHICAL	20	1000000000	0	BUSHY	query-SUBJECT_SUBJECT_JOIN-7-1-0.01-0.09.sparql	SUBJECT_SUBJECT_JOIN	7	1	0.01	25	3600	34737
HIERARCHICAL	20	1000000000	0	BUSHY	query-SUBJECT_OBJECT_JOIN-7-1-0.001-0.009.sparql	SUBJECT_OBJECT_JOIN	7	1	0.001	7	10045	162867
HIERARCHICAL	40	1000000000	0	LEFT_LINEAR	query-SUBJECT_OBJECT_JOIN-1-1-0.01-0.09.sparql	SUBJECT_OBJECT_JOIN	1	1	0.01	444	4173	44103
HIERARCHICAL	40	1000000000	0	LEFT_LINEAR	query-SUBJECT_SUBJECT_JOIN-1-1-0.001-0.009.sparql	SUBJECT_SUBJECT_JOIN	1	1	0.001	49	9226	127720
HIERARCHICAL	40	1000000000	0	LEFT_LINEAR	query-SUBJECT_OBJECT_JOIN-7-1-0.01-0.09.sparql	SUBJECT_OBJECT_JOIN	7	1	0.01	8	39766	93948
HIERARCHICAL	40	1000000000	0	LEFT_LINEAR	query-SUBJECT_SUBJECT_JOIN-1-1-0.01-0.09.sparql	SUBJECT_SUBJECT_JOIN	1	1	0.01	4	901	8103
HIERARCHICAL	40	1000000000	0	LEFT_LINEAR	query-SUBJECT_SUBJECT_JOIN-7-3-0.01-0.09.sparql	SUBJECT_SUBJECT_JOIN	7	3	0.01	27	20715	3224
HIERARCHICAL	40	1000000000	0	LEFT_LINEAR	query-SUBJECT_OBJECT_JOIN-1-1-0.001-0.009.sparql	SUBJECT_OBJECT_JOIN	1	1	0.001	114	3823	14934
HIERARCHICAL	40	1000000000	0	LEFT_LINEAR	query-SUBJECT_OBJECT_JOIN-7-3-0.001-0.009.sparql	SUBJECT_OBJECT_JOIN	7	3	0.001	25	60624	881788
HIERARCHICAL	40	1000000000	0	LEFT_LINEAR	query-SUBJECT_SUBJECT_JOIN-7-3-0.001-0.009.sparql	SUBJECT_SUBJECT_JOIN	7	3	0.001	28	34349	38790
HIERARCHICAL	40	1000000000	0	LEFT_LINEAR	query-SUBJECT_OBJECT_JOIN-7-3-0.01-0.09.sparql	SUBJECT_OBJECT_JOIN	7	3	0.01	16	15624	902874
HIERARCHICAL	40	1000000000	0	LEFT_LINEAR	query-SUBJECT_SUBJECT_JOIN-7-1-0.001-0.009.sparql	SUBJECT_SUBJECT_JOIN	7	1	0.001	165	92808	24349
HIERARCHICAL	40	1000000000	0	LEFT_LINEAR	query-SUBJECT_SUBJECT_JOIN-7-1-0.01-0.09.sparql	SUBJECT_SUBJECT_JOIN	7	1	0.01	11	63006	23536
HIERARCHICAL	40	1000000000	0	LEFT_LINEAR	query-SUBJECT_OBJECT_JOIN-7-1-0.001-0.009.sparql	SUBJECT_OBJECT_JOIN	7	1	0.001	34	82740	113518
HIERARCHICAL	40	1000000000	0	RIGHT_LINEAR	query-SUBJECT_OBJECT_JOIN-1-1-0.01-0.09.sparql	SUBJECT_OBJECT_JOIN	1	1	0.01	3	1323	14524
HIERARCHICAL	40	1000000000	0	RIGHT_LINEAR	query-SUBJECT_SUBJECT_JOIN-1-1-0.001-0.009.sparql	SUBJECT_SUBJECT_JOIN	1	1	0.001	39	13531	56245
HIERARCHICAL	40	1000000000	0	RIGHT_LINEAR	query-SUBJECT_OBJECT_JOIN-7-1-0.01-0.09.sparql	SUBJECT_OBJECT_JOIN	7	1	0.01	24	14118	99217
HIERARCHICAL	40	1000000000	0	RIGHT_LINEAR	query-SUBJECT_SUBJECT_JOIN-1-1-0.01-0.09.sparql	SUBJECT_SUBJECT_JOIN	1	1	0.01	9	996	7978
HIERARCHICAL	40	1000000000	0	RIGHT_LINEAR	query-SUBJECT_SUBJECT_JOIN-7-3-0.01-0.09.sparql	SUBJECT_SUBJECT_JOIN	7	3	0.01	33	11144	3132
HIERARCHICAL	40	1000000000	0	RIGHT_LINEAR	query-SUBJECT_OBJECT_JOIN-1-1-0.001-0.009.sparql	SUBJECT_OBJECT_JOIN	1	1	0.001	4	10916	11222
HIERARCHICAL	40	1000000000	0	RIGHT_LINEAR	query-SUBJECT_OBJECT_JOIN-7-3-0.001-0.009.sparql	SUBJECT_OBJECT_JOIN	7	3	0.001	23	58584	34089
HIERARCHICAL	40	1000000000	0	RIGHT_LINEAR	query-SUBJECT_SUBJECT_JOIN-7-3-0.001-0.009.sparql	SUBJECT_SUBJECT_JOIN	7	3	0.001	9	19854	38305
HIERARCHICAL	40	1000000000	0	RIGHT_LINEAR	query-SUBJECT_OBJECT_JOIN-7-3-0.01-0.09.sparql	SUBJECT_OBJECT_JOIN	7	3	0.01	30	13736	2530433
HIERARCHICAL	40	1000000000	0	RIGHT_LINEAR	query-SUBJECT_SUBJECT_JOIN-7-1-0.001-0.009.sparql	SUBJECT_SUBJECT_JOIN	7	1	0.001	35	79982	56219
HIERARCHICAL	40	1000000000	0	RIGHT_LINEAR	query-SUBJECT_SUBJECT_JOIN-7-1-0.01-0.09.sparql	SUBJECT_SUBJECT_JOIN	7	1	0.01	74	66378	49242
HIERARCHICAL	40	1000000000	0	RIGHT_LINEAR	query-SUBJECT_OBJECT_JOIN-7-1-0.001-0.009.sparql	SUBJECT_OBJECT_JOIN	7	1	0.001	74	63009	258845
HIERARCHICAL	40	1000000000	0	BUSHY	query-SUBJECT_OBJECT_JOIN-1-1-0.01-0.09.sparql	SUBJECT_OBJECT_JOIN	1	1	0.01	3	2830	19326
HIERARCHICAL	40	1000000000	0	BUSHY	query-SUBJECT_SUBJECT_JOIN-1-1-0.001-0.009.sparql	SUBJECT_SUBJECT_JOIN	1	1	0.001	21	4437	57798
HIERARCHICAL	40	1000000000	0	BUSHY	query-SUBJECT_OBJECT_JOIN-7-1-0.01-0.09.sparql	SUBJECT_OBJECT_JOIN	7	1	0.01	56	35977	103275
HIERARCHICAL	40	1000000000	0	BUSHY	query-SUBJECT_SUBJECT_JOIN-1-1-0.01-0.09.sparql	SUBJECT_SUBJECT_JOIN	1	1	0.01	5	1197	8022
HIERARCHICAL	40	1000000000	0	BUSHY	query-SUBJECT_SUBJECT_JOIN-7-3-0.01-0.09.sparql	SUBJECT_SUBJECT_JOIN	7	3	0.01	87	50665	3406
HIERARCHICAL	40	1000000000	0	BUSHY	query-SUBJECT_OBJECT_JOIN-1-1-0.001-0.009.sparql	SUBJECT_OBJECT_JOIN	1	1	0.001	36	8085	12835
HIERARCHICAL	40	1000000000	0	BUSHY	query-SUBJECT_OBJECT_JOIN-7-3-0.001-0.009.sparql	SUBJECT_OBJECT_JOIN	7	3	0.001	49	59341	56399
HIERARCHICAL	40	1000000000	0	BUSHY	query-SUBJECT_SUBJECT_JOIN-7-3-0.001-0.009.sparql	SUBJECT_SUBJECT_JOIN	7	3	0.001	58	25335	41376
HIERARCHICAL	40	1000000000	0	BUSHY	query-SUBJECT_OBJECT_JOIN-7-3-0.01-0.09.sparql	SUBJECT_OBJECT_JOIN	7	3	0.01	68	39985	2186902
HIERARCHICAL	40	1000000000	0	BUSHY	query-SUBJECT_SUBJECT_JOIN-7-1-0.001-0.009.sparql	SUBJECT_SUBJECT_JOIN	7	1	0.001	43	48338	35623
HIERARCHICAL	40	1000000000	0	BUSHY	query-SUBJECT_SUBJECT_JOIN-7-1-0.01-0.09.sparql	SUBJECT_SUBJECT_JOIN	7	1	0.01	130	41712	44284
HIERARCHICAL	40	1000000000	0	BUSHY	query-SUBJECT_OBJECT_JOIN-7-1-0.001-0.009.sparql	SUBJECT_OBJECT_JOIN	7	1	0.001	67	81485	172616
HIERARCHICAL	20	500000000	0	LEFT_LINEAR	query-SUBJECT_OBJECT_JOIN-1-1-0.01-0.09.sparql	SUBJECT_OBJECT_JOIN	1	1	0.01	2	707	10301
HIERARCHICAL	20	500000000	0	LEFT_LINEAR	query-SUBJECT_SUBJECT_JOIN-1-1-0.001-0.009.sparql	SUBJECT_SUBJECT_JOIN	1	1	0.001	13	600	27964
HIERARCHICAL	20	500000000	0	LEFT_LINEAR	query-SUBJECT_OBJECT_JOIN-7-1-0.01-0.09.sparql	SUBJECT_OBJECT_JOIN	7	1	0.01	7	4306	38754
HIERARCHICAL	20	500000000	0	LEFT_LINEAR	query-SUBJECT_SUBJECT_JOIN-1-1-0.01-0.09.sparql	SUBJECT_SUBJECT_JOIN	1	1	0.01	4	703	3939
HIERARCHICAL	20	500000000	0	LEFT_LINEAR	query-SUBJECT_SUBJECT_JOIN-7-3-0.01-0.09.sparql	SUBJECT_SUBJECT_JOIN	7	3	0.01	66	3040	2906
HIERARCHICAL	20	500000000	0	LEFT_LINEAR	query-SUBJECT_OBJECT_JOIN-1-1-0.001-0.009.sparql	SUBJECT_OBJECT_JOIN	1	1	0.001	3	1400	4706
HIERARCHICAL	20	500000000	0	LEFT_LINEAR	query-SUBJECT_OBJECT_JOIN-7-3-0.001-0.009.sparql	SUBJECT_OBJECT_JOIN	7	3	0.001	3	5605	1412724
HIERARCHICAL	20	500000000	0	LEFT_LINEAR	query-SUBJECT_SUBJECT_JOIN-7-3-0.001-0.009.sparql	SUBJECT_SUBJECT_JOIN	7	3	0.001	7	22518	26512
HIERARCHICAL	20	500000000	0	LEFT_LINEAR	query-SUBJECT_OBJECT_JOIN-7-3-0.01-0.09.sparql	SUBJECT_OBJECT_JOIN	7	3	0.01	45	13522	3789551
HIERARCHICAL	20	500000000	0	LEFT_LINEAR	query-SUBJECT_SUBJECT_JOIN-7-1-0.001-0.009.sparql	SUBJECT_SUBJECT_JOIN	7	1	0.001	5	3104	20682
HIERARCHICAL	20	500000000	0	LEFT_LINEAR	query-SUBJECT_SUBJECT_JOIN-7-1-0.01-0.09.sparql	SUBJECT_SUBJECT_JOIN	7	1	0.01	5	4612	19574
HIERARCHICAL	20	500000000	0	LEFT_LINEAR	query-SUBJECT_OBJECT_JOIN-7-1-0.001-0.009.sparql	SUBJECT_OBJECT_JOIN	7	1	0.001	8	3740	54198
HIERARCHICAL	20	500000000	0	RIGHT_LINEAR	query-SUBJECT_OBJECT_JOIN-1-1-0.01-0.09.sparql	SUBJECT_OBJECT_JOIN	1	1	0.01	4	706	9129
HIERARCHICAL	20	500000000	0	RIGHT_LINEAR	query-SUBJECT_SUBJECT_JOIN-1-1-0.001-0.009.sparql	SUBJECT_SUBJECT_JOIN	1	1	0.001	2	607	28026
HIERARCHICAL	20	500000000	0	RIGHT_LINEAR	query-SUBJECT_OBJECT_JOIN-7-1-0.01-0.09.sparql	SUBJECT_OBJECT_JOIN	7	1	0.01	35	3175	39123
HIERARCHICAL	20	500000000	0	RIGHT_LINEAR	query-SUBJECT_SUBJECT_JOIN-1-1-0.01-0.09.sparql	SUBJECT_SUBJECT_JOIN	1	1	0.01	3	522	3971
HIERARCHICAL	20	500000000	0	RIGHT_LINEAR	query-SUBJECT_SUBJECT_JOIN-7-3-0.01-0.09.sparql	SUBJECT_SUBJECT_JOIN	7	3	0.01	46	3059	2804
HIERARCHICAL	20	500000000	0	RIGHT_LINEAR	query-SUBJECT_OBJECT_JOIN-1-1-0.001-0.009.sparql	SUBJECT_OBJECT_JOIN	1	1	0.001	6	598	4725
HIERARCHICAL	20	500000000	0	RIGHT_LINEAR	query-SUBJECT_OBJECT_JOIN-7-3-0.001-0.009.sparql	SUBJECT_OBJECT_JOIN	7	3	0.001	26	3292	21811
HIERARCHICAL	20	500000000	0	RIGHT_LINEAR	query-SUBJECT_SUBJECT_JOIN-7-3-0.001-0.009.sparql	SUBJECT_SUBJECT_JOIN	7	3	0.001	48	10771	21212
HIERARCHICAL	20	500000000	0	RIGHT_LINEAR	query-SUBJECT_OBJECT_JOIN-7-3-0.01-0.09.sparql	SUBJECT_OBJECT_JOIN	7	3	0.01	7	13269	1629273
HIERARCHICAL	20	500000000	0	RIGHT_LINEAR	query-SUBJECT_SUBJECT_JOIN-7-1-0.001-0.009.sparql	SUBJECT_SUBJECT_JOIN	7	1	0.001	23	3691	46751
HIERARCHICAL	20	500000000	0	RIGHT_LINEAR	query-SUBJECT_SUBJECT_JOIN-7-1-0.01-0.09.sparql	SUBJECT_SUBJECT_JOIN	7	1	0.01	5	3859	44274
HIERARCHICAL	20	500000000	0	RIGHT_LINEAR	query-SUBJECT_OBJECT_JOIN-7-1-0.001-0.009.sparql	SUBJECT_OBJECT_JOIN	7	1	0.001	30	3348	181019
HIERARCHICAL	20	500000000	0	BUSHY	query-SUBJECT_SUBJECT_JOIN-7-3-0.01-0.09.sparql	SUBJECT_SUBJECT_JOIN	7	3	0.01	4	2894	3410
HIERARCHICAL	20	500000000	0	BUSHY	query-SUBJECT_OBJECT_JOIN-1-1-0.01-0.09.sparql	SUBJECT_OBJECT_JOIN	1	1	0.01	3	502	9400
HIERARCHICAL	20	500000000	0	BUSHY	query-SUBJECT_SUBJECT_JOIN-1-1-0.001-0.009.sparql	SUBJECT_SUBJECT_JOIN	1	1	0.001	2	605	29015
HIERARCHICAL	20	500000000	0	BUSHY	query-SUBJECT_OBJECT_JOIN-7-1-0.01-0.09.sparql	SUBJECT_OBJECT_JOIN	7	1	0.01	7	3523	34367
HIERARCHICAL	20	500000000	0	BUSHY	query-SUBJECT_SUBJECT_JOIN-1-1-0.01-0.09.sparql	SUBJECT_SUBJECT_JOIN	1	1	0.01	2	689	3908
HIERARCHICAL	20	500000000	0	BUSHY	query-SUBJECT_OBJECT_JOIN-1-1-0.001-0.009.sparql	SUBJECT_OBJECT_JOIN	1	1	0.001	2	1492	4021
HIERARCHICAL	20	500000000	0	BUSHY	query-SUBJECT_OBJECT_JOIN-7-3-0.001-0.009.sparql	SUBJECT_OBJECT_JOIN	7	3	0.001	10	3312	28020
HIERARCHICAL	20	500000000	0	BUSHY	query-SUBJECT_SUBJECT_JOIN-7-3-0.001-0.009.sparql	SUBJECT_SUBJECT_JOIN	7	3	0.001	5	7384	21190
HIERARCHICAL	20	500000000	0	BUSHY	query-SUBJECT_OBJECT_JOIN-7-3-0.01-0.09.sparql	SUBJECT_OBJECT_JOIN	7	3	0.01	3	13406	2570530
HIERARCHICAL	20	500000000	0	BUSHY	query-SUBJECT_SUBJECT_JOIN-7-1-0.001-0.009.sparql	SUBJECT_SUBJECT_JOIN	7	1	0.001	6	4408	25189
HIERARCHICAL	20	500000000	0	BUSHY	query-SUBJECT_SUBJECT_JOIN-7-1-0.01-0.09.sparql	SUBJECT_SUBJECT_JOIN	7	1	0.01	5	3118	30478
HIERARCHICAL	20	500000000	0	BUSHY	query-SUBJECT_OBJECT_JOIN-7-1-0.001-0.009.sparql	SUBJECT_OBJECT_JOIN	7	1	0.001	2	3213	94628
HIERARCHICAL	20	2000000000	0	LEFT_LINEAR	query-SUBJECT_OBJECT_JOIN-1-1-0.01-0.09.sparql	SUBJECT_OBJECT_JOIN	1	1	0.01	9	704	82146
HIERARCHICAL	20	2000000000	0	LEFT_LINEAR	query-SUBJECT_SUBJECT_JOIN-1-1-0.001-0.009.sparql	SUBJECT_SUBJECT_JOIN	1	1	0.001	22	3483	40198
HIERARCHICAL	20	2000000000	0	LEFT_LINEAR	query-SUBJECT_OBJECT_JOIN-7-1-0.01-0.09.sparql	SUBJECT_OBJECT_JOIN	7	1	0.01	8	7395	96157
HIERARCHICAL	20	2000000000	0	LEFT_LINEAR	query-SUBJECT_SUBJECT_JOIN-1-1-0.01-0.09.sparql	SUBJECT_SUBJECT_JOIN	1	1	0.01	4	899	8542
HIERARCHICAL	20	2000000000	0	LEFT_LINEAR	query-SUBJECT_SUBJECT_JOIN-7-3-0.01-0.09.sparql	SUBJECT_SUBJECT_JOIN	7	3	0.01	4	6876	17524
HIERARCHICAL	20	2000000000	0	LEFT_LINEAR	query-SUBJECT_OBJECT_JOIN-1-1-0.001-0.009.sparql	SUBJECT_OBJECT_JOIN	1	1	0.001	3	999	5409
HIERARCHICAL	20	2000000000	0	LEFT_LINEAR	query-SUBJECT_OBJECT_JOIN-7-3-0.001-0.009.sparql	SUBJECT_OBJECT_JOIN	7	3	0.001	9	6099	682856
HIERARCHICAL	20	2000000000	0	LEFT_LINEAR	query-SUBJECT_SUBJECT_JOIN-7-3-0.001-0.009.sparql	SUBJECT_SUBJECT_JOIN	7	3	0.001	371	11347	118170
HIERARCHICAL	20	2000000000	0	LEFT_LINEAR	query-SUBJECT_OBJECT_JOIN-7-3-0.01-0.09.sparql	SUBJECT_OBJECT_JOIN	7	3	0.01	53	20676	3226409
HIERARCHICAL	20	2000000000	0	LEFT_LINEAR	query-SUBJECT_SUBJECT_JOIN-7-1-0.001-0.009.sparql	SUBJECT_SUBJECT_JOIN	7	1	0.001	7	27536	21444
HIERARCHICAL	20	2000000000	0	LEFT_LINEAR	query-SUBJECT_SUBJECT_JOIN-7-1-0.01-0.09.sparql	SUBJECT_SUBJECT_JOIN	7	1	0.01	4	10147	23197
HIERARCHICAL	20	2000000000	0	LEFT_LINEAR	query-SUBJECT_OBJECT_JOIN-7-1-0.001-0.009.sparql	SUBJECT_OBJECT_JOIN	7	1	0.001	36	30329	244383
HIERARCHICAL	20	2000000000	0	RIGHT_LINEAR	query-SUBJECT_OBJECT_JOIN-1-1-0.01-0.09.sparql	SUBJECT_OBJECT_JOIN	1	1	0.01	2	2209	97841
HIERARCHICAL	20	2000000000	0	RIGHT_LINEAR	query-SUBJECT_SUBJECT_JOIN-1-1-0.001-0.009.sparql	SUBJECT_SUBJECT_JOIN	1	1	0.001	5	1998	40379
HIERARCHICAL	20	2000000000	0	RIGHT_LINEAR	query-SUBJECT_OBJECT_JOIN-7-1-0.01-0.09.sparql	SUBJECT_OBJECT_JOIN	7	1	0.01	10	5760	96545
HIERARCHICAL	20	2000000000	0	RIGHT_LINEAR	query-SUBJECT_SUBJECT_JOIN-1-1-0.01-0.09.sparql	SUBJECT_SUBJECT_JOIN	1	1	0.01	16	990	8294
HIERARCHICAL	20	2000000000	0	RIGHT_LINEAR	query-SUBJECT_SUBJECT_JOIN-7-3-0.01-0.09.sparql	SUBJECT_SUBJECT_JOIN	7	3	0.01	29	8701	16121
HIERARCHICAL	20	2000000000	0	RIGHT_LINEAR	query-SUBJECT_OBJECT_JOIN-1-1-0.001-0.009.sparql	SUBJECT_OBJECT_JOIN	1	1	0.001	40	1563	4237
HIERARCHICAL	20	2000000000	0	RIGHT_LINEAR	query-SUBJECT_OBJECT_JOIN-7-3-0.001-0.009.sparql	SUBJECT_OBJECT_JOIN	7	3	0.001	25	7588	27155
HIERARCHICAL	20	2000000000	0	RIGHT_LINEAR	query-SUBJECT_SUBJECT_JOIN-7-3-0.001-0.009.sparql	SUBJECT_SUBJECT_JOIN	7	3	0.001	12	21588	31728
HIERARCHICAL	20	2000000000	0	RIGHT_LINEAR	query-SUBJECT_OBJECT_JOIN-7-3-0.01-0.09.sparql	SUBJECT_OBJECT_JOIN	7	3	0.01	8	79315	2220613
HIERARCHICAL	20	2000000000	0	RIGHT_LINEAR	query-SUBJECT_SUBJECT_JOIN-7-1-0.001-0.009.sparql	SUBJECT_SUBJECT_JOIN	7	1	0.001	14	13511	46001
HIERARCHICAL	20	2000000000	0	RIGHT_LINEAR	query-SUBJECT_SUBJECT_JOIN-7-1-0.01-0.09.sparql	SUBJECT_SUBJECT_JOIN	7	1	0.01	20	11304	34958
HIERARCHICAL	20	2000000000	0	RIGHT_LINEAR	query-SUBJECT_OBJECT_JOIN-7-1-0.001-0.009.sparql	SUBJECT_OBJECT_JOIN	7	1	0.001	3	34415	3274783
HIERARCHICAL	20	2000000000	0	BUSHY	query-SUBJECT_OBJECT_JOIN-1-1-0.01-0.09.sparql	SUBJECT_OBJECT_JOIN	1	1	0.01	3	1399	89526
HIERARCHICAL	20	2000000000	0	BUSHY	query-SUBJECT_SUBJECT_JOIN-1-1-0.001-0.009.sparql	SUBJECT_SUBJECT_JOIN	1	1	0.001	5	1800	39695
HIERARCHICAL	20	2000000000	0	BUSHY	query-SUBJECT_OBJECT_JOIN-7-1-0.01-0.09.sparql	SUBJECT_OBJECT_JOIN	7	1	0.01	4	2962	65013
HIERARCHICAL	20	2000000000	0	BUSHY	query-SUBJECT_SUBJECT_JOIN-1-1-0.01-0.09.sparql	SUBJECT_SUBJECT_JOIN	1	1	0.01	2	705	8362
HIERARCHICAL	20	2000000000	0	BUSHY	query-SUBJECT_SUBJECT_JOIN-7-3-0.01-0.09.sparql	SUBJECT_SUBJECT_JOIN	7	3	0.01	3	4635	14219
HIERARCHICAL	20	2000000000	0	BUSHY	query-SUBJECT_OBJECT_JOIN-1-1-0.001-0.009.sparql	SUBJECT_OBJECT_JOIN	1	1	0.001	14	789	5409
HIERARCHICAL	20	2000000000	0	BUSHY	query-SUBJECT_OBJECT_JOIN-7-3-0.001-0.009.sparql	SUBJECT_OBJECT_JOIN	7	3	0.001	3	4502	51406
HIERARCHICAL	20	2000000000	0	BUSHY	query-SUBJECT_SUBJECT_JOIN-7-3-0.001-0.009.sparql	SUBJECT_SUBJECT_JOIN	7	3	0.001	12	9851	33199
HIERARCHICAL	20	2000000000	0	BUSHY	query-SUBJECT_OBJECT_JOIN-7-3-0.01-0.09.sparql	SUBJECT_OBJECT_JOIN	7	3	0.01	23	35805	2613387
HIERARCHICAL	20	2000000000	0	BUSHY	query-SUBJECT_SUBJECT_JOIN-7-1-0.001-0.009.sparql	SUBJECT_SUBJECT_JOIN	7	1	0.001	11	10304	25025
HIERARCHICAL	20	2000000000	0	BUSHY	query-SUBJECT_SUBJECT_JOIN-7-1-0.01-0.09.sparql	SUBJECT_SUBJECT_JOIN	7	1	0.01	3	6541	23418
HIERARCHICAL	20	2000000000	0	BUSHY	query-SUBJECT_OBJECT_JOIN-7-1-0.001-0.009.sparql	SUBJECT_OBJECT_JOIN	7	1	0.001	27	11508	1956804
MIN_EDGE_CUT	10	1000000000	0	LEFT_LINEAR	query-SUBJECT_OBJECT_JOIN-1-1-0.01-0.09.sparql	SUBJECT_OBJECT_JOIN	1	1	0.01	30	2518	116773
MIN_EDGE_CUT	10	1000000000	0	LEFT_LINEAR	query-SUBJECT_SUBJECT_JOIN-1-1-0.001-0.009.sparql	SUBJECT_SUBJECT_JOIN	1	1	0.001	21	874	104087
MIN_EDGE_CUT	10	1000000000	0	LEFT_LINEAR	query-SUBJECT_OBJECT_JOIN-7-1-0.01-0.09.sparql	SUBJECT_OBJECT_JOIN	7	1	0.01	70	6572	34446
MIN_EDGE_CUT	10	1000000000	0	LEFT_LINEAR	query-SUBJECT_SUBJECT_JOIN-1-1-0.01-0.09.sparql	SUBJECT_SUBJECT_JOIN	1	1	0.01	15	1289	4354
MIN_EDGE_CUT	10	1000000000	0	LEFT_LINEAR	query-SUBJECT_SUBJECT_JOIN-7-3-0.01-0.09.sparql	SUBJECT_SUBJECT_JOIN	7	3	0.01	202	10165	28843
MIN_EDGE_CUT	10	1000000000	0	LEFT_LINEAR	query-SUBJECT_OBJECT_JOIN-1-1-0.001-0.009.sparql	SUBJECT_OBJECT_JOIN	1	1	0.001	49	959	2612
MIN_EDGE_CUT	10	1000000000	0	LEFT_LINEAR	query-SUBJECT_OBJECT_JOIN-7-3-0.001-0.009.sparql	SUBJECT_OBJECT_JOIN	7	3	0.001	250	43531	1098106
MIN_EDGE_CUT	10	1000000000	0	LEFT_LINEAR	query-SUBJECT_SUBJECT_JOIN-7-3-0.001-0.009.sparql	SUBJECT_SUBJECT_JOIN	7	3	0.001	26	19403	139303
MIN_EDGE_CUT	10	1000000000	0	LEFT_LINEAR	query-SUBJECT_OBJECT_JOIN-7-3-0.01-0.09.sparql	SUBJECT_OBJECT_JOIN	7	3	0.01	23	5400	894863
MIN_EDGE_CUT	10	1000000000	0	LEFT_LINEAR	query-SUBJECT_SUBJECT_JOIN-7-1-0.001-0.009.sparql	SUBJECT_SUBJECT_JOIN	7	1	0.001	118	26839	65850
MIN_EDGE_CUT	10	1000000000	0	LEFT_LINEAR	query-SUBJECT_SUBJECT_JOIN-7-1-0.01-0.09.sparql	SUBJECT_SUBJECT_JOIN	7	1	0.01	72	17233	39645
MIN_EDGE_CUT	10	1000000000	0	LEFT_LINEAR	query-SUBJECT_OBJECT_JOIN-7-1-0.001-0.009.sparql	SUBJECT_OBJECT_JOIN	7	1	0.001	529	7755	77956
MIN_EDGE_CUT	10	1000000000	0	RIGHT_LINEAR	query-SUBJECT_OBJECT_JOIN-1-1-0.01-0.09.sparql	SUBJECT_OBJECT_JOIN	1	1	0.01	7	711	22995
MIN_EDGE_CUT	10	1000000000	0	RIGHT_LINEAR	query-SUBJECT_SUBJECT_JOIN-1-1-0.001-0.009.sparql	SUBJECT_SUBJECT_JOIN	1	1	0.001	10	2694	48214
MIN_EDGE_CUT	10	1000000000	0	RIGHT_LINEAR	query-SUBJECT_OBJECT_JOIN-7-1-0.01-0.09.sparql	SUBJECT_OBJECT_JOIN	7	1	0.01	13	5562	68390
MIN_EDGE_CUT	10	1000000000	0	RIGHT_LINEAR	query-SUBJECT_SUBJECT_JOIN-1-1-0.01-0.09.sparql	SUBJECT_SUBJECT_JOIN	1	1	0.01	13	590	4405
MIN_EDGE_CUT	10	1000000000	0	RIGHT_LINEAR	query-SUBJECT_SUBJECT_JOIN-7-3-0.01-0.09.sparql	SUBJECT_SUBJECT_JOIN	7	3	0.01	54	2921	19539
MIN_EDGE_CUT	10	1000000000	0	RIGHT_LINEAR	query-SUBJECT_OBJECT_JOIN-1-1-0.001-0.009.sparql	SUBJECT_OBJECT_JOIN	1	1	0.001	32	670	2507
MIN_EDGE_CUT	10	1000000000	0	RIGHT_LINEAR	query-SUBJECT_OBJECT_JOIN-7-3-0.001-0.009.sparql	SUBJECT_OBJECT_JOIN	7	3	0.001	40	5667	86781
MIN_EDGE_CUT	10	1000000000	0	RIGHT_LINEAR	query-SUBJECT_SUBJECT_JOIN-7-3-0.001-0.009.sparql	SUBJECT_SUBJECT_JOIN	7	3	0.001	46	25856	34243
MIN_EDGE_CUT	10	1000000000	0	RIGHT_LINEAR	query-SUBJECT_OBJECT_JOIN-7-3-0.01-0.09.sparql	SUBJECT_OBJECT_JOIN	7	3	0.01	67	3438	3094092
MIN_EDGE_CUT	10	1000000000	0	RIGHT_LINEAR	query-SUBJECT_SUBJECT_JOIN-7-1-0.001-0.009.sparql	SUBJECT_SUBJECT_JOIN	7	1	0.001	24	9897	44203
MIN_EDGE_CUT	10	1000000000	0	RIGHT_LINEAR	query-SUBJECT_SUBJECT_JOIN-7-1-0.01-0.09.sparql	SUBJECT_SUBJECT_JOIN	7	1	0.01	40	13789	40131
MIN_EDGE_CUT	10	1000000000	0	RIGHT_LINEAR	query-SUBJECT_OBJECT_JOIN-7-1-0.001-0.009.sparql	SUBJECT_OBJECT_JOIN	7	1	0.001	9	23666	505008
MIN_EDGE_CUT	10	1000000000	0	BUSHY	query-SUBJECT_OBJECT_JOIN-1-1-0.01-0.09.sparql	SUBJECT_OBJECT_JOIN	1	1	0.01	3	1608	23423
MIN_EDGE_CUT	10	1000000000	0	BUSHY	query-SUBJECT_SUBJECT_JOIN-1-1-0.001-0.009.sparql	SUBJECT_SUBJECT_JOIN	1	1	0.001	7	593	54580
MIN_EDGE_CUT	10	1000000000	0	BUSHY	query-SUBJECT_OBJECT_JOIN-7-1-0.01-0.09.sparql	SUBJECT_OBJECT_JOIN	7	1	0.01	15	5323	49866
MIN_EDGE_CUT	10	1000000000	0	BUSHY	query-SUBJECT_SUBJECT_JOIN-1-1-0.01-0.09.sparql	SUBJECT_SUBJECT_JOIN	1	1	0.01	49	1276	7270
MIN_EDGE_CUT	10	1000000000	0	BUSHY	query-SUBJECT_SUBJECT_JOIN-7-3-0.01-0.09.sparql	SUBJECT_SUBJECT_JOIN	7	3	0.01	23	8800	20836
MIN_EDGE_CUT	10	1000000000	0	BUSHY	query-SUBJECT_OBJECT_JOIN-1-1-0.001-0.009.sparql	SUBJECT_OBJECT_JOIN	1	1	0.001	15	792	2505
MIN_EDGE_CUT	10	1000000000	0	BUSHY	query-SUBJECT_OBJECT_JOIN-7-3-0.001-0.009.sparql	SUBJECT_OBJECT_JOIN	7	3	0.001	124	3793	55422
MIN_EDGE_CUT	10	1000000000	0	BUSHY	query-SUBJECT_SUBJECT_JOIN-7-3-0.001-0.009.sparql	SUBJECT_SUBJECT_JOIN	7	3	0.001	47	9471	38738
MIN_EDGE_CUT	10	1000000000	0	BUSHY	query-SUBJECT_OBJECT_JOIN-7-3-0.01-0.09.sparql	SUBJECT_OBJECT_JOIN	7	3	0.01	11	6399	2311449
MIN_EDGE_CUT	10	1000000000	0	BUSHY	query-SUBJECT_SUBJECT_JOIN-7-1-0.001-0.009.sparql	SUBJECT_SUBJECT_JOIN	7	1	0.001	61	22175	25643
MIN_EDGE_CUT	10	1000000000	0	BUSHY	query-SUBJECT_SUBJECT_JOIN-7-1-0.01-0.09.sparql	SUBJECT_SUBJECT_JOIN	7	1	0.01	94	22422	23755
MIN_EDGE_CUT	10	1000000000	0	BUSHY	query-SUBJECT_OBJECT_JOIN-7-1-0.001-0.009.sparql	SUBJECT_OBJECT_JOIN	7	1	0.001	80	33986	261406
MIN_EDGE_CUT	20	1000000000	0	LEFT_LINEAR	query-SUBJECT_OBJECT_JOIN-1-1-0.01-0.09.sparql	SUBJECT_OBJECT_JOIN	1	1	0.01	5	9430	12148
MIN_EDGE_CUT	20	1000000000	0	LEFT_LINEAR	query-SUBJECT_SUBJECT_JOIN-1-1-0.001-0.009.sparql	SUBJECT_SUBJECT_JOIN	1	1	0.001	3	3911	62284
MIN_EDGE_CUT	20	1000000000	0	LEFT_LINEAR	query-SUBJECT_OBJECT_JOIN-7-1-0.01-0.09.sparql	SUBJECT_OBJECT_JOIN	7	1	0.01	179	7875	53619
MIN_EDGE_CUT	20	1000000000	0	LEFT_LINEAR	query-SUBJECT_SUBJECT_JOIN-1-1-0.01-0.09.sparql	SUBJECT_SUBJECT_JOIN	1	1	0.01	30	1707	5018
MIN_EDGE_CUT	20	1000000000	0	LEFT_LINEAR	query-SUBJECT_SUBJECT_JOIN-7-3-0.01-0.09.sparql	SUBJECT_SUBJECT_JOIN	7	3	0.01	390	18433	7410
MIN_EDGE_CUT	20	1000000000	0	LEFT_LINEAR	query-SUBJECT_OBJECT_JOIN-1-1-0.001-0.009.sparql	SUBJECT_OBJECT_JOIN	1	1	0.001	123	2185	7918
MIN_EDGE_CUT	20	1000000000	0	LEFT_LINEAR	query-SUBJECT_OBJECT_JOIN-7-3-0.001-0.009.sparql	SUBJECT_OBJECT_JOIN	7	3	0.001	42	10377	762668
MIN_EDGE_CUT	20	1000000000	0	LEFT_LINEAR	query-SUBJECT_SUBJECT_JOIN-7-3-0.001-0.009.sparql	SUBJECT_SUBJECT_JOIN	7	3	0.001	37	36581	27883
MIN_EDGE_CUT	20	1000000000	0	LEFT_LINEAR	query-SUBJECT_OBJECT_JOIN-7-3-0.01-0.09.sparql	SUBJECT_OBJECT_JOIN	7	3	0.01	618	6100	848224
MIN_EDGE_CUT	20	1000000000	0	LEFT_LINEAR	query-SUBJECT_SUBJECT_JOIN-7-1-0.001-0.009.sparql	SUBJECT_SUBJECT_JOIN	7	1	0.001	19	8723	30034
MIN_EDGE_CUT	20	1000000000	0	LEFT_LINEAR	query-SUBJECT_SUBJECT_JOIN-7-1-0.01-0.09.sparql	SUBJECT_SUBJECT_JOIN	7	1	0.01	16	30124	21756
MIN_EDGE_CUT	20	1000000000	0	LEFT_LINEAR	query-SUBJECT_OBJECT_JOIN-7-1-0.001-0.009.sparql	SUBJECT_OBJECT_JOIN	7	1	0.001	38	33725	98595
MIN_EDGE_CUT	20	1000000000	0	RIGHT_LINEAR	query-SUBJECT_OBJECT_JOIN-1-1-0.01-0.09.sparql	SUBJECT_OBJECT_JOIN	1	1	0.01	3	604	13753
MIN_EDGE_CUT	20	1000000000	0	RIGHT_LINEAR	query-SUBJECT_SUBJECT_JOIN-1-1-0.001-0.009.sparql	SUBJECT_SUBJECT_JOIN	1	1	0.001	19	10240	66556
MIN_EDGE_CUT	20	1000000000	0	RIGHT_LINEAR	query-SUBJECT_OBJECT_JOIN-7-1-0.01-0.09.sparql	SUBJECT_OBJECT_JOIN	7	1	0.01	93	26058	63208
MIN_EDGE_CUT	20	1000000000	0	RIGHT_LINEAR	query-SUBJECT_SUBJECT_JOIN-1-1-0.01-0.09.sparql	SUBJECT_SUBJECT_JOIN	1	1	0.01	4	2013	4881
MIN_EDGE_CUT	20	1000000000	0	RIGHT_LINEAR	query-SUBJECT_SUBJECT_JOIN-7-3-0.01-0.09.sparql	SUBJECT_SUBJECT_JOIN	7	3	0.01	31	8079	7711
MIN_EDGE_CUT	20	1000000000	0	RIGHT_LINEAR	query-SUBJECT_OBJECT_JOIN-1-1-0.001-0.009.sparql	SUBJECT_OBJECT_JOIN	1	1	0.001	3	2402	5312
MIN_EDGE_CUT	20	1000000000	0	RIGHT_LINEAR	query-SUBJECT_OBJECT_JOIN-7-3-0.001-0.009.sparql	SUBJECT_OBJECT_JOIN	7	3	0.001	84	10630	69206
MIN_EDGE_CUT	20	1000000000	0	RIGHT_LINEAR	query-SUBJECT_SUBJECT_JOIN-7-3-0.001-0.009.sparql	SUBJECT_SUBJECT_JOIN	7	3	0.001	19	15629	26765
MIN_EDGE_CUT	20	1000000000	0	RIGHT_LINEAR	query-SUBJECT_OBJECT_JOIN-7-3-0.01-0.09.sparql	SUBJECT_OBJECT_JOIN	7	3	0.01	27	23411	2727358
MIN_EDGE_CUT	20	1000000000	0	RIGHT_LINEAR	query-SUBJECT_SUBJECT_JOIN-7-1-0.001-0.009.sparql	SUBJECT_SUBJECT_JOIN	7	1	0.001	51	15035	58697
MIN_EDGE_CUT	20	1000000000	0	RIGHT_LINEAR	query-SUBJECT_SUBJECT_JOIN-7-1-0.01-0.09.sparql	SUBJECT_SUBJECT_JOIN	7	1	0.01	16	30873	53847
MIN_EDGE_CUT	20	1000000000	0	RIGHT_LINEAR	query-SUBJECT_OBJECT_JOIN-7-1-0.001-0.009.sparql	SUBJECT_OBJECT_JOIN	7	1	0.001	55	19857	304016
MIN_EDGE_CUT	20	1000000000	0	BUSHY	query-SUBJECT_OBJECT_JOIN-1-1-0.01-0.09.sparql	SUBJECT_OBJECT_JOIN	1	1	0.01	4	714	13562
MIN_EDGE_CUT	20	1000000000	0	BUSHY	query-SUBJECT_SUBJECT_JOIN-1-1-0.001-0.009.sparql	SUBJECT_SUBJECT_JOIN	1	1	0.001	5	1809	47427
MIN_EDGE_CUT	20	1000000000	0	BUSHY	query-SUBJECT_OBJECT_JOIN-7-1-0.01-0.09.sparql	SUBJECT_OBJECT_JOIN	7	1	0.01	10	7261	56371
MIN_EDGE_CUT	20	1000000000	0	BUSHY	query-SUBJECT_SUBJECT_JOIN-1-1-0.01-0.09.sparql	SUBJECT_SUBJECT_JOIN	1	1	0.01	28	787	4304
MIN_EDGE_CUT	20	1000000000	0	BUSHY	query-SUBJECT_SUBJECT_JOIN-7-3-0.01-0.09.sparql	SUBJECT_SUBJECT_JOIN	7	3	0.01	46	3959	11118
MIN_EDGE_CUT	20	1000000000	0	BUSHY	query-SUBJECT_OBJECT_JOIN-1-1-0.001-0.009.sparql	SUBJECT_OBJECT_JOIN	1	1	0.001	13	3593	5407
MIN_EDGE_CUT	20	1000000000	0	BUSHY	query-SUBJECT_OBJECT_JOIN-7-3-0.001-0.009.sparql	SUBJECT_OBJECT_JOIN	7	3	0.001	44	8170	48984
MIN_EDGE_CUT	20	1000000000	0	BUSHY	query-SUBJECT_SUBJECT_JOIN-7-3-0.001-0.009.sparql	SUBJECT_SUBJECT_JOIN	7	3	0.001	49	7667	24317
MIN_EDGE_CUT	20	1000000000	0	BUSHY	query-SUBJECT_OBJECT_JOIN-7-3-0.01-0.09.sparql	SUBJECT_OBJECT_JOIN	7	3	0.01	18	4195	2206658
MIN_EDGE_CUT	20	1000000000	0	BUSHY	query-SUBJECT_SUBJECT_JOIN-7-1-0.001-0.009.sparql	SUBJECT_SUBJECT_JOIN	7	1	0.001	70	5849	24610
MIN_EDGE_CUT	20	1000000000	0	BUSHY	query-SUBJECT_SUBJECT_JOIN-7-1-0.01-0.09.sparql	SUBJECT_SUBJECT_JOIN	7	1	0.01	42	11503	24773
MIN_EDGE_CUT	20	1000000000	0	BUSHY	query-SUBJECT_OBJECT_JOIN-7-1-0.001-0.009.sparql	SUBJECT_OBJECT_JOIN	7	1	0.001	12	9422	168442
MIN_EDGE_CUT	40	1000000000	0	LEFT_LINEAR	query-SUBJECT_OBJECT_JOIN-1-1-0.01-0.09.sparql	SUBJECT_OBJECT_JOIN	1	1	0.01	10	2109	28708
MIN_EDGE_CUT	40	1000000000	0	LEFT_LINEAR	query-SUBJECT_SUBJECT_JOIN-1-1-0.001-0.009.sparql	SUBJECT_SUBJECT_JOIN	1	1	0.001	7	4800	64152
MIN_EDGE_CUT	40	1000000000	0	LEFT_LINEAR	query-SUBJECT_OBJECT_JOIN-7-1-0.01-0.09.sparql	SUBJECT_OBJECT_JOIN	7	1	0.01	14	19916	86915
MIN_EDGE_CUT	40	1000000000	0	LEFT_LINEAR	query-SUBJECT_SUBJECT_JOIN-1-1-0.01-0.09.sparql	SUBJECT_SUBJECT_JOIN	1	1	0.01	6	2901	8013
MIN_EDGE_CUT	40	1000000000	0	LEFT_LINEAR	query-SUBJECT_SUBJECT_JOIN-7-3-0.01-0.09.sparql	SUBJECT_SUBJECT_JOIN	7	3	0.01	49	51983	3707
MIN_EDGE_CUT	40	1000000000	0	LEFT_LINEAR	query-SUBJECT_OBJECT_JOIN-1-1-0.001-0.009.sparql	SUBJECT_OBJECT_JOIN	1	1	0.001	18	4696	9639
MIN_EDGE_CUT	40	1000000000	0	LEFT_LINEAR	query-SUBJECT_OBJECT_JOIN-7-3-0.001-0.009.sparql	SUBJECT_OBJECT_JOIN	7	3	0.001	50	17881	1393663
MIN_EDGE_CUT	40	1000000000	0	LEFT_LINEAR	query-SUBJECT_SUBJECT_JOIN-7-3-0.001-0.009.sparql	SUBJECT_SUBJECT_JOIN	7	3	0.001	13	46167	37109
MIN_EDGE_CUT	40	1000000000	0	LEFT_LINEAR	query-SUBJECT_OBJECT_JOIN-7-3-0.01-0.09.sparql	SUBJECT_OBJECT_JOIN	7	3	0.01	76	25794	5847357
MIN_EDGE_CUT	40	1000000000	0	LEFT_LINEAR	query-SUBJECT_SUBJECT_JOIN-7-1-0.001-0.009.sparql	SUBJECT_SUBJECT_JOIN	7	1	0.001	121	41872	32276
MIN_EDGE_CUT	40	1000000000	0	LEFT_LINEAR	query-SUBJECT_SUBJECT_JOIN-7-1-0.01-0.09.sparql	SUBJECT_SUBJECT_JOIN	7	1	0.01	43	53086	23723
MIN_EDGE_CUT	40	1000000000	0	LEFT_LINEAR	query-SUBJECT_OBJECT_JOIN-7-1-0.001-0.009.sparql	SUBJECT_OBJECT_JOIN	7	1	0.001	55	60728	119718
MIN_EDGE_CUT	40	1000000000	0	RIGHT_LINEAR	query-SUBJECT_OBJECT_JOIN-1-1-0.01-0.09.sparql	SUBJECT_OBJECT_JOIN	1	1	0.01	6	982	18577
MIN_EDGE_CUT	40	1000000000	0	RIGHT_LINEAR	query-SUBJECT_SUBJECT_JOIN-1-1-0.001-0.009.sparql	SUBJECT_SUBJECT_JOIN	1	1	0.001	214	3639	54564
MIN_EDGE_CUT	40	1000000000	0	RIGHT_LINEAR	query-SUBJECT_OBJECT_JOIN-7-1-0.01-0.09.sparql	SUBJECT_OBJECT_JOIN	7	1	0.01	39	17079	101052
MIN_EDGE_CUT	40	1000000000	0	RIGHT_LINEAR	query-SUBJECT_SUBJECT_JOIN-1-1-0.01-0.09.sparql	SUBJECT_SUBJECT_JOIN	1	1	0.01	4	1788	8836
MIN_EDGE_CUT	40	1000000000	0	RIGHT_LINEAR	query-SUBJECT_SUBJECT_JOIN-7-3-0.01-0.09.sparql	SUBJECT_SUBJECT_JOIN	7	3	0.01	34	36545	3806
MIN_EDGE_CUT	40	1000000000	0	RIGHT_LINEAR	query-SUBJECT_OBJECT_JOIN-1-1-0.001-0.009.sparql	SUBJECT_OBJECT_JOIN	1	1	0.001	52	9651	11526
MIN_EDGE_CUT	40	1000000000	0	RIGHT_LINEAR	query-SUBJECT_OBJECT_JOIN-7-3-0.001-0.009.sparql	SUBJECT_OBJECT_JOIN	7	3	0.001	21	15435	79486
MIN_EDGE_CUT	40	1000000000	0	RIGHT_LINEAR	query-SUBJECT_SUBJECT_JOIN-7-3-0.001-0.009.sparql	SUBJECT_SUBJECT_JOIN	7	3	0.001	47	33147	31933
MIN_EDGE_CUT	40	1000000000	0	RIGHT_LINEAR	query-SUBJECT_OBJECT_JOIN-7-3-0.01-0.09.sparql	SUBJECT_OBJECT_JOIN	7	3	0.01	92	22972	2837228
MIN_EDGE_CUT	40	1000000000	0	RIGHT_LINEAR	query-SUBJECT_SUBJECT_JOIN-7-1-0.001-0.009.sparql	SUBJECT_SUBJECT_JOIN	7	1	0.001	51	10286	60792
MIN_EDGE_CUT	40	1000000000	0	RIGHT_LINEAR	query-SUBJECT_SUBJECT_JOIN-7-1-0.01-0.09.sparql	SUBJECT_SUBJECT_JOIN	7	1	0.01	49	15358	56038
MIN_EDGE_CUT	40	1000000000	0	RIGHT_LINEAR	query-SUBJECT_OBJECT_JOIN-7-1-0.001-0.009.sparql	SUBJECT_OBJECT_JOIN	7	1	0.001	27	44847	276582
MIN_EDGE_CUT	40	1000000000	0	BUSHY	query-SUBJECT_OBJECT_JOIN-1-1-0.01-0.09.sparql	SUBJECT_OBJECT_JOIN	1	1	0.01	10	1295	16610
MIN_EDGE_CUT	40	1000000000	0	BUSHY	query-SUBJECT_SUBJECT_JOIN-1-1-0.001-0.009.sparql	SUBJECT_SUBJECT_JOIN	1	1	0.001	25	5029	60193
MIN_EDGE_CUT	40	1000000000	0	BUSHY	query-SUBJECT_OBJECT_JOIN-7-1-0.01-0.09.sparql	SUBJECT_OBJECT_JOIN	7	1	0.01	38	29566	87951
MIN_EDGE_CUT	40	1000000000	0	BUSHY	query-SUBJECT_SUBJECT_JOIN-1-1-0.01-0.09.sparql	SUBJECT_SUBJECT_JOIN	1	1	0.01	2	4922	8012
MIN_EDGE_CUT	40	1000000000	0	BUSHY	query-SUBJECT_SUBJECT_JOIN-7-3-0.01-0.09.sparql	SUBJECT_SUBJECT_JOIN	7	3	0.01	35	11301	4111
MIN_EDGE_CUT	40	1000000000	0	BUSHY	query-SUBJECT_OBJECT_JOIN-1-1-0.001-0.009.sparql	SUBJECT_OBJECT_JOIN	1	1	0.001	47	10404	8041
MIN_EDGE_CUT	40	1000000000	0	BUSHY	query-SUBJECT_OBJECT_JOIN-7-3-0.001-0.009.sparql	SUBJECT_OBJECT_JOIN	7	3	0.001	56	18181	91777
MIN_EDGE_CUT	40	1000000000	0	BUSHY	query-SUBJECT_SUBJECT_JOIN-7-3-0.001-0.009.sparql	SUBJECT_SUBJECT_JOIN	7	3	0.001	39	15589	36510
MIN_EDGE_CUT	40	1000000000	0	BUSHY	query-SUBJECT_OBJECT_JOIN-7-3-0.01-0.09.sparql	SUBJECT_OBJECT_JOIN	7	3	0.01	16	97951	2639695
MIN_EDGE_CUT	40	1000000000	0	BUSHY	query-SUBJECT_SUBJECT_JOIN-7-1-0.001-0.009.sparql	SUBJECT_SUBJECT_JOIN	7	1	0.001	8	25279	40090
MIN_EDGE_CUT	40	1000000000	0	BUSHY	query-SUBJECT_SUBJECT_JOIN-7-1-0.01-0.09.sparql	SUBJECT_SUBJECT_JOIN	7	1	0.01	25	15850	39780
MIN_EDGE_CUT	40	1000000000	0	BUSHY	query-SUBJECT_OBJECT_JOIN-7-1-0.001-0.009.sparql	SUBJECT_OBJECT_JOIN	7	1	0.001	71	55222	174178
MIN_EDGE_CUT	20	500000000	0	LEFT_LINEAR	query-SUBJECT_OBJECT_JOIN-1-1-0.01-0.09.sparql	SUBJECT_OBJECT_JOIN	1	1	0.01	21	2588	16556
MIN_EDGE_CUT	20	500000000	0	LEFT_LINEAR	query-SUBJECT_SUBJECT_JOIN-1-1-0.001-0.009.sparql	SUBJECT_SUBJECT_JOIN	1	1	0.001	2	3308	28103
MIN_EDGE_CUT	20	500000000	0	LEFT_LINEAR	query-SUBJECT_OBJECT_JOIN-7-1-0.01-0.09.sparql	SUBJECT_OBJECT_JOIN	7	1	0.01	53	4576	49576
MIN_EDGE_CUT	20	500000000	0	LEFT_LINEAR	query-SUBJECT_SUBJECT_JOIN-1-1-0.01-0.09.sparql	SUBJECT_SUBJECT_JOIN	1	1	0.01	2	704	3982
MIN_EDGE_CUT	20	500000000	0	LEFT_LINEAR	query-SUBJECT_SUBJECT_JOIN-7-3-0.01-0.09.sparql	SUBJECT_SUBJECT_JOIN	7	3	0.01	16	6207	3605
MIN_EDGE_CUT	20	500000000	0	LEFT_LINEAR	query-SUBJECT_OBJECT_JOIN-1-1-0.001-0.009.sparql	SUBJECT_OBJECT_JOIN	1	1	0.001	4	898	5108
MIN_EDGE_CUT	20	500000000	0	LEFT_LINEAR	query-SUBJECT_OBJECT_JOIN-7-3-0.001-0.009.sparql	SUBJECT_OBJECT_JOIN	7	3	0.001	19	5889	2008926
MIN_EDGE_CUT	20	500000000	0	LEFT_LINEAR	query-SUBJECT_SUBJECT_JOIN-7-3-0.001-0.009.sparql	SUBJECT_SUBJECT_JOIN	7	3	0.001	40	19796	85183
MIN_EDGE_CUT	20	500000000	0	LEFT_LINEAR	query-SUBJECT_OBJECT_JOIN-7-3-0.01-0.09.sparql	SUBJECT_OBJECT_JOIN	7	3	0.01	35	16403	3994987
MIN_EDGE_CUT	20	500000000	0	LEFT_LINEAR	query-SUBJECT_SUBJECT_JOIN-7-1-0.001-0.009.sparql	SUBJECT_SUBJECT_JOIN	7	1	0.001	25	4485	24960
MIN_EDGE_CUT	20	500000000	0	LEFT_LINEAR	query-SUBJECT_SUBJECT_JOIN-7-1-0.01-0.09.sparql	SUBJECT_SUBJECT_JOIN	7	1	0.01	11	6331	19798
MIN_EDGE_CUT	20	500000000	0	LEFT_LINEAR	query-SUBJECT_OBJECT_JOIN-7-1-0.001-0.009.sparql	SUBJECT_OBJECT_JOIN	7	1	0.001	29	3688	55783
MIN_EDGE_CUT	20	500000000	0	RIGHT_LINEAR	query-SUBJECT_OBJECT_JOIN-1-1-0.01-0.09.sparql	SUBJECT_OBJECT_JOIN	1	1	0.01	7	606	16657
MIN_EDGE_CUT	20	500000000	0	RIGHT_LINEAR	query-SUBJECT_SUBJECT_JOIN-1-1-0.001-0.009.sparql	SUBJECT_SUBJECT_JOIN	1	1	0.001	3	701	28060
MIN_EDGE_CUT	20	500000000	0	RIGHT_LINEAR	query-SUBJECT_OBJECT_JOIN-7-1-0.01-0.09.sparql	SUBJECT_OBJECT_JOIN	7	1	0.01	6	2814	53262
MIN_EDGE_CUT	20	500000000	0	RIGHT_LINEAR	query-SUBJECT_SUBJECT_JOIN-1-1-0.01-0.09.sparql	SUBJECT_SUBJECT_JOIN	1	1	0.01	3	700	3947
MIN_EDGE_CUT	20	500000000	0	RIGHT_LINEAR	query-SUBJECT_SUBJECT_JOIN-7-3-0.01-0.09.sparql	SUBJECT_SUBJECT_JOIN	7	3	0.01	106	3200	3607
MIN_EDGE_CUT	20	500000000	0	RIGHT_LINEAR	query-SUBJECT_OBJECT_JOIN-1-1-0.001-0.009.sparql	SUBJECT_OBJECT_JOIN	1	1	0.001	2	700	4806
MIN_EDGE_CUT	20	500000000	0	RIGHT_LINEAR	query-SUBJECT_OBJECT_JOIN-7-3-0.001-0.009.sparql	SUBJECT_OBJECT_JOIN	7	3	0.001	2	4105	60673
MIN_EDGE_CUT	20	500000000	0	RIGHT_LINEAR	query-SUBJECT_SUBJECT_JOIN-7-3-0.001-0.009.sparql	SUBJECT_SUBJECT_JOIN	7	3	0.001	9	4990	32693
MIN_EDGE_CUT	20	500000000	0	RIGHT_LINEAR	query-SUBJECT_OBJECT_JOIN-7-3-0.01-0.09.sparql	SUBJECT_OBJECT_JOIN	7	3	0.01	7	11301	2436110
MIN_EDGE_CUT	20	500000000	0	RIGHT_LINEAR	query-SUBJECT_SUBJECT_JOIN-7-1-0.001-0.009.sparql	SUBJECT_SUBJECT_JOIN	7	1	0.001	5	4401	47877
MIN_EDGE_CUT	20	500000000	0	RIGHT_LINEAR	query-SUBJECT_SUBJECT_JOIN-7-1-0.01-0.09.sparql	SUBJECT_SUBJECT_JOIN	7	1	0.01	4	3044	44069
MIN_EDGE_CUT	20	500000000	0	RIGHT_LINEAR	query-SUBJECT_OBJECT_JOIN-7-1-0.001-0.009.sparql	SUBJECT_OBJECT_JOIN	7	1	0.001	5	2983	151416
MIN_EDGE_CUT	20	500000000	0	BUSHY	query-SUBJECT_OBJECT_JOIN-1-1-0.01-0.09.sparql	SUBJECT_OBJECT_JOIN	1	1	0.01	3	604	15060
MIN_EDGE_CUT	20	500000000	0	BUSHY	query-SUBJECT_SUBJECT_JOIN-1-1-0.001-0.009.sparql	SUBJECT_SUBJECT_JOIN	1	1	0.001	4	599	28873
MIN_EDGE_CUT	20	500000000	0	BUSHY	query-SUBJECT_OBJECT_JOIN-7-1-0.01-0.09.sparql	SUBJECT_OBJECT_JOIN	7	1	0.01	6	3214	49264
MIN_EDGE_CUT	20	500000000	0	BUSHY	query-SUBJECT_SUBJECT_JOIN-1-1-0.01-0.09.sparql	SUBJECT_SUBJECT_JOIN	1	1	0.01	2	702	3950
MIN_EDGE_CUT	20	500000000	0	BUSHY	query-SUBJECT_SUBJECT_JOIN-7-3-0.01-0.09.sparql	SUBJECT_SUBJECT_JOIN	7	3	0.01	3	3003	4407
MIN_EDGE_CUT	20	500000000	0	BUSHY	query-SUBJECT_OBJECT_JOIN-1-1-0.001-0.009.sparql	SUBJECT_OBJECT_JOIN	1	1	0.001	2	703	5107
MIN_EDGE_CUT	20	500000000	0	BUSHY	query-SUBJECT_OBJECT_JOIN-7-3-0.001-0.009.sparql	SUBJECT_OBJECT_JOIN	7	3	0.001	33	4075	42870
MIN_EDGE_CUT	20	500000000	0	BUSHY	query-SUBJECT_SUBJECT_JOIN-7-3-0.001-0.009.sparql	SUBJECT_SUBJECT_JOIN	7	3	0.001	9	9297	23714
MIN_EDGE_CUT	20	500000000	0	BUSHY	query-SUBJECT_OBJECT_JOIN-7-3-0.01-0.09.sparql	SUBJECT_OBJECT_JOIN	7	3	0.01	21	35874	1368756
MIN_EDGE_CUT	20	500000000	0	BUSHY	query-SUBJECT_SUBJECT_JOIN-7-1-0.001-0.009.sparql	SUBJECT_SUBJECT_JOIN	7	1	0.001	31	5204	25837
MIN_EDGE_CUT	20	500000000	0	BUSHY	query-SUBJECT_SUBJECT_JOIN-7-1-0.01-0.09.sparql	SUBJECT_SUBJECT_JOIN	7	1	0.01	4	3313	29153
MIN_EDGE_CUT	20	500000000	0	BUSHY	query-SUBJECT_OBJECT_JOIN-7-1-0.001-0.009.sparql	SUBJECT_OBJECT_JOIN	7	1	0.001	6	3210	99765
MIN_EDGE_CUT	20	2000000000	0	LEFT_LINEAR	query-SUBJECT_OBJECT_JOIN-7-3-0.001-0.009.sparql	SUBJECT_OBJECT_JOIN	7	3	0.001	35	10182	806671
MIN_EDGE_CUT	20	2000000000	0	LEFT_LINEAR	query-SUBJECT_OBJECT_JOIN-1-1-0.01-0.09.sparql	SUBJECT_OBJECT_JOIN	1	1	0.01	3	899	59079
MIN_EDGE_CUT	20	2000000000	0	LEFT_LINEAR	query-SUBJECT_SUBJECT_JOIN-1-1-0.001-0.009.sparql	SUBJECT_SUBJECT_JOIN	1	1	0.001	2	598	42199
MIN_EDGE_CUT	20	2000000000	0	LEFT_LINEAR	query-SUBJECT_OBJECT_JOIN-7-1-0.01-0.09.sparql	SUBJECT_OBJECT_JOIN	7	1	0.01	10	3043	113669
MIN_EDGE_CUT	20	2000000000	0	LEFT_LINEAR	query-SUBJECT_SUBJECT_JOIN-1-1-0.01-0.09.sparql	SUBJECT_SUBJECT_JOIN	1	1	0.01	5	712	5161
MIN_EDGE_CUT	20	2000000000	0	LEFT_LINEAR	query-SUBJECT_SUBJECT_JOIN-7-3-0.01-0.09.sparql	SUBJECT_SUBJECT_JOIN	7	3	0.01	4	5057	16744
MIN_EDGE_CUT	20	2000000000	0	LEFT_LINEAR	query-SUBJECT_OBJECT_JOIN-1-1-0.001-0.009.sparql	SUBJECT_OBJECT_JOIN	1	1	0.001	5	2099	4619
MIN_EDGE_CUT	20	2000000000	0	LEFT_LINEAR	query-SUBJECT_SUBJECT_JOIN-7-3-0.001-0.009.sparql	SUBJECT_SUBJECT_JOIN	7	3	0.001	30	18997	86073
MIN_EDGE_CUT	20	2000000000	0	LEFT_LINEAR	query-SUBJECT_OBJECT_JOIN-7-3-0.01-0.09.sparql	SUBJECT_OBJECT_JOIN	7	3	0.01	17	9848	1120099
MIN_EDGE_CUT	20	2000000000	0	LEFT_LINEAR	query-SUBJECT_SUBJECT_JOIN-7-1-0.001-0.009.sparql	SUBJECT_SUBJECT_JOIN	7	1	0.001	4	12013	25811
MIN_EDGE_CUT	20	2000000000	0	LEFT_LINEAR	query-SUBJECT_SUBJECT_JOIN-7-1-0.01-0.09.sparql	SUBJECT_SUBJECT_JOIN	7	1	0.01	20	5921	22482
MIN_EDGE_CUT	20	2000000000	0	LEFT_LINEAR	query-SUBJECT_OBJECT_JOIN-7-1-0.001-0.009.sparql	SUBJECT_OBJECT_JOIN	7	1	0.001	7	13043	2254582
MIN_EDGE_CUT	20	2000000000	0	RIGHT_LINEAR	query-SUBJECT_OBJECT_JOIN-1-1-0.01-0.09.sparql	SUBJECT_OBJECT_JOIN	1	1	0.01	14	1402	81886
MIN_EDGE_CUT	20	2000000000	0	RIGHT_LINEAR	query-SUBJECT_SUBJECT_JOIN-1-1-0.001-0.009.sparql	SUBJECT_SUBJECT_JOIN	1	1	0.001	1	708	41623
MIN_EDGE_CUT	20	2000000000	0	RIGHT_LINEAR	query-SUBJECT_OBJECT_JOIN-7-1-0.01-0.09.sparql	SUBJECT_OBJECT_JOIN	7	1	0.01	12	3151	221655
MIN_EDGE_CUT	20	2000000000	0	RIGHT_LINEAR	query-SUBJECT_SUBJECT_JOIN-1-1-0.01-0.09.sparql	SUBJECT_SUBJECT_JOIN	1	1	0.01	3	699	4995
MIN_EDGE_CUT	20	2000000000	0	RIGHT_LINEAR	query-SUBJECT_SUBJECT_JOIN-7-3-0.01-0.09.sparql	SUBJECT_SUBJECT_JOIN	7	3	0.01	16	3092	15825
MIN_EDGE_CUT	20	2000000000	0	RIGHT_LINEAR	query-SUBJECT_OBJECT_JOIN-1-1-0.001-0.009.sparql	SUBJECT_OBJECT_JOIN	1	1	0.001	11	602	4807
MIN_EDGE_CUT	20	2000000000	0	RIGHT_LINEAR	query-SUBJECT_OBJECT_JOIN-7-3-0.001-0.009.sparql	SUBJECT_OBJECT_JOIN	7	3	0.001	3	2902	104263
MIN_EDGE_CUT	20	2000000000	0	RIGHT_LINEAR	query-SUBJECT_SUBJECT_JOIN-7-3-0.001-0.009.sparql	SUBJECT_SUBJECT_JOIN	7	3	0.001	10	11726	23635
MIN_EDGE_CUT	20	2000000000	0	RIGHT_LINEAR	query-SUBJECT_OBJECT_JOIN-7-3-0.01-0.09.sparql	SUBJECT_OBJECT_JOIN	7	3	0.01	4	58181	2430846
MIN_EDGE_CUT	20	2000000000	0	RIGHT_LINEAR	query-SUBJECT_SUBJECT_JOIN-7-1-0.001-0.009.sparql	SUBJECT_SUBJECT_JOIN	7	1	0.001	4	6224	45750
MIN_EDGE_CUT	20	2000000000	0	RIGHT_LINEAR	query-SUBJECT_SUBJECT_JOIN-7-1-0.01-0.09.sparql	SUBJECT_SUBJECT_JOIN	7	1	0.01	12	4631	39264
MIN_EDGE_CUT	20	2000000000	0	RIGHT_LINEAR	query-SUBJECT_OBJECT_JOIN-7-1-0.001-0.009.sparql	SUBJECT_OBJECT_JOIN	7	1	0.001	230	19479	2782119
MIN_EDGE_CUT	20	2000000000	0	BUSHY	query-SUBJECT_OBJECT_JOIN-1-1-0.01-0.09.sparql	SUBJECT_OBJECT_JOIN	1	1	0.01	2	714	80116
MIN_EDGE_CUT	20	2000000000	0	BUSHY	query-SUBJECT_SUBJECT_JOIN-1-1-0.001-0.009.sparql	SUBJECT_SUBJECT_JOIN	1	1	0.001	6	801	42000
MIN_EDGE_CUT	20	2000000000	0	BUSHY	query-SUBJECT_OBJECT_JOIN-7-1-0.01-0.09.sparql	SUBJECT_OBJECT_JOIN	7	1	0.01	10	4442	70050
MIN_EDGE_CUT	20	2000000000	0	BUSHY	query-SUBJECT_SUBJECT_JOIN-1-1-0.01-0.09.sparql	SUBJECT_SUBJECT_JOIN	1	1	0.01	2	514	4969
MIN_EDGE_CUT	20	2000000000	0	BUSHY	query-SUBJECT_SUBJECT_JOIN-7-3-0.01-0.09.sparql	SUBJECT_SUBJECT_JOIN	7	3	0.01	23	3080	19626
MIN_EDGE_CUT	20	2000000000	0	BUSHY	query-SUBJECT_OBJECT_JOIN-1-1-0.001-0.009.sparql	SUBJECT_OBJECT_JOIN	1	1	0.001	3	697	5408
MIN_EDGE_CUT	20	2000000000	0	BUSHY	query-SUBJECT_OBJECT_JOIN-7-3-0.001-0.009.sparql	SUBJECT_OBJECT_JOIN	7	3	0.001	8	2904	52905
MIN_EDGE_CUT	20	2000000000	0	BUSHY	query-SUBJECT_SUBJECT_JOIN-7-3-0.001-0.009.sparql	SUBJECT_SUBJECT_JOIN	7	3	0.001	4	12560	23830
MIN_EDGE_CUT	20	2000000000	0	BUSHY	query-SUBJECT_OBJECT_JOIN-7-3-0.01-0.09.sparql	SUBJECT_OBJECT_JOIN	7	3	0.01	7	9243	1929199
MIN_EDGE_CUT	20	2000000000	0	BUSHY	query-SUBJECT_SUBJECT_JOIN-7-1-0.001-0.009.sparql	SUBJECT_SUBJECT_JOIN	7	1	0.001	24	10792	24595
MIN_EDGE_CUT	20	2000000000	0	BUSHY	query-SUBJECT_SUBJECT_JOIN-7-1-0.01-0.09.sparql	SUBJECT_SUBJECT_JOIN	7	1	0.01	3	5730	23722
MIN_EDGE_CUT	20	2000000000	0	BUSHY	query-SUBJECT_OBJECT_JOIN-7-1-0.001-0.009.sparql	SUBJECT_OBJECT_JOIN	7	1	0.001	11	16541	2290743
VERTICAL	10	1000000000	0	LEFT_LINEAR	query-SUBJECT_OBJECT_JOIN-7-1-0.01-0.09.sparql	SUBJECT_OBJECT_JOIN	7	1	0.01	2703	-1488718569659	1488718596960
VERTICAL	10	1000000000	0	LEFT_LINEAR	query-SUBJECT_OBJECT_JOIN-7-3-0.01-0.09.sparql	SUBJECT_OBJECT_JOIN	7	3	0.01	1677	-1488808094432	1488808122902
VERTICAL	10	1000000000	0	LEFT_LINEAR	query-SUBJECT_OBJECT_JOIN-1-1-0.01-0.09.sparql	SUBJECT_OBJECT_JOIN	1	1	0.01	49	3477	3432698
VERTICAL	10	1000000000	0	LEFT_LINEAR	query-SUBJECT_SUBJECT_JOIN-1-1-0.001-0.009.sparql	SUBJECT_SUBJECT_JOIN	1	1	0.001	92	14932	114343
VERTICAL	10	1000000000	0	LEFT_LINEAR	query-SUBJECT_SUBJECT_JOIN-1-1-0.01-0.09.sparql	SUBJECT_SUBJECT_JOIN	1	1	0.01	102	1727	43135
VERTICAL	10	1000000000	0	LEFT_LINEAR	query-SUBJECT_SUBJECT_JOIN-7-3-0.01-0.09.sparql	SUBJECT_SUBJECT_JOIN	7	3	0.01	208	8094	3704518
VERTICAL	10	1000000000	0	LEFT_LINEAR	query-SUBJECT_OBJECT_JOIN-1-1-0.001-0.009.sparql	SUBJECT_OBJECT_JOIN	1	1	0.001	106	1297	85004
VERTICAL	10	1000000000	0	LEFT_LINEAR	query-SUBJECT_OBJECT_JOIN-7-3-0.001-0.009.sparql	SUBJECT_OBJECT_JOIN	7	3	0.001	138	12491	2638358
VERTICAL	10	1000000000	0	LEFT_LINEAR	query-SUBJECT_SUBJECT_JOIN-7-3-0.001-0.009.sparql	SUBJECT_SUBJECT_JOIN	7	3	0.001	207	17017	1114304
VERTICAL	10	1000000000	0	LEFT_LINEAR	query-SUBJECT_SUBJECT_JOIN-7-1-0.001-0.009.sparql	SUBJECT_SUBJECT_JOIN	7	1	0.001	139	20422	346332
VERTICAL	10	1000000000	0	LEFT_LINEAR	query-SUBJECT_SUBJECT_JOIN-7-1-0.01-0.09.sparql	SUBJECT_SUBJECT_JOIN	7	1	0.01	84	37849	1039151
VERTICAL	10	1000000000	0	LEFT_LINEAR	query-SUBJECT_OBJECT_JOIN-7-1-0.001-0.009.sparql	SUBJECT_OBJECT_JOIN	7	1	0.001	2348	35586	1181114
VERTICAL	10	1000000000	0	RIGHT_LINEAR	query-SUBJECT_OBJECT_JOIN-1-1-0.01-0.09.sparql	SUBJECT_OBJECT_JOIN	1	1	0.01	19	961	3441455
VERTICAL	10	1000000000	0	RIGHT_LINEAR	query-SUBJECT_SUBJECT_JOIN-1-1-0.001-0.009.sparql	SUBJECT_SUBJECT_JOIN	1	1	0.001	70	5246	76656
VERTICAL	10	1000000000	0	RIGHT_LINEAR	query-SUBJECT_OBJECT_JOIN-7-1-0.01-0.09.sparql	SUBJECT_OBJECT_JOIN	7	1	0.01	3489	28745	3499298
VERTICAL	10	1000000000	0	RIGHT_LINEAR	query-SUBJECT_SUBJECT_JOIN-1-1-0.01-0.09.sparql	SUBJECT_SUBJECT_JOIN	1	1	0.01	18	684	43134
VERTICAL	10	1000000000	0	RIGHT_LINEAR	query-SUBJECT_SUBJECT_JOIN-7-3-0.01-0.09.sparql	SUBJECT_SUBJECT_JOIN	7	3	0.01	90	16955	3676479
VERTICAL	10	1000000000	0	RIGHT_LINEAR	query-SUBJECT_OBJECT_JOIN-1-1-0.001-0.009.sparql	SUBJECT_OBJECT_JOIN	1	1	0.001	467	3674	68409
VERTICAL	10	1000000000	0	RIGHT_LINEAR	query-SUBJECT_OBJECT_JOIN-7-3-0.001-0.009.sparql	SUBJECT_OBJECT_JOIN	7	3	0.001	132	52645	1738415
VERTICAL	10	1000000000	0	RIGHT_LINEAR	query-SUBJECT_SUBJECT_JOIN-7-3-0.001-0.009.sparql	SUBJECT_SUBJECT_JOIN	7	3	0.001	11314	46073	1261512
VERTICAL	10	1000000000	0	RIGHT_LINEAR	query-SUBJECT_OBJECT_JOIN-7-3-0.01-0.09.sparql	SUBJECT_OBJECT_JOIN	7	3	0.01	104	19792	3025694
VERTICAL	10	1000000000	0	RIGHT_LINEAR	query-SUBJECT_SUBJECT_JOIN-7-1-0.001-0.009.sparql	SUBJECT_SUBJECT_JOIN	7	1	0.001	137	27826	176814
VERTICAL	10	1000000000	0	RIGHT_LINEAR	query-SUBJECT_SUBJECT_JOIN-7-1-0.01-0.09.sparql	SUBJECT_SUBJECT_JOIN	7	1	0.01	93	11530	1055151
VERTICAL	10	1000000000	0	RIGHT_LINEAR	query-SUBJECT_OBJECT_JOIN-7-1-0.001-0.009.sparql	SUBJECT_OBJECT_JOIN	7	1	0.001	468	54101	1307609
VERTICAL	10	1000000000	0	BUSHY	query-SUBJECT_OBJECT_JOIN-7-3-0.01-0.09.sparql	SUBJECT_OBJECT_JOIN	7	3	0.01	1893	-1489159996528	1489160025063
VERTICAL	10	1000000000	0	BUSHY	query-SUBJECT_OBJECT_JOIN-1-1-0.01-0.09.sparql	SUBJECT_OBJECT_JOIN	1	1	0.01	2352	8069	3502096
VERTICAL	10	1000000000	0	BUSHY	query-SUBJECT_SUBJECT_JOIN-1-1-0.001-0.009.sparql	SUBJECT_SUBJECT_JOIN	1	1	0.001	21	4385	57401
VERTICAL	10	1000000000	0	BUSHY	query-SUBJECT_OBJECT_JOIN-7-1-0.01-0.09.sparql	SUBJECT_OBJECT_JOIN	7	1	0.01	148	28618	3459845
VERTICAL	10	1000000000	0	BUSHY	query-SUBJECT_SUBJECT_JOIN-1-1-0.01-0.09.sparql	SUBJECT_SUBJECT_JOIN	1	1	0.01	274	5726	44745
VERTICAL	10	1000000000	0	BUSHY	query-SUBJECT_SUBJECT_JOIN-7-3-0.01-0.09.sparql	SUBJECT_SUBJECT_JOIN	7	3	0.01	294	34765	3908191
VERTICAL	10	1000000000	0	BUSHY	query-SUBJECT_OBJECT_JOIN-1-1-0.001-0.009.sparql	SUBJECT_OBJECT_JOIN	1	1	0.001	780	4257	45057
VERTICAL	10	1000000000	0	BUSHY	query-SUBJECT_OBJECT_JOIN-7-3-0.001-0.009.sparql	SUBJECT_OBJECT_JOIN	7	3	0.001	506	35748	2516038
VERTICAL	10	1000000000	0	BUSHY	query-SUBJECT_SUBJECT_JOIN-7-3-0.001-0.009.sparql	SUBJECT_SUBJECT_JOIN	7	3	0.001	128	36023	1099064
VERTICAL	10	1000000000	0	BUSHY	query-SUBJECT_SUBJECT_JOIN-7-1-0.001-0.009.sparql	SUBJECT_SUBJECT_JOIN	7	1	0.001	169	32292	200998
VERTICAL	10	1000000000	0	BUSHY	query-SUBJECT_SUBJECT_JOIN-7-1-0.01-0.09.sparql	SUBJECT_SUBJECT_JOIN	7	1	0.01	115	68985	1176518
VERTICAL	10	1000000000	0	BUSHY	query-SUBJECT_OBJECT_JOIN-7-1-0.001-0.009.sparql	SUBJECT_OBJECT_JOIN	7	1	0.001	39	24957	1133155
HASH	1	1000000000	0	BUSHY	query-SUBJECT_OBJECT_JOIN-1-1-0.01-0.09.sparql	SUBJECT_OBJECT_JOIN	1	1	0.01	10	396	238198
HASH	1	1000000000	0	BUSHY	query-SUBJECT_SUBJECT_JOIN-1-1-0.001-0.009.sparql	SUBJECT_SUBJECT_JOIN	1	1	0.001	4	53885	23613
HASH	1	1000000000	0	BUSHY	query-SUBJECT_OBJECT_JOIN-7-1-0.01-0.09.sparql	SUBJECT_OBJECT_JOIN	7	1	0.01	16	3294	276173
HASH	1	1000000000	0	BUSHY	query-SUBJECT_SUBJECT_JOIN-1-1-0.01-0.09.sparql	SUBJECT_SUBJECT_JOIN	1	1	0.01	6	492	3282
HASH	1	1000000000	0	BUSHY	query-SUBJECT_SUBJECT_JOIN-7-3-0.01-0.09.sparql	SUBJECT_SUBJECT_JOIN	7	3	0.01	8	3192	313614
HASH	1	1000000000	0	BUSHY	query-SUBJECT_OBJECT_JOIN-1-1-0.001-0.009.sparql	SUBJECT_OBJECT_JOIN	1	1	0.001	10	494	7811
HASH	1	1000000000	0	BUSHY	query-SUBJECT_OBJECT_JOIN-7-3-0.001-0.009.sparql	SUBJECT_OBJECT_JOIN	7	3	0.001	9	2693	54972
HASH	1	1000000000	0	BUSHY	query-SUBJECT_SUBJECT_JOIN-7-3-0.001-0.009.sparql	SUBJECT_SUBJECT_JOIN	7	3	0.001	29	7319	124938
HASH	1	1000000000	0	BUSHY	query-SUBJECT_OBJECT_JOIN-7-3-0.01-0.09.sparql	SUBJECT_OBJECT_JOIN	7	3	0.01	25	4665	247336
HASH	1	1000000000	0	BUSHY	query-SUBJECT_SUBJECT_JOIN-7-1-0.001-0.009.sparql	SUBJECT_SUBJECT_JOIN	7	1	0.001	16	1793	49411
HASH	1	1000000000	0	BUSHY	query-SUBJECT_SUBJECT_JOIN-7-1-0.01-0.09.sparql	SUBJECT_SUBJECT_JOIN	7	1	0.01	43	4647	57228
HASH	1	1000000000	0	BUSHY	query-SUBJECT_OBJECT_JOIN-7-1-0.001-0.009.sparql	SUBJECT_OBJECT_JOIN	7	1	0.001	5	4796	69635
HASH	10	1000000000	2	BUSHY	query-SUBJECT_OBJECT_JOIN-1-1-0.01-0.09.sparql	SUBJECT_OBJECT_JOIN	1	1	0.01	3	605	354805
HASH	10	1000000000	2	BUSHY	query-SUBJECT_SUBJECT_JOIN-1-1-0.001-0.009.sparql	SUBJECT_SUBJECT_JOIN	1	1	0.001	6	495	39919
HASH	10	1000000000	2	BUSHY	query-SUBJECT_OBJECT_JOIN-7-1-0.01-0.09.sparql	SUBJECT_OBJECT_JOIN	7	1	0.01	225	3563	289797
HASH	10	1000000000	2	BUSHY	query-SUBJECT_SUBJECT_JOIN-1-1-0.01-0.09.sparql	SUBJECT_SUBJECT_JOIN	1	1	0.01	3	699	14192
HASH	10	1000000000	2	BUSHY	query-SUBJECT_SUBJECT_JOIN-7-3-0.01-0.09.sparql	SUBJECT_SUBJECT_JOIN	7	3	0.01	3	2343	667817
HASH	10	1000000000	2	BUSHY	query-SUBJECT_OBJECT_JOIN-1-1-0.001-0.009.sparql	SUBJECT_OBJECT_JOIN	1	1	0.001	38	764	1109
HASH	10	1000000000	2	BUSHY	query-SUBJECT_OBJECT_JOIN-7-3-0.001-0.009.sparql	SUBJECT_OBJECT_JOIN	7	3	0.001	3	2401	24498
HASH	10	1000000000	2	BUSHY	query-SUBJECT_SUBJECT_JOIN-7-3-0.001-0.009.sparql	SUBJECT_SUBJECT_JOIN	7	3	0.001	31	13898	28170
HASH	10	1000000000	2	BUSHY	query-SUBJECT_OBJECT_JOIN-7-3-0.01-0.09.sparql	SUBJECT_OBJECT_JOIN	7	3	0.01	3	10837	91005
HASH	10	1000000000	2	BUSHY	query-SUBJECT_SUBJECT_JOIN-7-1-0.001-0.009.sparql	SUBJECT_SUBJECT_JOIN	7	1	0.001	4	16416	34425
HASH	10	1000000000	2	BUSHY	query-SUBJECT_SUBJECT_JOIN-7-1-0.01-0.09.sparql	SUBJECT_SUBJECT_JOIN	7	1	0.01	50	7365	30920
HASH	10	1000000000	2	BUSHY	query-SUBJECT_OBJECT_JOIN-7-1-0.001-0.009.sparql	SUBJECT_OBJECT_JOIN	7	1	0.001	5	8013	143743