cover	numberOfChunks	numberOfTriples	nhop	treeType	queryFile	joinPattern	numberOfJoins	numberOfDataSources	selectivity	totalExecutionTime
HASH	10	1000000000	0	LEFT_LINEAR	query-SUBJECT_OBJECT_JOIN-1-1-0.01-0.09.sparql	SUBJECT_OBJECT_JOIN	1	1	0.01	60145
HASH	10	1000000000	0	LEFT_LINEAR	query-SUBJECT_SUBJECT_JOIN-1-1-0.001-0.009.sparql	SUBJECT_SUBJECT_JOIN	1	1	0.001	237810
HASH	10	1000000000	0	LEFT_LINEAR	query-SUBJECT_OBJECT_JOIN-7-1-0.01-0.09.sparql	SUBJECT_OBJECT_JOIN	7	1	0.01	63515
HASH	10	1000000000	0	LEFT_LINEAR	query-SUBJECT_SUBJECT_JOIN-1-1-0.01-0.09.sparql	SUBJECT_SUBJECT_JOIN	1	1	0.01	18114
HASH	10	1000000000	0	LEFT_LINEAR	query-SUBJECT_SUBJECT_JOIN-7-3-0.01-0.09.sparql	SUBJECT_SUBJECT_JOIN	7	3	0.01	24631
HASH	10	1000000000	0	LEFT_LINEAR	query-SUBJECT_OBJECT_JOIN-1-1-0.001-0.009.sparql	SUBJECT_OBJECT_JOIN	1	1	0.001	4407
HASH	10	1000000000	0	LEFT_LINEAR	query-SUBJECT_OBJECT_JOIN-7-3-0.001-0.009.sparql	SUBJECT_OBJECT_JOIN	7	3	0.001	1401622
HASH	10	1000000000	0	LEFT_LINEAR	query-SUBJECT_SUBJECT_JOIN-7-3-0.001-0.009.sparql	SUBJECT_SUBJECT_JOIN	7	3	0.001	48276
HASH	10	1000000000	0	LEFT_LINEAR	query-SUBJECT_OBJECT_JOIN-7-3-0.01-0.09.sparql	SUBJECT_OBJECT_JOIN	7	3	0.01	918734
HASH	10	1000000000	0	LEFT_LINEAR	query-SUBJECT_SUBJECT_JOIN-7-1-0.001-0.009.sparql	SUBJECT_SUBJECT_JOIN	7	1	0.001	66056
HASH	10	1000000000	0	LEFT_LINEAR	query-SUBJECT_SUBJECT_JOIN-7-1-0.01-0.09.sparql	SUBJECT_SUBJECT_JOIN	7	1	0.01	52958
HASH	10	1000000000	0	LEFT_LINEAR	query-SUBJECT_OBJECT_JOIN-7-1-0.001-0.009.sparql	SUBJECT_OBJECT_JOIN	7	1	0.001	131781
HASH	10	1000000000	0	RIGHT_LINEAR	query-SUBJECT_OBJECT_JOIN-1-1-0.01-0.09.sparql	SUBJECT_OBJECT_JOIN	1	1	0.01	16506
HASH	10	1000000000	0	RIGHT_LINEAR	query-SUBJECT_SUBJECT_JOIN-1-1-0.001-0.009.sparql	SUBJECT_SUBJECT_JOIN	1	1	0.001	212718
HASH	10	1000000000	0	RIGHT_LINEAR	query-SUBJECT_OBJECT_JOIN-7-1-0.01-0.09.sparql	SUBJECT_OBJECT_JOIN	7	1	0.01	59187
HASH	10	1000000000	0	RIGHT_LINEAR	query-SUBJECT_SUBJECT_JOIN-1-1-0.01-0.09.sparql	SUBJECT_SUBJECT_JOIN	1	1	0.01	7920
HASH	10	1000000000	0	RIGHT_LINEAR	query-SUBJECT_SUBJECT_JOIN-7-3-0.01-0.09.sparql	SUBJECT_SUBJECT_JOIN	7	3	0.01	13314
HASH	10	1000000000	0	RIGHT_LINEAR	query-SUBJECT_OBJECT_JOIN-1-1-0.001-0.009.sparql	SUBJECT_OBJECT_JOIN	1	1	0.001	4506
HASH	10	1000000000	0	RIGHT_LINEAR	query-SUBJECT_OBJECT_JOIN-7-3-0.001-0.009.sparql	SUBJECT_OBJECT_JOIN	7	3	0.001	40624
HASH	10	1000000000	0	RIGHT_LINEAR	query-SUBJECT_SUBJECT_JOIN-7-3-0.001-0.009.sparql	SUBJECT_SUBJECT_JOIN	7	3	0.001	66201
HASH	10	1000000000	0	RIGHT_LINEAR	query-SUBJECT_OBJECT_JOIN-7-3-0.01-0.09.sparql	SUBJECT_OBJECT_JOIN	7	3	0.01	3425691
HASH	10	1000000000	0	RIGHT_LINEAR	query-SUBJECT_SUBJECT_JOIN-7-1-0.001-0.009.sparql	SUBJECT_SUBJECT_JOIN	7	1	0.001	122529
HASH	10	1000000000	0	RIGHT_LINEAR	query-SUBJECT_SUBJECT_JOIN-7-1-0.01-0.09.sparql	SUBJECT_SUBJECT_JOIN	7	1	0.01	50413
HASH	10	1000000000	0	RIGHT_LINEAR	query-SUBJECT_OBJECT_JOIN-7-1-0.001-0.009.sparql	SUBJECT_OBJECT_JOIN	7	1	0.001	589389
HASH	10	1000000000	0	BUSHY	query-SUBJECT_OBJECT_JOIN-1-1-0.01-0.09.sparql	SUBJECT_OBJECT_JOIN	1	1	0.01	16995
HASH	10	1000000000	0	BUSHY	query-SUBJECT_SUBJECT_JOIN-1-1-0.001-0.009.sparql	SUBJECT_SUBJECT_JOIN	1	1	0.001	47517
HASH	10	1000000000	0	BUSHY	query-SUBJECT_OBJECT_JOIN-7-1-0.01-0.09.sparql	SUBJECT_OBJECT_JOIN	7	1	0.01	49051
HASH	10	1000000000	0	BUSHY	query-SUBJECT_SUBJECT_JOIN-1-1-0.01-0.09.sparql	SUBJECT_SUBJECT_JOIN	1	1	0.01	5245
HASH	10	1000000000	0	BUSHY	query-SUBJECT_SUBJECT_JOIN-7-3-0.01-0.09.sparql	SUBJECT_SUBJECT_JOIN	7	3	0.01	12543
HASH	10	1000000000	0	BUSHY	query-SUBJECT_OBJECT_JOIN-1-1-0.001-0.009.sparql	SUBJECT_OBJECT_JOIN	1	1	0.001	3309
HASH	10	1000000000	0	BUSHY	query-SUBJECT_OBJECT_JOIN-7-3-0.001-0.009.sparql	SUBJECT_OBJECT_JOIN	7	3	0.001	128488
HASH	10	1000000000	0	BUSHY	query-SUBJECT_SUBJECT_JOIN-7-3-0.001-0.009.sparql	SUBJECT_SUBJECT_JOIN	7	3	0.001	56873
HASH	10	1000000000	0	BUSHY	query-SUBJECT_OBJECT_JOIN-7-3-0.01-0.09.sparql	SUBJECT_OBJECT_JOIN	7	3	0.01	2525886
HASH	10	1000000000	0	BUSHY	query-SUBJECT_SUBJECT_JOIN-7-1-0.001-0.009.sparql	SUBJECT_SUBJECT_JOIN	7	1	0.001	25346
HASH	10	1000000000	0	BUSHY	query-SUBJECT_SUBJECT_JOIN-7-1-0.01-0.09.sparql	SUBJECT_SUBJECT_JOIN	7	1	0.01	26915
HASH	10	1000000000	0	BUSHY	query-SUBJECT_OBJECT_JOIN-7-1-0.001-0.009.sparql	SUBJECT_OBJECT_JOIN	7	1	0.001	248430
HASH	20	1000000000	0	LEFT_LINEAR	query-SUBJECT_OBJECT_JOIN-1-1-0.01-0.09.sparql	SUBJECT_OBJECT_JOIN	1	1	0.01	25919
HASH	20	1000000000	0	LEFT_LINEAR	query-SUBJECT_SUBJECT_JOIN-1-1-0.001-0.009.sparql	SUBJECT_SUBJECT_JOIN	1	1	0.001	70784
HASH	20	1000000000	0	LEFT_LINEAR	query-SUBJECT_OBJECT_JOIN-7-1-0.01-0.09.sparql	SUBJECT_OBJECT_JOIN	7	1	0.01	60836
HASH	20	1000000000	0	LEFT_LINEAR	query-SUBJECT_SUBJECT_JOIN-1-1-0.01-0.09.sparql	SUBJECT_SUBJECT_JOIN	1	1	0.01	6342
HASH	20	1000000000	0	LEFT_LINEAR	query-SUBJECT_SUBJECT_JOIN-7-3-0.01-0.09.sparql	SUBJECT_SUBJECT_JOIN	7	3	0.01	29431
HASH	20	1000000000	0	LEFT_LINEAR	query-SUBJECT_OBJECT_JOIN-1-1-0.001-0.009.sparql	SUBJECT_OBJECT_JOIN	1	1	0.001	8619
HASH	20	1000000000	0	LEFT_LINEAR	query-SUBJECT_OBJECT_JOIN-7-3-0.001-0.009.sparql	SUBJECT_OBJECT_JOIN	7	3	0.001	761123
HASH	20	1000000000	0	LEFT_LINEAR	query-SUBJECT_SUBJECT_JOIN-7-3-0.001-0.009.sparql	SUBJECT_SUBJECT_JOIN	7	3	0.001	53740
HASH	20	1000000000	0	LEFT_LINEAR	query-SUBJECT_OBJECT_JOIN-7-3-0.01-0.09.sparql	SUBJECT_OBJECT_JOIN	7	3	0.01	4011315
HASH	20	1000000000	0	LEFT_LINEAR	query-SUBJECT_SUBJECT_JOIN-7-1-0.001-0.009.sparql	SUBJECT_SUBJECT_JOIN	7	1	0.001	65975
HASH	20	1000000000	0	LEFT_LINEAR	query-SUBJECT_SUBJECT_JOIN-7-1-0.01-0.09.sparql	SUBJECT_SUBJECT_JOIN	7	1	0.01	138844
HASH	20	1000000000	0	LEFT_LINEAR	query-SUBJECT_OBJECT_JOIN-7-1-0.001-0.009.sparql	SUBJECT_OBJECT_JOIN	7	1	0.001	137438
HASH	20	1000000000	0	RIGHT_LINEAR	query-SUBJECT_OBJECT_JOIN-1-1-0.01-0.09.sparql	SUBJECT_OBJECT_JOIN	1	1	0.01	18586
HASH	20	1000000000	0	RIGHT_LINEAR	query-SUBJECT_SUBJECT_JOIN-1-1-0.001-0.009.sparql	SUBJECT_SUBJECT_JOIN	1	1	0.001	43524
HASH	20	1000000000	0	RIGHT_LINEAR	query-SUBJECT_OBJECT_JOIN-7-1-0.01-0.09.sparql	SUBJECT_OBJECT_JOIN	7	1	0.01	76502
HASH	20	1000000000	0	RIGHT_LINEAR	query-SUBJECT_SUBJECT_JOIN-1-1-0.01-0.09.sparql	SUBJECT_SUBJECT_JOIN	1	1	0.01	7858
HASH	20	1000000000	0	RIGHT_LINEAR	query-SUBJECT_SUBJECT_JOIN-7-3-0.01-0.09.sparql	SUBJECT_SUBJECT_JOIN	7	3	0.01	15725
HASH	20	1000000000	0	RIGHT_LINEAR	query-SUBJECT_OBJECT_JOIN-1-1-0.001-0.009.sparql	SUBJECT_OBJECT_JOIN	1	1	0.001	9691
HASH	20	1000000000	0	RIGHT_LINEAR	query-SUBJECT_OBJECT_JOIN-7-3-0.001-0.009.sparql	SUBJECT_OBJECT_JOIN	7	3	0.001	52853
HASH	20	1000000000	0	RIGHT_LINEAR	query-SUBJECT_SUBJECT_JOIN-7-3-0.001-0.009.sparql	SUBJECT_SUBJECT_JOIN	7	3	0.001	45602
HASH	20	1000000000	0	RIGHT_LINEAR	query-SUBJECT_OBJECT_JOIN-7-3-0.01-0.09.sparql	SUBJECT_OBJECT_JOIN	7	3	0.01	2903046
HASH	20	1000000000	0	RIGHT_LINEAR	query-SUBJECT_SUBJECT_JOIN-7-1-0.001-0.009.sparql	SUBJECT_SUBJECT_JOIN	7	1	0.001	60501
HASH	20	1000000000	0	RIGHT_LINEAR	query-SUBJECT_SUBJECT_JOIN-7-1-0.01-0.09.sparql	SUBJECT_SUBJECT_JOIN	7	1	0.01	66018
HASH	20	1000000000	0	RIGHT_LINEAR	query-SUBJECT_OBJECT_JOIN-7-1-0.001-0.009.sparql	SUBJECT_OBJECT_JOIN	7	1	0.001	350793
HASH	20	1000000000	0	BUSHY	query-SUBJECT_OBJECT_JOIN-1-1-0.01-0.09.sparql	SUBJECT_OBJECT_JOIN	1	1	0.01	18803
HASH	20	1000000000	0	BUSHY	query-SUBJECT_SUBJECT_JOIN-1-1-0.001-0.009.sparql	SUBJECT_SUBJECT_JOIN	1	1	0.001	41191
HASH	20	1000000000	0	BUSHY	query-SUBJECT_OBJECT_JOIN-7-1-0.01-0.09.sparql	SUBJECT_OBJECT_JOIN	7	1	0.01	58155
HASH	20	1000000000	0	BUSHY	query-SUBJECT_SUBJECT_JOIN-1-1-0.01-0.09.sparql	SUBJECT_SUBJECT_JOIN	1	1	0.01	5159
HASH	20	1000000000	0	BUSHY	query-SUBJECT_SUBJECT_JOIN-7-3-0.01-0.09.sparql	SUBJECT_SUBJECT_JOIN	7	3	0.01	12032
HASH	20	1000000000	0	BUSHY	query-SUBJECT_OBJECT_JOIN-1-1-0.001-0.009.sparql	SUBJECT_OBJECT_JOIN	1	1	0.001	7524
HASH	20	1000000000	0	BUSHY	query-SUBJECT_OBJECT_JOIN-7-3-0.001-0.009.sparql	SUBJECT_OBJECT_JOIN	7	3	0.001	65106
HASH	20	1000000000	0	BUSHY	query-SUBJECT_SUBJECT_JOIN-7-3-0.001-0.009.sparql	SUBJECT_SUBJECT_JOIN	7	3	0.001	44894
HASH	20	1000000000	0	BUSHY	query-SUBJECT_OBJECT_JOIN-7-3-0.01-0.09.sparql	SUBJECT_OBJECT_JOIN	7	3	0.01	3776851
HASH	20	1000000000	0	BUSHY	query-SUBJECT_SUBJECT_JOIN-7-1-0.001-0.009.sparql	SUBJECT_SUBJECT_JOIN	7	1	0.001	34267
HASH	20	1000000000	0	BUSHY	query-SUBJECT_SUBJECT_JOIN-7-1-0.01-0.09.sparql	SUBJECT_SUBJECT_JOIN	7	1	0.01	29562
HASH	20	1000000000	0	BUSHY	query-SUBJECT_OBJECT_JOIN-7-1-0.001-0.009.sparql	SUBJECT_OBJECT_JOIN	7	1	0.001	179139
HASH	40	1000000000	0	LEFT_LINEAR	query-SUBJECT_OBJECT_JOIN-1-1-0.01-0.09.sparql	SUBJECT_OBJECT_JOIN	1	1	0.01	50409
HASH	40	1000000000	0	LEFT_LINEAR	query-SUBJECT_SUBJECT_JOIN-1-1-0.001-0.009.sparql	SUBJECT_SUBJECT_JOIN	1	1	0.001	45329
HASH	40	1000000000	0	LEFT_LINEAR	query-SUBJECT_SUBJECT_JOIN-1-1-0.01-0.09.sparql	SUBJECT_SUBJECT_JOIN	1	1	0.01	12754
HASH	40	1000000000	0	LEFT_LINEAR	query-SUBJECT_SUBJECT_JOIN-7-3-0.01-0.09.sparql	SUBJECT_SUBJECT_JOIN	7	3	0.01	13930
HASH	40	1000000000	0	LEFT_LINEAR	query-SUBJECT_SUBJECT_JOIN-7-3-0.001-0.009.sparql	SUBJECT_SUBJECT_JOIN	7	3	0.001	117269
HASH	40	1000000000	0	RIGHT_LINEAR	query-SUBJECT_OBJECT_JOIN-1-1-0.01-0.09.sparql	SUBJECT_OBJECT_JOIN	1	1	0.01	27215
HASH	40	1000000000	0	RIGHT_LINEAR	query-SUBJECT_SUBJECT_JOIN-1-1-0.001-0.009.sparql	SUBJECT_SUBJECT_JOIN	1	1	0.001	39686
HASH	40	1000000000	0	RIGHT_LINEAR	query-SUBJECT_SUBJECT_JOIN-1-1-0.01-0.09.sparql	SUBJECT_SUBJECT_JOIN	1	1	0.01	10909
HASH	40	1000000000	0	RIGHT_LINEAR	query-SUBJECT_SUBJECT_JOIN-7-3-0.01-0.09.sparql	SUBJECT_SUBJECT_JOIN	7	3	0.01	13627
HASH	40	1000000000	0	RIGHT_LINEAR	query-SUBJECT_SUBJECT_JOIN-7-3-0.001-0.009.sparql	SUBJECT_SUBJECT_JOIN	7	3	0.001	37561
HASH	40	1000000000	0	BUSHY	query-SUBJECT_OBJECT_JOIN-1-1-0.01-0.09.sparql	SUBJECT_OBJECT_JOIN	1	1	0.01	17110
HASH	40	1000000000	0	BUSHY	query-SUBJECT_SUBJECT_JOIN-1-1-0.001-0.009.sparql	SUBJECT_SUBJECT_JOIN	1	1	0.001	39582
HASH	40	1000000000	0	BUSHY	query-SUBJECT_SUBJECT_JOIN-1-1-0.01-0.09.sparql	SUBJECT_SUBJECT_JOIN	1	1	0.01	8894
HASH	40	1000000000	0	BUSHY	query-SUBJECT_SUBJECT_JOIN-7-3-0.01-0.09.sparql	SUBJECT_SUBJECT_JOIN	7	3	0.01	14970
HASH	40	1000000000	0	BUSHY	query-SUBJECT_SUBJECT_JOIN-7-3-0.001-0.009.sparql	SUBJECT_SUBJECT_JOIN	7	3	0.001	35205
HASH	40	1000000000	0	LEFT_LINEAR	query-SUBJECT_OBJECT_JOIN-7-1-0.01-0.09.sparql	SUBJECT_OBJECT_JOIN	7	1	0.01	120854
HASH	40	1000000000	0	LEFT_LINEAR	query-SUBJECT_OBJECT_JOIN-1-1-0.001-0.009.sparql	SUBJECT_OBJECT_JOIN	1	1	0.001	15501
HASH	40	1000000000	0	LEFT_LINEAR	query-SUBJECT_OBJECT_JOIN-7-3-0.001-0.009.sparql	SUBJECT_OBJECT_JOIN	7	3	0.001	659799
HASH	40	1000000000	0	LEFT_LINEAR	query-SUBJECT_OBJECT_JOIN-7-3-0.01-0.09.sparql	SUBJECT_OBJECT_JOIN	7	3	0.01	6633901
HASH	40	1000000000	0	LEFT_LINEAR	query-SUBJECT_SUBJECT_JOIN-7-1-0.001-0.009.sparql	SUBJECT_SUBJECT_JOIN	7	1	0.001	100103
HASH	40	1000000000	0	LEFT_LINEAR	query-SUBJECT_SUBJECT_JOIN-7-1-0.01-0.09.sparql	SUBJECT_SUBJECT_JOIN	7	1	0.01	109682
HASH	40	1000000000	0	LEFT_LINEAR	query-SUBJECT_OBJECT_JOIN-7-1-0.001-0.009.sparql	SUBJECT_OBJECT_JOIN	7	1	0.001	184337
HASH	40	1000000000	0	RIGHT_LINEAR	query-SUBJECT_OBJECT_JOIN-7-1-0.01-0.09.sparql	SUBJECT_OBJECT_JOIN	7	1	0.01	224380
HASH	40	1000000000	0	RIGHT_LINEAR	query-SUBJECT_OBJECT_JOIN-1-1-0.001-0.009.sparql	SUBJECT_OBJECT_JOIN	1	1	0.001	23529
HASH	40	1000000000	0	RIGHT_LINEAR	query-SUBJECT_OBJECT_JOIN-7-3-0.001-0.009.sparql	SUBJECT_OBJECT_JOIN	7	3	0.001	108858
HASH	40	1000000000	0	RIGHT_LINEAR	query-SUBJECT_OBJECT_JOIN-7-3-0.01-0.09.sparql	SUBJECT_OBJECT_JOIN	7	3	0.01	2728015
HASH	40	1000000000	0	RIGHT_LINEAR	query-SUBJECT_SUBJECT_JOIN-7-1-0.001-0.009.sparql	SUBJECT_SUBJECT_JOIN	7	1	0.001	109578
HASH	40	1000000000	0	RIGHT_LINEAR	query-SUBJECT_SUBJECT_JOIN-7-1-0.01-0.09.sparql	SUBJECT_SUBJECT_JOIN	7	1	0.01	105830
HASH	40	1000000000	0	RIGHT_LINEAR	query-SUBJECT_OBJECT_JOIN-7-1-0.001-0.009.sparql	SUBJECT_OBJECT_JOIN	7	1	0.001	322930
HASH	40	1000000000	0	BUSHY	query-SUBJECT_OBJECT_JOIN-7-1-0.01-0.09.sparql	SUBJECT_OBJECT_JOIN	7	1	0.01	146266
HASH	40	1000000000	0	BUSHY	query-SUBJECT_OBJECT_JOIN-1-1-0.001-0.009.sparql	SUBJECT_OBJECT_JOIN	1	1	0.001	14129
HASH	40	1000000000	0	BUSHY	query-SUBJECT_OBJECT_JOIN-7-3-0.001-0.009.sparql	SUBJECT_OBJECT_JOIN	7	3	0.001	64689
HASH	40	1000000000	0	BUSHY	query-SUBJECT_OBJECT_JOIN-7-3-0.01-0.09.sparql	SUBJECT_OBJECT_JOIN	7	3	0.01	2905378
HASH	40	1000000000	0	BUSHY	query-SUBJECT_SUBJECT_JOIN-7-1-0.001-0.009.sparql	SUBJECT_SUBJECT_JOIN	7	1	0.001	117868
HASH	40	1000000000	0	BUSHY	query-SUBJECT_SUBJECT_JOIN-7-1-0.01-0.09.sparql	SUBJECT_SUBJECT_JOIN	7	1	0.01	131618
HASH	40	1000000000	0	BUSHY	query-SUBJECT_OBJECT_JOIN-7-1-0.001-0.009.sparql	SUBJECT_OBJECT_JOIN	7	1	0.001	281569
HASH	20	500000000	0	LEFT_LINEAR	query-SUBJECT_OBJECT_JOIN-1-1-0.01-0.09.sparql	SUBJECT_OBJECT_JOIN	1	1	0.01	40194
HASH	20	500000000	0	LEFT_LINEAR	query-SUBJECT_SUBJECT_JOIN-1-1-0.001-0.009.sparql	SUBJECT_SUBJECT_JOIN	1	1	0.001	49731
HASH	20	500000000	0	LEFT_LINEAR	query-SUBJECT_OBJECT_JOIN-7-1-0.01-0.09.sparql	SUBJECT_OBJECT_JOIN	7	1	0.01	48388
HASH	20	500000000	0	LEFT_LINEAR	query-SUBJECT_SUBJECT_JOIN-1-1-0.01-0.09.sparql	SUBJECT_SUBJECT_JOIN	1	1	0.01	6699
HASH	20	500000000	0	LEFT_LINEAR	query-SUBJECT_SUBJECT_JOIN-7-3-0.01-0.09.sparql	SUBJECT_SUBJECT_JOIN	7	3	0.01	5426
HASH	20	500000000	0	LEFT_LINEAR	query-SUBJECT_OBJECT_JOIN-1-1-0.001-0.009.sparql	SUBJECT_OBJECT_JOIN	1	1	0.001	5954
HASH	20	500000000	0	LEFT_LINEAR	query-SUBJECT_OBJECT_JOIN-7-3-0.001-0.009.sparql	SUBJECT_OBJECT_JOIN	7	3	0.001	986102
HASH	20	500000000	0	LEFT_LINEAR	query-SUBJECT_SUBJECT_JOIN-7-3-0.001-0.009.sparql	SUBJECT_SUBJECT_JOIN	7	3	0.001	210128
HASH	20	500000000	0	LEFT_LINEAR	query-SUBJECT_OBJECT_JOIN-7-3-0.01-0.09.sparql	SUBJECT_OBJECT_JOIN	7	3	0.01	3116498
HASH	20	500000000	0	LEFT_LINEAR	query-SUBJECT_SUBJECT_JOIN-7-1-0.001-0.009.sparql	SUBJECT_SUBJECT_JOIN	7	1	0.001	45873
HASH	20	500000000	0	LEFT_LINEAR	query-SUBJECT_SUBJECT_JOIN-7-1-0.01-0.09.sparql	SUBJECT_SUBJECT_JOIN	7	1	0.01	32764
HASH	20	500000000	0	LEFT_LINEAR	query-SUBJECT_OBJECT_JOIN-7-1-0.001-0.009.sparql	SUBJECT_OBJECT_JOIN	7	1	0.001	62208
HASH	20	500000000	0	RIGHT_LINEAR	query-SUBJECT_OBJECT_JOIN-1-1-0.01-0.09.sparql	SUBJECT_OBJECT_JOIN	1	1	0.01	10813
HASH	20	500000000	0	RIGHT_LINEAR	query-SUBJECT_SUBJECT_JOIN-1-1-0.001-0.009.sparql	SUBJECT_SUBJECT_JOIN	1	1	0.001	31844
HASH	20	500000000	0	RIGHT_LINEAR	query-SUBJECT_OBJECT_JOIN-7-1-0.01-0.09.sparql	SUBJECT_OBJECT_JOIN	7	1	0.01	54996
HASH	20	500000000	0	RIGHT_LINEAR	query-SUBJECT_SUBJECT_JOIN-1-1-0.01-0.09.sparql	SUBJECT_SUBJECT_JOIN	1	1	0.01	4746
HASH	20	500000000	0	RIGHT_LINEAR	query-SUBJECT_SUBJECT_JOIN-7-3-0.01-0.09.sparql	SUBJECT_SUBJECT_JOIN	7	3	0.01	4325
HASH	20	500000000	0	RIGHT_LINEAR	query-SUBJECT_OBJECT_JOIN-1-1-0.001-0.009.sparql	SUBJECT_OBJECT_JOIN	1	1	0.001	5189
HASH	20	500000000	0	RIGHT_LINEAR	query-SUBJECT_OBJECT_JOIN-7-3-0.001-0.009.sparql	SUBJECT_OBJECT_JOIN	7	3	0.001	23560
HASH	20	500000000	0	RIGHT_LINEAR	query-SUBJECT_SUBJECT_JOIN-7-3-0.001-0.009.sparql	SUBJECT_SUBJECT_JOIN	7	3	0.001	34024
HASH	20	500000000	0	RIGHT_LINEAR	query-SUBJECT_OBJECT_JOIN-7-3-0.01-0.09.sparql	SUBJECT_OBJECT_JOIN	7	3	0.01	1638362
HASH	20	500000000	0	RIGHT_LINEAR	query-SUBJECT_SUBJECT_JOIN-7-1-0.001-0.009.sparql	SUBJECT_SUBJECT_JOIN	7	1	0.001	53301
HASH	20	500000000	0	RIGHT_LINEAR	query-SUBJECT_SUBJECT_JOIN-7-1-0.01-0.09.sparql	SUBJECT_SUBJECT_JOIN	7	1	0.01	46893
HASH	20	500000000	0	RIGHT_LINEAR	query-SUBJECT_OBJECT_JOIN-7-1-0.001-0.009.sparql	SUBJECT_OBJECT_JOIN	7	1	0.001	192309
HASH	20	500000000	0	BUSHY	query-SUBJECT_OBJECT_JOIN-1-1-0.01-0.09.sparql	SUBJECT_OBJECT_JOIN	1	1	0.01	11743
HASH	20	500000000	0	BUSHY	query-SUBJECT_SUBJECT_JOIN-1-1-0.001-0.009.sparql	SUBJECT_SUBJECT_JOIN	1	1	0.001	30828
HASH	20	500000000	0	BUSHY	query-SUBJECT_OBJECT_JOIN-7-1-0.01-0.09.sparql	SUBJECT_OBJECT_JOIN	7	1	0.01	53803
HASH	20	500000000	0	BUSHY	query-SUBJECT_SUBJECT_JOIN-1-1-0.01-0.09.sparql	SUBJECT_SUBJECT_JOIN	1	1	0.01	6099
HASH	20	500000000	0	BUSHY	query-SUBJECT_SUBJECT_JOIN-7-3-0.01-0.09.sparql	SUBJECT_SUBJECT_JOIN	7	3	0.01	8409
HASH	20	500000000	0	BUSHY	query-SUBJECT_OBJECT_JOIN-1-1-0.001-0.009.sparql	SUBJECT_OBJECT_JOIN	1	1	0.001	6493
HASH	20	500000000	0	BUSHY	query-SUBJECT_OBJECT_JOIN-7-3-0.001-0.009.sparql	SUBJECT_OBJECT_JOIN	7	3	0.001	33485
HASH	20	500000000	0	BUSHY	query-SUBJECT_SUBJECT_JOIN-7-3-0.001-0.009.sparql	SUBJECT_SUBJECT_JOIN	7	3	0.001	32110
HASH	20	500000000	0	BUSHY	query-SUBJECT_OBJECT_JOIN-7-3-0.01-0.09.sparql	SUBJECT_OBJECT_JOIN	7	3	0.01	2902176
HASH	20	500000000	0	BUSHY	query-SUBJECT_SUBJECT_JOIN-7-1-0.001-0.009.sparql	SUBJECT_SUBJECT_JOIN	7	1	0.001	31301
HASH	20	500000000	0	BUSHY	query-SUBJECT_SUBJECT_JOIN-7-1-0.01-0.09.sparql	SUBJECT_SUBJECT_JOIN	7	1	0.01	33095
HASH	20	500000000	0	BUSHY	query-SUBJECT_OBJECT_JOIN-7-1-0.001-0.009.sparql	SUBJECT_OBJECT_JOIN	7	1	0.001	102419
HASH	20	2000000000	0	LEFT_LINEAR	query-SUBJECT_OBJECT_JOIN-1-1-0.01-0.09.sparql	SUBJECT_OBJECT_JOIN	1	1	0.01	17531
HASH	20	2000000000	0	LEFT_LINEAR	query-SUBJECT_SUBJECT_JOIN-1-1-0.001-0.009.sparql	SUBJECT_SUBJECT_JOIN	1	1	0.001	43459
HASH	20	2000000000	0	LEFT_LINEAR	query-SUBJECT_OBJECT_JOIN-7-1-0.01-0.09.sparql	SUBJECT_OBJECT_JOIN	7	1	0.01	130988
HASH	20	2000000000	0	LEFT_LINEAR	query-SUBJECT_SUBJECT_JOIN-1-1-0.01-0.09.sparql	SUBJECT_SUBJECT_JOIN	1	1	0.01	9264
HASH	20	2000000000	0	LEFT_LINEAR	query-SUBJECT_SUBJECT_JOIN-7-3-0.01-0.09.sparql	SUBJECT_SUBJECT_JOIN	7	3	0.01	15236
HASH	20	2000000000	0	LEFT_LINEAR	query-SUBJECT_OBJECT_JOIN-1-1-0.001-0.009.sparql	SUBJECT_OBJECT_JOIN	1	1	0.001	6218
HASH	20	2000000000	0	LEFT_LINEAR	query-SUBJECT_OBJECT_JOIN-7-3-0.001-0.009.sparql	SUBJECT_OBJECT_JOIN	7	3	0.001	516013
HASH	20	2000000000	0	LEFT_LINEAR	query-SUBJECT_SUBJECT_JOIN-7-3-0.001-0.009.sparql	SUBJECT_SUBJECT_JOIN	7	3	0.001	607009
HASH	20	2000000000	0	LEFT_LINEAR	query-SUBJECT_OBJECT_JOIN-7-3-0.01-0.09.sparql	SUBJECT_OBJECT_JOIN	7	3	0.01	2718094
HASH	20	2000000000	0	LEFT_LINEAR	query-SUBJECT_SUBJECT_JOIN-7-1-0.001-0.009.sparql	SUBJECT_SUBJECT_JOIN	7	1	0.001	26253
HASH	20	2000000000	0	LEFT_LINEAR	query-SUBJECT_SUBJECT_JOIN-7-1-0.01-0.09.sparql	SUBJECT_SUBJECT_JOIN	7	1	0.01	29209
HASH	20	2000000000	0	LEFT_LINEAR	query-SUBJECT_OBJECT_JOIN-7-1-0.001-0.009.sparql	SUBJECT_OBJECT_JOIN	7	1	0.001	232810
HASH	20	2000000000	0	RIGHT_LINEAR	query-SUBJECT_OBJECT_JOIN-1-1-0.01-0.09.sparql	SUBJECT_OBJECT_JOIN	1	1	0.01	15176
HASH	20	2000000000	0	RIGHT_LINEAR	query-SUBJECT_SUBJECT_JOIN-1-1-0.001-0.009.sparql	SUBJECT_SUBJECT_JOIN	1	1	0.001	46527
HASH	20	2000000000	0	RIGHT_LINEAR	query-SUBJECT_OBJECT_JOIN-7-1-0.01-0.09.sparql	SUBJECT_OBJECT_JOIN	7	1	0.01	145378
HASH	20	2000000000	0	RIGHT_LINEAR	query-SUBJECT_SUBJECT_JOIN-1-1-0.01-0.09.sparql	SUBJECT_SUBJECT_JOIN	1	1	0.01	9333
HASH	20	2000000000	0	RIGHT_LINEAR	query-SUBJECT_SUBJECT_JOIN-7-3-0.01-0.09.sparql	SUBJECT_SUBJECT_JOIN	7	3	0.01	17149
HASH	20	2000000000	0	RIGHT_LINEAR	query-SUBJECT_OBJECT_JOIN-1-1-0.001-0.009.sparql	SUBJECT_OBJECT_JOIN	1	1	0.001	6238
HASH	20	2000000000	0	RIGHT_LINEAR	query-SUBJECT_OBJECT_JOIN-7-3-0.001-0.009.sparql	SUBJECT_OBJECT_JOIN	7	3	0.001	23123
HASH	20	2000000000	0	RIGHT_LINEAR	query-SUBJECT_SUBJECT_JOIN-7-3-0.001-0.009.sparql	SUBJECT_SUBJECT_JOIN	7	3	0.001	41654
HASH	20	2000000000	0	RIGHT_LINEAR	query-SUBJECT_OBJECT_JOIN-7-3-0.01-0.09.sparql	SUBJECT_OBJECT_JOIN	7	3	0.01	2266012
HASH	20	2000000000	0	RIGHT_LINEAR	query-SUBJECT_SUBJECT_JOIN-7-1-0.001-0.009.sparql	SUBJECT_SUBJECT_JOIN	7	1	0.001	56903
HASH	20	2000000000	0	RIGHT_LINEAR	query-SUBJECT_SUBJECT_JOIN-7-1-0.01-0.09.sparql	SUBJECT_SUBJECT_JOIN	7	1	0.01	51204
HASH	20	2000000000	0	RIGHT_LINEAR	query-SUBJECT_OBJECT_JOIN-7-1-0.001-0.009.sparql	SUBJECT_OBJECT_JOIN	7	1	0.001	3093955
HASH	20	2000000000	0	BUSHY	query-SUBJECT_OBJECT_JOIN-1-1-0.01-0.09.sparql	SUBJECT_OBJECT_JOIN	1	1	0.01	20993
HASH	20	2000000000	0	BUSHY	query-SUBJECT_SUBJECT_JOIN-1-1-0.001-0.009.sparql	SUBJECT_SUBJECT_JOIN	1	1	0.001	43777
HASH	20	2000000000	0	BUSHY	query-SUBJECT_OBJECT_JOIN-7-1-0.01-0.09.sparql	SUBJECT_OBJECT_JOIN	7	1	0.01	67565
HASH	20	2000000000	0	BUSHY	query-SUBJECT_SUBJECT_JOIN-1-1-0.01-0.09.sparql	SUBJECT_SUBJECT_JOIN	1	1	0.01	9365
HASH	20	2000000000	0	BUSHY	query-SUBJECT_SUBJECT_JOIN-7-3-0.01-0.09.sparql	SUBJECT_SUBJECT_JOIN	7	3	0.01	16053
HASH	20	2000000000	0	BUSHY	query-SUBJECT_OBJECT_JOIN-1-1-0.001-0.009.sparql	SUBJECT_OBJECT_JOIN	1	1	0.001	6229
HASH	20	2000000000	0	BUSHY	query-SUBJECT_OBJECT_JOIN-7-3-0.001-0.009.sparql	SUBJECT_OBJECT_JOIN	7	3	0.001	50147
HASH	20	2000000000	0	BUSHY	query-SUBJECT_SUBJECT_JOIN-7-3-0.001-0.009.sparql	SUBJECT_SUBJECT_JOIN	7	3	0.001	40923
HASH	20	2000000000	0	BUSHY	query-SUBJECT_OBJECT_JOIN-7-3-0.01-0.09.sparql	SUBJECT_OBJECT_JOIN	7	3	0.01	2573984
HASH	20	2000000000	0	BUSHY	query-SUBJECT_SUBJECT_JOIN-7-1-0.001-0.009.sparql	SUBJECT_SUBJECT_JOIN	7	1	0.001	36048
HASH	20	2000000000	0	BUSHY	query-SUBJECT_SUBJECT_JOIN-7-1-0.01-0.09.sparql	SUBJECT_SUBJECT_JOIN	7	1	0.01	35051
HASH	20	2000000000	0	BUSHY	query-SUBJECT_OBJECT_JOIN-7-1-0.001-0.009.sparql	SUBJECT_OBJECT_JOIN	7	1	0.001	1523603
MOLECULE_HASH (diameter=2)	10	1000000000	0	BUSHY	query-SUBJECT_OBJECT_JOIN-1-1-0.01-0.09.sparql	SUBJECT_OBJECT_JOIN	1	1	0.01	13295
MOLECULE_HASH (diameter=2)	10	1000000000	0	BUSHY	query-SUBJECT_SUBJECT_JOIN-1-1-0.001-0.009.sparql	SUBJECT_SUBJECT_JOIN	1	1	0.001	44253
MOLECULE_HASH (diameter=2)	10	1000000000	0	BUSHY	query-SUBJECT_OBJECT_JOIN-7-1-0.01-0.09.sparql	SUBJECT_OBJECT_JOIN	7	1	0.01	39428
MOLECULE_HASH (diameter=2)	10	1000000000	0	BUSHY	query-SUBJECT_SUBJECT_JOIN-1-1-0.01-0.09.sparql	SUBJECT_SUBJECT_JOIN	1	1	0.01	3749
MOLECULE_HASH (diameter=2)	10	1000000000	0	BUSHY	query-SUBJECT_SUBJECT_JOIN-7-3-0.01-0.09.sparql	SUBJECT_SUBJECT_JOIN	7	3	0.01	10173
MOLECULE_HASH (diameter=2)	10	1000000000	0	BUSHY	query-SUBJECT_OBJECT_JOIN-1-1-0.001-0.009.sparql	SUBJECT_OBJECT_JOIN	1	1	0.001	3009
MOLECULE_HASH (diameter=2)	10	1000000000	0	BUSHY	query-SUBJECT_OBJECT_JOIN-7-3-0.001-0.009.sparql	SUBJECT_OBJECT_JOIN	7	3	0.001	56228
MOLECULE_HASH (diameter=2)	10	1000000000	0	BUSHY	query-SUBJECT_SUBJECT_JOIN-7-3-0.001-0.009.sparql	SUBJECT_SUBJECT_JOIN	7	3	0.001	44681
MOLECULE_HASH (diameter=2)	10	1000000000	0	BUSHY	query-SUBJECT_OBJECT_JOIN-7-3-0.01-0.09.sparql	SUBJECT_OBJECT_JOIN	7	3	0.01	2209500
MOLECULE_HASH (diameter=2)	10	1000000000	0	BUSHY	query-SUBJECT_SUBJECT_JOIN-7-1-0.001-0.009.sparql	SUBJECT_SUBJECT_JOIN	7	1	0.001	29787
MOLECULE_HASH (diameter=2)	10	1000000000	0	BUSHY	query-SUBJECT_SUBJECT_JOIN-7-1-0.01-0.09.sparql	SUBJECT_SUBJECT_JOIN	7	1	0.01	29266
MOLECULE_HASH (diameter=2)	10	1000000000	0	BUSHY	query-SUBJECT_OBJECT_JOIN-7-1-0.001-0.009.sparql	SUBJECT_OBJECT_JOIN	7	1	0.001	169717
MOLECULE_HASH (diameter=3)	10	1000000000	0	BUSHY	query-SUBJECT_OBJECT_JOIN-1-1-0.01-0.09.sparql	SUBJECT_OBJECT_JOIN	1	1	0.01	15000
MOLECULE_HASH (diameter=3)	10	1000000000	0	BUSHY	query-SUBJECT_SUBJECT_JOIN-1-1-0.001-0.009.sparql	SUBJECT_SUBJECT_JOIN	1	1	0.001	34255
MOLECULE_HASH (diameter=3)	10	1000000000	0	BUSHY	query-SUBJECT_OBJECT_JOIN-7-1-0.01-0.09.sparql	SUBJECT_OBJECT_JOIN	7	1	0.01	34348
MOLECULE_HASH (diameter=3)	10	1000000000	0	BUSHY	query-SUBJECT_SUBJECT_JOIN-1-1-0.01-0.09.sparql	SUBJECT_SUBJECT_JOIN	1	1	0.01	3176
MOLECULE_HASH (diameter=3)	10	1000000000	0	BUSHY	query-SUBJECT_SUBJECT_JOIN-7-3-0.01-0.09.sparql	SUBJECT_SUBJECT_JOIN	7	3	0.01	13717
MOLECULE_HASH (diameter=3)	10	1000000000	0	BUSHY	query-SUBJECT_OBJECT_JOIN-1-1-0.001-0.009.sparql	SUBJECT_OBJECT_JOIN	1	1	0.001	2604
MOLECULE_HASH (diameter=3)	10	1000000000	0	BUSHY	query-SUBJECT_OBJECT_JOIN-7-3-0.001-0.009.sparql	SUBJECT_OBJECT_JOIN	7	3	0.001	46322
MOLECULE_HASH (diameter=3)	10	1000000000	0	BUSHY	query-SUBJECT_SUBJECT_JOIN-7-3-0.001-0.009.sparql	SUBJECT_SUBJECT_JOIN	7	3	0.001	44222
MOLECULE_HASH (diameter=3)	10	1000000000	0	BUSHY	query-SUBJECT_OBJECT_JOIN-7-3-0.01-0.09.sparql	SUBJECT_OBJECT_JOIN	7	3	0.01	1941793
MOLECULE_HASH (diameter=3)	10	1000000000	0	BUSHY	query-SUBJECT_SUBJECT_JOIN-7-1-0.001-0.009.sparql	SUBJECT_SUBJECT_JOIN	7	1	0.001	25310
MOLECULE_HASH (diameter=3)	10	1000000000	0	BUSHY	query-SUBJECT_SUBJECT_JOIN-7-1-0.01-0.09.sparql	SUBJECT_SUBJECT_JOIN	7	1	0.01	26295
MOLECULE_HASH (diameter=3)	10	1000000000	0	BUSHY	query-SUBJECT_OBJECT_JOIN-7-1-0.001-0.009.sparql	SUBJECT_OBJECT_JOIN	7	1	0.001	112660
MOLECULE_HASH (diameter=4)	10	1000000000	0	BUSHY	query-SUBJECT_OBJECT_JOIN-1-1-0.01-0.09.sparql	SUBJECT_OBJECT_JOIN	1	1	0.01	14903
MOLECULE_HASH (diameter=4)	10	1000000000	0	BUSHY	query-SUBJECT_SUBJECT_JOIN-1-1-0.001-0.009.sparql	SUBJECT_SUBJECT_JOIN	1	1	0.001	40175
MOLECULE_HASH (diameter=4)	10	1000000000	0	BUSHY	query-SUBJECT_OBJECT_JOIN-7-1-0.01-0.09.sparql	SUBJECT_OBJECT_JOIN	7	1	0.01	33320
MOLECULE_HASH (diameter=4)	10	1000000000	0	BUSHY	query-SUBJECT_SUBJECT_JOIN-1-1-0.01-0.09.sparql	SUBJECT_SUBJECT_JOIN	1	1	0.01	3587
MOLECULE_HASH (diameter=4)	10	1000000000	0	BUSHY	query-SUBJECT_SUBJECT_JOIN-7-3-0.01-0.09.sparql	SUBJECT_SUBJECT_JOIN	7	3	0.01	11418
MOLECULE_HASH (diameter=4)	10	1000000000	0	BUSHY	query-SUBJECT_OBJECT_JOIN-1-1-0.001-0.009.sparql	SUBJECT_OBJECT_JOIN	1	1	0.001	1104
MOLECULE_HASH (diameter=4)	10	1000000000	0	BUSHY	query-SUBJECT_OBJECT_JOIN-7-3-0.001-0.009.sparql	SUBJECT_OBJECT_JOIN	7	3	0.001	55815
MOLECULE_HASH (diameter=4)	10	1000000000	0	BUSHY	query-SUBJECT_SUBJECT_JOIN-7-3-0.001-0.009.sparql	SUBJECT_SUBJECT_JOIN	7	3	0.001	45624
MOLECULE_HASH (diameter=4)	10	1000000000	0	BUSHY	query-SUBJECT_OBJECT_JOIN-7-3-0.01-0.09.sparql	SUBJECT_OBJECT_JOIN	7	3	0.01	1872930
MOLECULE_HASH (diameter=4)	10	1000000000	0	BUSHY	query-SUBJECT_SUBJECT_JOIN-7-1-0.001-0.009.sparql	SUBJECT_SUBJECT_JOIN	7	1	0.001	27050
MOLECULE_HASH (diameter=4)	10	1000000000	0	BUSHY	query-SUBJECT_SUBJECT_JOIN-7-1-0.01-0.09.sparql	SUBJECT_SUBJECT_JOIN	7	1	0.01	28291
MOLECULE_HASH (diameter=4)	10	1000000000	0	BUSHY	query-SUBJECT_OBJECT_JOIN-7-1-0.001-0.009.sparql	SUBJECT_OBJECT_JOIN	7	1	0.001	109292
MOLECULE_HASH (diameter=5)	10	1000000000	0	BUSHY	query-SUBJECT_OBJECT_JOIN-1-1-0.01-0.09.sparql	SUBJECT_OBJECT_JOIN	1	1	0.01	17283
MOLECULE_HASH (diameter=5)	10	1000000000	0	BUSHY	query-SUBJECT_SUBJECT_JOIN-1-1-0.001-0.009.sparql	SUBJECT_SUBJECT_JOIN	1	1	0.001	42446
MOLECULE_HASH (diameter=5)	10	1000000000	0	BUSHY	query-SUBJECT_OBJECT_JOIN-7-1-0.01-0.09.sparql	SUBJECT_OBJECT_JOIN	7	1	0.01	31742
MOLECULE_HASH (diameter=5)	10	1000000000	0	BUSHY	query-SUBJECT_SUBJECT_JOIN-1-1-0.01-0.09.sparql	SUBJECT_SUBJECT_JOIN	1	1	0.01	3536
MOLECULE_HASH (diameter=5)	10	1000000000	0	BUSHY	query-SUBJECT_SUBJECT_JOIN-7-3-0.01-0.09.sparql	SUBJECT_SUBJECT_JOIN	7	3	0.01	11515
MOLECULE_HASH (diameter=5)	10	1000000000	0	BUSHY	query-SUBJECT_OBJECT_JOIN-1-1-0.001-0.009.sparql	SUBJECT_OBJECT_JOIN	1	1	0.001	1202
MOLECULE_HASH (diameter=5)	10	1000000000	0	BUSHY	query-SUBJECT_OBJECT_JOIN-7-3-0.001-0.009.sparql	SUBJECT_OBJECT_JOIN	7	3	0.001	57588
MOLECULE_HASH (diameter=5)	10	1000000000	0	BUSHY	query-SUBJECT_SUBJECT_JOIN-7-3-0.001-0.009.sparql	SUBJECT_SUBJECT_JOIN	7	3	0.001	45058
MOLECULE_HASH (diameter=5)	10	1000000000	0	BUSHY	query-SUBJECT_OBJECT_JOIN-7-3-0.01-0.09.sparql	SUBJECT_OBJECT_JOIN	7	3	0.01	1910698
MOLECULE_HASH (diameter=5)	10	1000000000	0	BUSHY	query-SUBJECT_SUBJECT_JOIN-7-1-0.001-0.009.sparql	SUBJECT_SUBJECT_JOIN	7	1	0.001	27959
MOLECULE_HASH (diameter=5)	10	1000000000	0	BUSHY	query-SUBJECT_SUBJECT_JOIN-7-1-0.01-0.09.sparql	SUBJECT_SUBJECT_JOIN	7	1	0.01	27778
MOLECULE_HASH (diameter=5)	10	1000000000	0	BUSHY	query-SUBJECT_OBJECT_JOIN-7-1-0.001-0.009.sparql	SUBJECT_OBJECT_JOIN	7	1	0.001	107506
MOLECULE_HASH (diameter=6)	10	1000000000	0	BUSHY	query-SUBJECT_OBJECT_JOIN-1-1-0.01-0.09.sparql	SUBJECT_OBJECT_JOIN	1	1	0.01	15965
MOLECULE_HASH (diameter=6)	10	1000000000	0	BUSHY	query-SUBJECT_SUBJECT_JOIN-1-1-0.001-0.009.sparql	SUBJECT_SUBJECT_JOIN	1	1	0.001	36141
MOLECULE_HASH (diameter=6)	10	1000000000	0	BUSHY	query-SUBJECT_OBJECT_JOIN-7-1-0.01-0.09.sparql	SUBJECT_OBJECT_JOIN	7	1	0.01	33540
MOLECULE_HASH (diameter=6)	10	1000000000	0	BUSHY	query-SUBJECT_SUBJECT_JOIN-1-1-0.01-0.09.sparql	SUBJECT_SUBJECT_JOIN	1	1	0.01	2955
MOLECULE_HASH (diameter=6)	10	1000000000	0	BUSHY	query-SUBJECT_SUBJECT_JOIN-7-3-0.01-0.09.sparql	SUBJECT_SUBJECT_JOIN	7	3	0.01	12813
MOLECULE_HASH (diameter=6)	10	1000000000	0	BUSHY	query-SUBJECT_OBJECT_JOIN-1-1-0.001-0.009.sparql	SUBJECT_OBJECT_JOIN	1	1	0.001	2705
MOLECULE_HASH (diameter=6)	10	1000000000	0	BUSHY	query-SUBJECT_OBJECT_JOIN-7-3-0.001-0.009.sparql	SUBJECT_OBJECT_JOIN	7	3	0.001	54767
MOLECULE_HASH (diameter=6)	10	1000000000	0	BUSHY	query-SUBJECT_SUBJECT_JOIN-7-3-0.001-0.009.sparql	SUBJECT_SUBJECT_JOIN	7	3	0.001	35726
MOLECULE_HASH (diameter=6)	10	1000000000	0	BUSHY	query-SUBJECT_OBJECT_JOIN-7-3-0.01-0.09.sparql	SUBJECT_OBJECT_JOIN	7	3	0.01	1884780
MOLECULE_HASH (diameter=6)	10	1000000000	0	BUSHY	query-SUBJECT_SUBJECT_JOIN-7-1-0.001-0.009.sparql	SUBJECT_SUBJECT_JOIN	7	1	0.001	25438
MOLECULE_HASH (diameter=6)	10	1000000000	0	BUSHY	query-SUBJECT_SUBJECT_JOIN-7-1-0.01-0.09.sparql	SUBJECT_SUBJECT_JOIN	7	1	0.01	26130
MOLECULE_HASH (diameter=6)	10	1000000000	0	BUSHY	query-SUBJECT_OBJECT_JOIN-7-1-0.001-0.009.sparql	SUBJECT_OBJECT_JOIN	7	1	0.001	104442
MOLECULE_HASH (diameter=7)	10	1000000000	0	BUSHY	query-SUBJECT_OBJECT_JOIN-1-1-0.01-0.09.sparql	SUBJECT_OBJECT_JOIN	1	1	0.01	16096
MOLECULE_HASH (diameter=7)	10	1000000000	0	BUSHY	query-SUBJECT_SUBJECT_JOIN-1-1-0.001-0.009.sparql	SUBJECT_SUBJECT_JOIN	1	1	0.001	46607
MOLECULE_HASH (diameter=7)	10	1000000000	0	BUSHY	query-SUBJECT_OBJECT_JOIN-7-1-0.01-0.09.sparql	SUBJECT_OBJECT_JOIN	7	1	0.01	35909
MOLECULE_HASH (diameter=7)	10	1000000000	0	BUSHY	query-SUBJECT_SUBJECT_JOIN-1-1-0.01-0.09.sparql	SUBJECT_SUBJECT_JOIN	1	1	0.01	3288
MOLECULE_HASH (diameter=7)	10	1000000000	0	BUSHY	query-SUBJECT_SUBJECT_JOIN-7-3-0.01-0.09.sparql	SUBJECT_SUBJECT_JOIN	7	3	0.01	11214
MOLECULE_HASH (diameter=7)	10	1000000000	0	BUSHY	query-SUBJECT_OBJECT_JOIN-1-1-0.001-0.009.sparql	SUBJECT_OBJECT_JOIN	1	1	0.001	904
MOLECULE_HASH (diameter=7)	10	1000000000	0	BUSHY	query-SUBJECT_OBJECT_JOIN-7-3-0.001-0.009.sparql	SUBJECT_OBJECT_JOIN	7	3	0.001	65313
MOLECULE_HASH (diameter=7)	10	1000000000	0	BUSHY	query-SUBJECT_SUBJECT_JOIN-7-3-0.001-0.009.sparql	SUBJECT_SUBJECT_JOIN	7	3	0.001	40867
MOLECULE_HASH (diameter=7)	10	1000000000	0	BUSHY	query-SUBJECT_OBJECT_JOIN-7-3-0.01-0.09.sparql	SUBJECT_OBJECT_JOIN	7	3	0.01	1857217
MOLECULE_HASH (diameter=7)	10	1000000000	0	BUSHY	query-SUBJECT_SUBJECT_JOIN-7-1-0.001-0.009.sparql	SUBJECT_SUBJECT_JOIN	7	1	0.001	26548
MOLECULE_HASH (diameter=7)	10	1000000000	0	BUSHY	query-SUBJECT_SUBJECT_JOIN-7-1-0.01-0.09.sparql	SUBJECT_SUBJECT_JOIN	7	1	0.01	27937
MOLECULE_HASH (diameter=7)	10	1000000000	0	BUSHY	query-SUBJECT_OBJECT_JOIN-7-1-0.001-0.009.sparql	SUBJECT_OBJECT_JOIN	7	1	0.001	104258
MOLECULE_HASH (diameter=3)	20	1000000000	0	BUSHY	query-SUBJECT_OBJECT_JOIN-1-1-0.01-0.09.sparql	SUBJECT_OBJECT_JOIN	1	1	0.01	10281
MOLECULE_HASH (diameter=3)	20	1000000000	0	BUSHY	query-SUBJECT_SUBJECT_JOIN-1-1-0.001-0.009.sparql	SUBJECT_SUBJECT_JOIN	1	1	0.001	41200
MOLECULE_HASH (diameter=3)	20	1000000000	0	BUSHY	query-SUBJECT_OBJECT_JOIN-7-1-0.01-0.09.sparql	SUBJECT_OBJECT_JOIN	7	1	0.01	47327
MOLECULE_HASH (diameter=3)	20	1000000000	0	BUSHY	query-SUBJECT_SUBJECT_JOIN-1-1-0.01-0.09.sparql	SUBJECT_SUBJECT_JOIN	1	1	0.01	4564
MOLECULE_HASH (diameter=3)	20	1000000000	0	BUSHY	query-SUBJECT_SUBJECT_JOIN-7-3-0.01-0.09.sparql	SUBJECT_SUBJECT_JOIN	7	3	0.01	9411
MOLECULE_HASH (diameter=3)	20	1000000000	0	BUSHY	query-SUBJECT_OBJECT_JOIN-1-1-0.001-0.009.sparql	SUBJECT_OBJECT_JOIN	1	1	0.001	5541
MOLECULE_HASH (diameter=3)	20	1000000000	0	BUSHY	query-SUBJECT_OBJECT_JOIN-7-3-0.001-0.009.sparql	SUBJECT_OBJECT_JOIN	7	3	0.001	45209
MOLECULE_HASH (diameter=3)	20	1000000000	0	BUSHY	query-SUBJECT_SUBJECT_JOIN-7-3-0.001-0.009.sparql	SUBJECT_SUBJECT_JOIN	7	3	0.001	38786
MOLECULE_HASH (diameter=3)	20	1000000000	0	BUSHY	query-SUBJECT_OBJECT_JOIN-7-3-0.01-0.09.sparql	SUBJECT_OBJECT_JOIN	7	3	0.01	2956216
MOLECULE_HASH (diameter=3)	20	1000000000	0	BUSHY	query-SUBJECT_SUBJECT_JOIN-7-1-0.001-0.009.sparql	SUBJECT_SUBJECT_JOIN	7	1	0.001	29544
MOLECULE_HASH (diameter=3)	20	1000000000	0	BUSHY	query-SUBJECT_SUBJECT_JOIN-7-1-0.01-0.09.sparql	SUBJECT_SUBJECT_JOIN	7	1	0.01	29716
MOLECULE_HASH (diameter=3)	20	1000000000	0	BUSHY	query-SUBJECT_OBJECT_JOIN-7-1-0.001-0.009.sparql	SUBJECT_OBJECT_JOIN	7	1	0.001	92648
MOLECULE_HASH (diameter=3)	40	1000000000	0	BUSHY	query-SUBJECT_OBJECT_JOIN-1-1-0.01-0.09.sparql	SUBJECT_OBJECT_JOIN	1	1	0.01	14358
MOLECULE_HASH (diameter=3)	40	1000000000	0	BUSHY	query-SUBJECT_SUBJECT_JOIN-1-1-0.001-0.009.sparql	SUBJECT_SUBJECT_JOIN	1	1	0.001	56810
MOLECULE_HASH (diameter=3)	40	1000000000	0	BUSHY	query-SUBJECT_OBJECT_JOIN-7-1-0.01-0.09.sparql	SUBJECT_OBJECT_JOIN	7	1	0.01	78705
MOLECULE_HASH (diameter=3)	40	1000000000	0	BUSHY	query-SUBJECT_SUBJECT_JOIN-1-1-0.01-0.09.sparql	SUBJECT_SUBJECT_JOIN	1	1	0.01	8847
MOLECULE_HASH (diameter=3)	40	1000000000	0	BUSHY	query-SUBJECT_SUBJECT_JOIN-7-3-0.01-0.09.sparql	SUBJECT_SUBJECT_JOIN	7	3	0.01	9018
MOLECULE_HASH (diameter=3)	40	1000000000	0	BUSHY	query-SUBJECT_OBJECT_JOIN-1-1-0.001-0.009.sparql	SUBJECT_OBJECT_JOIN	1	1	0.001	12145
MOLECULE_HASH (diameter=3)	40	1000000000	0	BUSHY	query-SUBJECT_OBJECT_JOIN-7-3-0.001-0.009.sparql	SUBJECT_OBJECT_JOIN	7	3	0.001	87319
MOLECULE_HASH (diameter=3)	40	1000000000	0	BUSHY	query-SUBJECT_SUBJECT_JOIN-7-3-0.001-0.009.sparql	SUBJECT_SUBJECT_JOIN	7	3	0.001	50147
MOLECULE_HASH (diameter=3)	40	1000000000	0	BUSHY	query-SUBJECT_OBJECT_JOIN-7-3-0.01-0.09.sparql	SUBJECT_OBJECT_JOIN	7	3	0.01	3677547
MOLECULE_HASH (diameter=3)	40	1000000000	0	BUSHY	query-SUBJECT_SUBJECT_JOIN-7-1-0.001-0.009.sparql	SUBJECT_SUBJECT_JOIN	7	1	0.001	55122
MOLECULE_HASH (diameter=3)	40	1000000000	0	BUSHY	query-SUBJECT_SUBJECT_JOIN-7-1-0.01-0.09.sparql	SUBJECT_SUBJECT_JOIN	7	1	0.01	81245
MOLECULE_HASH (diameter=3)	40	1000000000	0	BUSHY	query-SUBJECT_OBJECT_JOIN-7-1-0.001-0.009.sparql	SUBJECT_OBJECT_JOIN	7	1	0.001	120886
MOLECULE_HASH (diameter=3)	20	500000000	0	BUSHY	query-SUBJECT_OBJECT_JOIN-1-1-0.01-0.09.sparql	SUBJECT_OBJECT_JOIN	1	1	0.01	8924
MOLECULE_HASH (diameter=3)	20	500000000	0	BUSHY	query-SUBJECT_SUBJECT_JOIN-1-1-0.001-0.009.sparql	SUBJECT_SUBJECT_JOIN	1	1	0.001	36681
MOLECULE_HASH (diameter=3)	20	500000000	0	BUSHY	query-SUBJECT_OBJECT_JOIN-7-1-0.01-0.09.sparql	SUBJECT_OBJECT_JOIN	7	1	0.01	44001
MOLECULE_HASH (diameter=3)	20	500000000	0	BUSHY	query-SUBJECT_SUBJECT_JOIN-1-1-0.01-0.09.sparql	SUBJECT_SUBJECT_JOIN	1	1	0.01	4606
MOLECULE_HASH (diameter=3)	20	500000000	0	BUSHY	query-SUBJECT_SUBJECT_JOIN-7-3-0.01-0.09.sparql	SUBJECT_SUBJECT_JOIN	7	3	0.01	8215
MOLECULE_HASH (diameter=3)	20	500000000	0	BUSHY	query-SUBJECT_OBJECT_JOIN-1-1-0.001-0.009.sparql	SUBJECT_OBJECT_JOIN	1	1	0.001	6123
MOLECULE_HASH (diameter=3)	20	500000000	0	BUSHY	query-SUBJECT_OBJECT_JOIN-7-3-0.001-0.009.sparql	SUBJECT_OBJECT_JOIN	7	3	0.001	53939
MOLECULE_HASH (diameter=3)	20	500000000	0	BUSHY	query-SUBJECT_SUBJECT_JOIN-7-3-0.001-0.009.sparql	SUBJECT_SUBJECT_JOIN	7	3	0.001	41894
MOLECULE_HASH (diameter=3)	20	500000000	0	BUSHY	query-SUBJECT_OBJECT_JOIN-7-3-0.01-0.09.sparql	SUBJECT_OBJECT_JOIN	7	3	0.01	2894805
MOLECULE_HASH (diameter=3)	20	500000000	0	BUSHY	query-SUBJECT_SUBJECT_JOIN-7-1-0.001-0.009.sparql	SUBJECT_SUBJECT_JOIN	7	1	0.001	36237
MOLECULE_HASH (diameter=3)	20	500000000	0	BUSHY	query-SUBJECT_SUBJECT_JOIN-7-1-0.01-0.09.sparql	SUBJECT_SUBJECT_JOIN	7	1	0.01	38856
MOLECULE_HASH (diameter=3)	20	500000000	0	BUSHY	query-SUBJECT_OBJECT_JOIN-7-1-0.001-0.009.sparql	SUBJECT_OBJECT_JOIN	7	1	0.001	71744
MOLECULE_HASH (diameter=3)	20	2000000000	0	BUSHY	query-SUBJECT_OBJECT_JOIN-1-1-0.01-0.09.sparql	SUBJECT_OBJECT_JOIN	1	1	0.01	18325
MOLECULE_HASH (diameter=3)	20	2000000000	0	BUSHY	query-SUBJECT_SUBJECT_JOIN-1-1-0.001-0.009.sparql	SUBJECT_SUBJECT_JOIN	1	1	0.001	41627
MOLECULE_HASH (diameter=3)	20	2000000000	0	BUSHY	query-SUBJECT_OBJECT_JOIN-7-1-0.01-0.09.sparql	SUBJECT_OBJECT_JOIN	7	1	0.01	58016
MOLECULE_HASH (diameter=3)	20	2000000000	0	BUSHY	query-SUBJECT_SUBJECT_JOIN-1-1-0.01-0.09.sparql	SUBJECT_SUBJECT_JOIN	1	1	0.01	5162
MOLECULE_HASH (diameter=3)	20	2000000000	0	BUSHY	query-SUBJECT_SUBJECT_JOIN-7-3-0.01-0.09.sparql	SUBJECT_SUBJECT_JOIN	7	3	0.01	17420
MOLECULE_HASH (diameter=3)	20	2000000000	0	BUSHY	query-SUBJECT_OBJECT_JOIN-1-1-0.001-0.009.sparql	SUBJECT_OBJECT_JOIN	1	1	0.001	6109
MOLECULE_HASH (diameter=3)	20	2000000000	0	BUSHY	query-SUBJECT_OBJECT_JOIN-7-3-0.001-0.009.sparql	SUBJECT_OBJECT_JOIN	7	3	0.001	44748
MOLECULE_HASH (diameter=3)	20	2000000000	0	BUSHY	query-SUBJECT_SUBJECT_JOIN-7-3-0.001-0.009.sparql	SUBJECT_SUBJECT_JOIN	7	3	0.001	44530
MOLECULE_HASH (diameter=3)	20	2000000000	0	BUSHY	query-SUBJECT_OBJECT_JOIN-7-3-0.01-0.09.sparql	SUBJECT_OBJECT_JOIN	7	3	0.01	1597990
MOLECULE_HASH (diameter=3)	20	2000000000	0	BUSHY	query-SUBJECT_SUBJECT_JOIN-7-1-0.001-0.009.sparql	SUBJECT_SUBJECT_JOIN	7	1	0.001	36276
MOLECULE_HASH (diameter=3)	20	2000000000	0	BUSHY	query-SUBJECT_SUBJECT_JOIN-7-1-0.01-0.09.sparql	SUBJECT_SUBJECT_JOIN	7	1	0.01	33272
MOLECULE_HASH (diameter=3)	20	2000000000	0	BUSHY	query-SUBJECT_OBJECT_JOIN-7-1-0.001-0.009.sparql	SUBJECT_OBJECT_JOIN	7	1	0.001	2274014
MEC_OVER	10	1000000000	0	BUSHY	query-SUBJECT_OBJECT_JOIN-1-1-0.01-0.09.sparql	SUBJECT_OBJECT_JOIN	1	1	0.01	79371
MEC_OVER	10	1000000000	0	BUSHY	query-SUBJECT_SUBJECT_JOIN-1-1-0.001-0.009.sparql	SUBJECT_SUBJECT_JOIN	1	1	0.001	39516
MEC_OVER	10	1000000000	0	BUSHY	query-SUBJECT_OBJECT_JOIN-7-1-0.01-0.09.sparql	SUBJECT_OBJECT_JOIN	7	1	0.01	60398
MEC_OVER	10	1000000000	0	BUSHY	query-SUBJECT_SUBJECT_JOIN-1-1-0.01-0.09.sparql	SUBJECT_SUBJECT_JOIN	1	1	0.01	9570
MEC_OVER	10	1000000000	0	BUSHY	query-SUBJECT_SUBJECT_JOIN-7-3-0.01-0.09.sparql	SUBJECT_SUBJECT_JOIN	7	3	0.01	96073
MEC_OVER	10	1000000000	0	BUSHY	query-SUBJECT_OBJECT_JOIN-1-1-0.001-0.009.sparql	SUBJECT_OBJECT_JOIN	1	1	0.001	1909
MEC_OVER	10	1000000000	0	BUSHY	query-SUBJECT_OBJECT_JOIN-7-3-0.001-0.009.sparql	SUBJECT_OBJECT_JOIN	7	3	0.001	32339
MEC_OVER	10	1000000000	0	BUSHY	query-SUBJECT_SUBJECT_JOIN-7-3-0.001-0.009.sparql	SUBJECT_SUBJECT_JOIN	7	3	0.001	28859
MEC_OVER	10	1000000000	0	BUSHY	query-SUBJECT_OBJECT_JOIN-7-3-0.01-0.09.sparql	SUBJECT_OBJECT_JOIN	7	3	0.01	146294
MEC_OVER	10	1000000000	0	BUSHY	query-SUBJECT_SUBJECT_JOIN-7-1-0.001-0.009.sparql	SUBJECT_SUBJECT_JOIN	7	1	0.001	212481
MEC_OVER	10	1000000000	0	BUSHY	query-SUBJECT_SUBJECT_JOIN-7-1-0.01-0.09.sparql	SUBJECT_SUBJECT_JOIN	7	1	0.01	124353
MEC_OVER	10	1000000000	0	BUSHY	query-SUBJECT_OBJECT_JOIN-7-1-0.001-0.009.sparql	SUBJECT_OBJECT_JOIN	7	1	0.001	31338
MIN_EDGE_CUT	20	500000000	0	BUSHY	query-SUBJECT_OBJECT_JOIN-1-1-0.01-0.09.sparql	SUBJECT_OBJECT_JOIN	1	1	0.01	12156
MIN_EDGE_CUT	20	500000000	0	BUSHY	query-SUBJECT_SUBJECT_JOIN-1-1-0.001-0.009.sparql	SUBJECT_SUBJECT_JOIN	1	1	0.001	22410
MIN_EDGE_CUT	20	500000000	0	BUSHY	query-SUBJECT_OBJECT_JOIN-7-1-0.01-0.09.sparql	SUBJECT_OBJECT_JOIN	7	1	0.01	32051
MIN_EDGE_CUT	20	500000000	0	BUSHY	query-SUBJECT_SUBJECT_JOIN-1-1-0.01-0.09.sparql	SUBJECT_SUBJECT_JOIN	1	1	0.01	10579
MIN_EDGE_CUT	20	500000000	0	BUSHY	query-SUBJECT_SUBJECT_JOIN-7-3-0.01-0.09.sparql	SUBJECT_SUBJECT_JOIN	7	3	0.01	32398
MIN_EDGE_CUT	20	500000000	0	BUSHY	query-SUBJECT_OBJECT_JOIN-1-1-0.001-0.009.sparql	SUBJECT_OBJECT_JOIN	1	1	0.001	1104
MIN_EDGE_CUT	20	500000000	0	BUSHY	query-SUBJECT_OBJECT_JOIN-7-3-0.001-0.009.sparql	SUBJECT_OBJECT_JOIN	7	3	0.001	25487
MIN_EDGE_CUT	20	500000000	0	BUSHY	query-SUBJECT_SUBJECT_JOIN-7-3-0.001-0.009.sparql	SUBJECT_SUBJECT_JOIN	7	3	0.001	5707
MIN_EDGE_CUT	20	500000000	0	BUSHY	query-SUBJECT_OBJECT_JOIN-7-3-0.01-0.09.sparql	SUBJECT_OBJECT_JOIN	7	3	0.01	12119
MIN_EDGE_CUT	20	500000000	0	BUSHY	query-SUBJECT_SUBJECT_JOIN-7-1-0.001-0.009.sparql	SUBJECT_SUBJECT_JOIN	7	1	0.001	32948
MIN_EDGE_CUT	20	500000000	0	BUSHY	query-SUBJECT_SUBJECT_JOIN-7-1-0.01-0.09.sparql	SUBJECT_SUBJECT_JOIN	7	1	0.01	32952
MIN_EDGE_CUT	20	500000000	0	BUSHY	query-SUBJECT_OBJECT_JOIN-7-1-0.001-0.009.sparql	SUBJECT_OBJECT_JOIN	7	1	0.001	32939
HIERARCHICAL	10	1000000000	0	LEFT_LINEAR	query-SUBJECT_OBJECT_JOIN-1-1-0.01-0.09.sparql	SUBJECT_OBJECT_JOIN	1	1	0.01	77160
HIERARCHICAL	10	1000000000	0	LEFT_LINEAR	query-SUBJECT_SUBJECT_JOIN-1-1-0.001-0.009.sparql	SUBJECT_SUBJECT_JOIN	1	1	0.001	46966
HIERARCHICAL	10	1000000000	0	LEFT_LINEAR	query-SUBJECT_OBJECT_JOIN-7-1-0.01-0.09.sparql	SUBJECT_OBJECT_JOIN	7	1	0.01	40087
HIERARCHICAL	10	1000000000	0	LEFT_LINEAR	query-SUBJECT_SUBJECT_JOIN-1-1-0.01-0.09.sparql	SUBJECT_SUBJECT_JOIN	1	1	0.01	6785
HIERARCHICAL	10	1000000000	0	LEFT_LINEAR	query-SUBJECT_SUBJECT_JOIN-7-3-0.01-0.09.sparql	SUBJECT_SUBJECT_JOIN	7	3	0.01	27466
HIERARCHICAL	10	1000000000	0	LEFT_LINEAR	query-SUBJECT_OBJECT_JOIN-1-1-0.001-0.009.sparql	SUBJECT_OBJECT_JOIN	1	1	0.001	4625
HIERARCHICAL	10	1000000000	0	LEFT_LINEAR	query-SUBJECT_OBJECT_JOIN-7-3-0.001-0.009.sparql	SUBJECT_OBJECT_JOIN	7	3	0.001	1543888
HIERARCHICAL	10	1000000000	0	LEFT_LINEAR	query-SUBJECT_SUBJECT_JOIN-7-3-0.001-0.009.sparql	SUBJECT_SUBJECT_JOIN	7	3	0.001	28550
HIERARCHICAL	10	1000000000	0	LEFT_LINEAR	query-SUBJECT_OBJECT_JOIN-7-3-0.01-0.09.sparql	SUBJECT_OBJECT_JOIN	7	3	0.01	950994
HIERARCHICAL	10	1000000000	0	LEFT_LINEAR	query-SUBJECT_SUBJECT_JOIN-7-1-0.001-0.009.sparql	SUBJECT_SUBJECT_JOIN	7	1	0.001	36430
HIERARCHICAL	10	1000000000	0	LEFT_LINEAR	query-SUBJECT_SUBJECT_JOIN-7-1-0.01-0.09.sparql	SUBJECT_SUBJECT_JOIN	7	1	0.01	35803
HIERARCHICAL	10	1000000000	0	LEFT_LINEAR	query-SUBJECT_OBJECT_JOIN-7-1-0.001-0.009.sparql	SUBJECT_OBJECT_JOIN	7	1	0.001	102517
HIERARCHICAL	10	1000000000	0	RIGHT_LINEAR	query-SUBJECT_OBJECT_JOIN-1-1-0.01-0.09.sparql	SUBJECT_OBJECT_JOIN	1	1	0.01	15942
HIERARCHICAL	10	1000000000	0	RIGHT_LINEAR	query-SUBJECT_SUBJECT_JOIN-1-1-0.001-0.009.sparql	SUBJECT_SUBJECT_JOIN	1	1	0.001	42293
HIERARCHICAL	10	1000000000	0	RIGHT_LINEAR	query-SUBJECT_OBJECT_JOIN-7-1-0.01-0.09.sparql	SUBJECT_OBJECT_JOIN	7	1	0.01	46096
HIERARCHICAL	10	1000000000	0	RIGHT_LINEAR	query-SUBJECT_SUBJECT_JOIN-1-1-0.01-0.09.sparql	SUBJECT_SUBJECT_JOIN	1	1	0.01	5035
HIERARCHICAL	10	1000000000	0	RIGHT_LINEAR	query-SUBJECT_SUBJECT_JOIN-7-3-0.01-0.09.sparql	SUBJECT_SUBJECT_JOIN	7	3	0.01	28608
HIERARCHICAL	10	1000000000	0	RIGHT_LINEAR	query-SUBJECT_OBJECT_JOIN-1-1-0.001-0.009.sparql	SUBJECT_OBJECT_JOIN	1	1	0.001	3395
HIERARCHICAL	10	1000000000	0	RIGHT_LINEAR	query-SUBJECT_OBJECT_JOIN-7-3-0.001-0.009.sparql	SUBJECT_OBJECT_JOIN	7	3	0.001	36856
HIERARCHICAL	10	1000000000	0	RIGHT_LINEAR	query-SUBJECT_SUBJECT_JOIN-7-3-0.001-0.009.sparql	SUBJECT_SUBJECT_JOIN	7	3	0.001	29021
HIERARCHICAL	10	1000000000	0	RIGHT_LINEAR	query-SUBJECT_OBJECT_JOIN-7-3-0.01-0.09.sparql	SUBJECT_OBJECT_JOIN	7	3	0.01	3448090
HIERARCHICAL	10	1000000000	0	RIGHT_LINEAR	query-SUBJECT_SUBJECT_JOIN-7-1-0.001-0.009.sparql	SUBJECT_SUBJECT_JOIN	7	1	0.001	59859
HIERARCHICAL	10	1000000000	0	RIGHT_LINEAR	query-SUBJECT_SUBJECT_JOIN-7-1-0.01-0.09.sparql	SUBJECT_SUBJECT_JOIN	7	1	0.01	38003
HIERARCHICAL	10	1000000000	0	RIGHT_LINEAR	query-SUBJECT_OBJECT_JOIN-7-1-0.001-0.009.sparql	SUBJECT_OBJECT_JOIN	7	1	0.001	604855
HIERARCHICAL	10	1000000000	0	BUSHY	query-SUBJECT_OBJECT_JOIN-1-1-0.01-0.09.sparql	SUBJECT_OBJECT_JOIN	1	1	0.01	15615
HIERARCHICAL	10	1000000000	0	BUSHY	query-SUBJECT_SUBJECT_JOIN-1-1-0.001-0.009.sparql	SUBJECT_SUBJECT_JOIN	1	1	0.001	41265
HIERARCHICAL	10	1000000000	0	BUSHY	query-SUBJECT_OBJECT_JOIN-7-1-0.01-0.09.sparql	SUBJECT_OBJECT_JOIN	7	1	0.01	44899
HIERARCHICAL	10	1000000000	0	BUSHY	query-SUBJECT_SUBJECT_JOIN-1-1-0.01-0.09.sparql	SUBJECT_SUBJECT_JOIN	1	1	0.01	5090
HIERARCHICAL	10	1000000000	0	BUSHY	query-SUBJECT_SUBJECT_JOIN-7-3-0.01-0.09.sparql	SUBJECT_SUBJECT_JOIN	7	3	0.01	28976
HIERARCHICAL	10	1000000000	0	BUSHY	query-SUBJECT_OBJECT_JOIN-1-1-0.001-0.009.sparql	SUBJECT_OBJECT_JOIN	1	1	0.001	3414
HIERARCHICAL	10	1000000000	0	BUSHY	query-SUBJECT_OBJECT_JOIN-7-3-0.001-0.009.sparql	SUBJECT_OBJECT_JOIN	7	3	0.001	81392
HIERARCHICAL	10	1000000000	0	BUSHY	query-SUBJECT_SUBJECT_JOIN-7-3-0.001-0.009.sparql	SUBJECT_SUBJECT_JOIN	7	3	0.001	29341
HIERARCHICAL	10	1000000000	0	BUSHY	query-SUBJECT_OBJECT_JOIN-7-3-0.01-0.09.sparql	SUBJECT_OBJECT_JOIN	7	3	0.01	2510925
HIERARCHICAL	10	1000000000	0	BUSHY	query-SUBJECT_SUBJECT_JOIN-7-1-0.001-0.009.sparql	SUBJECT_SUBJECT_JOIN	7	1	0.001	28201
HIERARCHICAL	10	1000000000	0	BUSHY	query-SUBJECT_SUBJECT_JOIN-7-1-0.01-0.09.sparql	SUBJECT_SUBJECT_JOIN	7	1	0.01	26686
HIERARCHICAL	10	1000000000	0	BUSHY	query-SUBJECT_OBJECT_JOIN-7-1-0.001-0.009.sparql	SUBJECT_OBJECT_JOIN	7	1	0.001	247656
HIERARCHICAL	20	1000000000	0	LEFT_LINEAR	query-SUBJECT_OBJECT_JOIN-1-1-0.01-0.09.sparql	SUBJECT_OBJECT_JOIN	1	1	0.01	25444
HIERARCHICAL	20	1000000000	0	LEFT_LINEAR	query-SUBJECT_SUBJECT_JOIN-1-1-0.001-0.009.sparql	SUBJECT_SUBJECT_JOIN	1	1	0.001	347205
HIERARCHICAL	20	1000000000	0	LEFT_LINEAR	query-SUBJECT_OBJECT_JOIN-7-1-0.01-0.09.sparql	SUBJECT_OBJECT_JOIN	7	1	0.01	73555
HIERARCHICAL	20	1000000000	0	LEFT_LINEAR	query-SUBJECT_SUBJECT_JOIN-1-1-0.01-0.09.sparql	SUBJECT_SUBJECT_JOIN	1	1	0.01	11810
HIERARCHICAL	20	1000000000	0	LEFT_LINEAR	query-SUBJECT_SUBJECT_JOIN-7-3-0.01-0.09.sparql	SUBJECT_SUBJECT_JOIN	7	3	0.01	59704
HIERARCHICAL	20	1000000000	0	LEFT_LINEAR	query-SUBJECT_OBJECT_JOIN-1-1-0.001-0.009.sparql	SUBJECT_OBJECT_JOIN	1	1	0.001	7910
HIERARCHICAL	20	1000000000	0	LEFT_LINEAR	query-SUBJECT_OBJECT_JOIN-7-3-0.001-0.009.sparql	SUBJECT_OBJECT_JOIN	7	3	0.001	777169
HIERARCHICAL	20	1000000000	0	LEFT_LINEAR	query-SUBJECT_SUBJECT_JOIN-7-3-0.001-0.009.sparql	SUBJECT_SUBJECT_JOIN	7	3	0.001	267662
HIERARCHICAL	20	1000000000	0	LEFT_LINEAR	query-SUBJECT_OBJECT_JOIN-7-3-0.01-0.09.sparql	SUBJECT_OBJECT_JOIN	7	3	0.01	3915712
HIERARCHICAL	20	1000000000	0	LEFT_LINEAR	query-SUBJECT_SUBJECT_JOIN-7-1-0.001-0.009.sparql	SUBJECT_SUBJECT_JOIN	7	1	0.001	37511
HIERARCHICAL	20	1000000000	0	LEFT_LINEAR	query-SUBJECT_SUBJECT_JOIN-7-1-0.01-0.09.sparql	SUBJECT_SUBJECT_JOIN	7	1	0.01	48455
HIERARCHICAL	20	1000000000	0	LEFT_LINEAR	query-SUBJECT_OBJECT_JOIN-7-1-0.001-0.009.sparql	SUBJECT_OBJECT_JOIN	7	1	0.001	79080
HIERARCHICAL	20	1000000000	0	RIGHT_LINEAR	query-SUBJECT_OBJECT_JOIN-1-1-0.01-0.09.sparql	SUBJECT_OBJECT_JOIN	1	1	0.01	12910
HIERARCHICAL	20	1000000000	0	RIGHT_LINEAR	query-SUBJECT_SUBJECT_JOIN-1-1-0.001-0.009.sparql	SUBJECT_SUBJECT_JOIN	1	1	0.001	52957
HIERARCHICAL	20	1000000000	0	RIGHT_LINEAR	query-SUBJECT_OBJECT_JOIN-7-1-0.01-0.09.sparql	SUBJECT_OBJECT_JOIN	7	1	0.01	68039
HIERARCHICAL	20	1000000000	0	RIGHT_LINEAR	query-SUBJECT_SUBJECT_JOIN-1-1-0.01-0.09.sparql	SUBJECT_SUBJECT_JOIN	1	1	0.01	5758
HIERARCHICAL	20	1000000000	0	RIGHT_LINEAR	query-SUBJECT_SUBJECT_JOIN-7-3-0.01-0.09.sparql	SUBJECT_SUBJECT_JOIN	7	3	0.01	16732
HIERARCHICAL	20	1000000000	0	RIGHT_LINEAR	query-SUBJECT_OBJECT_JOIN-1-1-0.001-0.009.sparql	SUBJECT_OBJECT_JOIN	1	1	0.001	7120
HIERARCHICAL	20	1000000000	0	RIGHT_LINEAR	query-SUBJECT_OBJECT_JOIN-7-3-0.001-0.009.sparql	SUBJECT_OBJECT_JOIN	7	3	0.001	87907
HIERARCHICAL	20	1000000000	0	RIGHT_LINEAR	query-SUBJECT_SUBJECT_JOIN-7-3-0.001-0.009.sparql	SUBJECT_SUBJECT_JOIN	7	3	0.001	52886
HIERARCHICAL	20	1000000000	0	RIGHT_LINEAR	query-SUBJECT_OBJECT_JOIN-7-3-0.01-0.09.sparql	SUBJECT_OBJECT_JOIN	7	3	0.01	3036520
HIERARCHICAL	20	1000000000	0	RIGHT_LINEAR	query-SUBJECT_SUBJECT_JOIN-7-1-0.001-0.009.sparql	SUBJECT_SUBJECT_JOIN	7	1	0.001	81503
HIERARCHICAL	20	1000000000	0	RIGHT_LINEAR	query-SUBJECT_SUBJECT_JOIN-7-1-0.01-0.09.sparql	SUBJECT_SUBJECT_JOIN	7	1	0.01	80522
HIERARCHICAL	20	1000000000	0	RIGHT_LINEAR	query-SUBJECT_OBJECT_JOIN-7-1-0.001-0.009.sparql	SUBJECT_OBJECT_JOIN	7	1	0.001	357318
HIERARCHICAL	20	1000000000	0	BUSHY	query-SUBJECT_OBJECT_JOIN-1-1-0.01-0.09.sparql	SUBJECT_OBJECT_JOIN	1	1	0.01	12495
HIERARCHICAL	20	1000000000	0	BUSHY	query-SUBJECT_SUBJECT_JOIN-1-1-0.001-0.009.sparql	SUBJECT_SUBJECT_JOIN	1	1	0.001	55905
HIERARCHICAL	20	1000000000	0	BUSHY	query-SUBJECT_OBJECT_JOIN-7-1-0.01-0.09.sparql	SUBJECT_OBJECT_JOIN	7	1	0.01	72880
HIERARCHICAL	20	1000000000	0	BUSHY	query-SUBJECT_SUBJECT_JOIN-1-1-0.01-0.09.sparql	SUBJECT_SUBJECT_JOIN	1	1	0.01	7358
HIERARCHICAL	20	1000000000	0	BUSHY	query-SUBJECT_SUBJECT_JOIN-7-3-0.01-0.09.sparql	SUBJECT_SUBJECT_JOIN	7	3	0.01	14936
HIERARCHICAL	20	1000000000	0	BUSHY	query-SUBJECT_OBJECT_JOIN-1-1-0.001-0.009.sparql	SUBJECT_OBJECT_JOIN	1	1	0.001	9216
HIERARCHICAL	20	1000000000	0	BUSHY	query-SUBJECT_OBJECT_JOIN-7-3-0.001-0.009.sparql	SUBJECT_OBJECT_JOIN	7	3	0.001	49357
HIERARCHICAL	20	1000000000	0	BUSHY	query-SUBJECT_SUBJECT_JOIN-7-3-0.001-0.009.sparql	SUBJECT_SUBJECT_JOIN	7	3	0.001	29153
HIERARCHICAL	20	1000000000	0	BUSHY	query-SUBJECT_OBJECT_JOIN-7-3-0.01-0.09.sparql	SUBJECT_OBJECT_JOIN	7	3	0.01	3514124
HIERARCHICAL	20	1000000000	0	BUSHY	query-SUBJECT_SUBJECT_JOIN-7-1-0.001-0.009.sparql	SUBJECT_SUBJECT_JOIN	7	1	0.001	40143
HIERARCHICAL	20	1000000000	0	BUSHY	query-SUBJECT_SUBJECT_JOIN-7-1-0.01-0.09.sparql	SUBJECT_SUBJECT_JOIN	7	1	0.01	38362
HIERARCHICAL	20	1000000000	0	BUSHY	query-SUBJECT_OBJECT_JOIN-7-1-0.001-0.009.sparql	SUBJECT_OBJECT_JOIN	7	1	0.001	172919
HIERARCHICAL	40	1000000000	0	LEFT_LINEAR	query-SUBJECT_OBJECT_JOIN-1-1-0.01-0.09.sparql	SUBJECT_OBJECT_JOIN	1	1	0.01	48720
HIERARCHICAL	40	1000000000	0	LEFT_LINEAR	query-SUBJECT_SUBJECT_JOIN-1-1-0.001-0.009.sparql	SUBJECT_SUBJECT_JOIN	1	1	0.001	136995
HIERARCHICAL	40	1000000000	0	LEFT_LINEAR	query-SUBJECT_OBJECT_JOIN-7-1-0.01-0.09.sparql	SUBJECT_OBJECT_JOIN	7	1	0.01	133722
HIERARCHICAL	40	1000000000	0	LEFT_LINEAR	query-SUBJECT_SUBJECT_JOIN-1-1-0.01-0.09.sparql	SUBJECT_SUBJECT_JOIN	1	1	0.01	9008
HIERARCHICAL	40	1000000000	0	LEFT_LINEAR	query-SUBJECT_SUBJECT_JOIN-7-3-0.01-0.09.sparql	SUBJECT_SUBJECT_JOIN	7	3	0.01	23966
HIERARCHICAL	40	1000000000	0	LEFT_LINEAR	query-SUBJECT_OBJECT_JOIN-1-1-0.001-0.009.sparql	SUBJECT_OBJECT_JOIN	1	1	0.001	18871
HIERARCHICAL	40	1000000000	0	LEFT_LINEAR	query-SUBJECT_OBJECT_JOIN-7-3-0.001-0.009.sparql	SUBJECT_OBJECT_JOIN	7	3	0.001	942437
HIERARCHICAL	40	1000000000	0	LEFT_LINEAR	query-SUBJECT_SUBJECT_JOIN-7-3-0.001-0.009.sparql	SUBJECT_SUBJECT_JOIN	7	3	0.001	73167
HIERARCHICAL	40	1000000000	0	LEFT_LINEAR	query-SUBJECT_OBJECT_JOIN-7-3-0.01-0.09.sparql	SUBJECT_OBJECT_JOIN	7	3	0.01	918514
HIERARCHICAL	40	1000000000	0	LEFT_LINEAR	query-SUBJECT_SUBJECT_JOIN-7-1-0.001-0.009.sparql	SUBJECT_SUBJECT_JOIN	7	1	0.001	117322
HIERARCHICAL	40	1000000000	0	LEFT_LINEAR	query-SUBJECT_SUBJECT_JOIN-7-1-0.01-0.09.sparql	SUBJECT_SUBJECT_JOIN	7	1	0.01	86553
HIERARCHICAL	40	1000000000	0	LEFT_LINEAR	query-SUBJECT_OBJECT_JOIN-7-1-0.001-0.009.sparql	SUBJECT_OBJECT_JOIN	7	1	0.001	196292
HIERARCHICAL	40	1000000000	0	RIGHT_LINEAR	query-SUBJECT_OBJECT_JOIN-1-1-0.01-0.09.sparql	SUBJECT_OBJECT_JOIN	1	1	0.01	15850
HIERARCHICAL	40	1000000000	0	RIGHT_LINEAR	query-SUBJECT_SUBJECT_JOIN-1-1-0.001-0.009.sparql	SUBJECT_SUBJECT_JOIN	1	1	0.001	69815
HIERARCHICAL	40	1000000000	0	RIGHT_LINEAR	query-SUBJECT_OBJECT_JOIN-7-1-0.01-0.09.sparql	SUBJECT_OBJECT_JOIN	7	1	0.01	113359
HIERARCHICAL	40	1000000000	0	RIGHT_LINEAR	query-SUBJECT_SUBJECT_JOIN-1-1-0.01-0.09.sparql	SUBJECT_SUBJECT_JOIN	1	1	0.01	8983
HIERARCHICAL	40	1000000000	0	RIGHT_LINEAR	query-SUBJECT_SUBJECT_JOIN-7-3-0.01-0.09.sparql	SUBJECT_SUBJECT_JOIN	7	3	0.01	14309
HIERARCHICAL	40	1000000000	0	RIGHT_LINEAR	query-SUBJECT_OBJECT_JOIN-1-1-0.001-0.009.sparql	SUBJECT_OBJECT_JOIN	1	1	0.001	22142
HIERARCHICAL	40	1000000000	0	RIGHT_LINEAR	query-SUBJECT_OBJECT_JOIN-7-3-0.001-0.009.sparql	SUBJECT_OBJECT_JOIN	7	3	0.001	92696
HIERARCHICAL	40	1000000000	0	RIGHT_LINEAR	query-SUBJECT_SUBJECT_JOIN-7-3-0.001-0.009.sparql	SUBJECT_SUBJECT_JOIN	7	3	0.001	58168
HIERARCHICAL	40	1000000000	0	RIGHT_LINEAR	query-SUBJECT_OBJECT_JOIN-7-3-0.01-0.09.sparql	SUBJECT_OBJECT_JOIN	7	3	0.01	2544199
HIERARCHICAL	40	1000000000	0	RIGHT_LINEAR	query-SUBJECT_SUBJECT_JOIN-7-1-0.001-0.009.sparql	SUBJECT_SUBJECT_JOIN	7	1	0.001	136236
HIERARCHICAL	40	1000000000	0	RIGHT_LINEAR	query-SUBJECT_SUBJECT_JOIN-7-1-0.01-0.09.sparql	SUBJECT_SUBJECT_JOIN	7	1	0.01	115694
HIERARCHICAL	40	1000000000	0	RIGHT_LINEAR	query-SUBJECT_OBJECT_JOIN-7-1-0.001-0.009.sparql	SUBJECT_OBJECT_JOIN	7	1	0.001	321928
HIERARCHICAL	40	1000000000	0	BUSHY	query-SUBJECT_OBJECT_JOIN-1-1-0.01-0.09.sparql	SUBJECT_OBJECT_JOIN	1	1	0.01	22159
HIERARCHICAL	40	1000000000	0	BUSHY	query-SUBJECT_SUBJECT_JOIN-1-1-0.001-0.009.sparql	SUBJECT_SUBJECT_JOIN	1	1	0.001	62256
HIERARCHICAL	40	1000000000	0	BUSHY	query-SUBJECT_OBJECT_JOIN-7-1-0.01-0.09.sparql	SUBJECT_OBJECT_JOIN	7	1	0.01	139308
HIERARCHICAL	40	1000000000	0	BUSHY	query-SUBJECT_SUBJECT_JOIN-1-1-0.01-0.09.sparql	SUBJECT_SUBJECT_JOIN	1	1	0.01	9224
HIERARCHICAL	40	1000000000	0	BUSHY	query-SUBJECT_SUBJECT_JOIN-7-3-0.01-0.09.sparql	SUBJECT_SUBJECT_JOIN	7	3	0.01	54158
HIERARCHICAL	40	1000000000	0	BUSHY	query-SUBJECT_OBJECT_JOIN-1-1-0.001-0.009.sparql	SUBJECT_OBJECT_JOIN	1	1	0.001	20956
HIERARCHICAL	40	1000000000	0	BUSHY	query-SUBJECT_OBJECT_JOIN-7-3-0.001-0.009.sparql	SUBJECT_OBJECT_JOIN	7	3	0.001	115789
HIERARCHICAL	40	1000000000	0	BUSHY	query-SUBJECT_SUBJECT_JOIN-7-3-0.001-0.009.sparql	SUBJECT_SUBJECT_JOIN	7	3	0.001	66769
HIERARCHICAL	40	1000000000	0	BUSHY	query-SUBJECT_OBJECT_JOIN-7-3-0.01-0.09.sparql	SUBJECT_OBJECT_JOIN	7	3	0.01	2226955
HIERARCHICAL	40	1000000000	0	BUSHY	query-SUBJECT_SUBJECT_JOIN-7-1-0.001-0.009.sparql	SUBJECT_SUBJECT_JOIN	7	1	0.001	84004
HIERARCHICAL	40	1000000000	0	BUSHY	query-SUBJECT_SUBJECT_JOIN-7-1-0.01-0.09.sparql	SUBJECT_SUBJECT_JOIN	7	1	0.01	86126
HIERARCHICAL	40	1000000000	0	BUSHY	query-SUBJECT_OBJECT_JOIN-7-1-0.001-0.009.sparql	SUBJECT_OBJECT_JOIN	7	1	0.001	254168
HIERARCHICAL	20	500000000	0	LEFT_LINEAR	query-SUBJECT_OBJECT_JOIN-1-1-0.01-0.09.sparql	SUBJECT_OBJECT_JOIN	1	1	0.01	11010
HIERARCHICAL	20	500000000	0	LEFT_LINEAR	query-SUBJECT_SUBJECT_JOIN-1-1-0.001-0.009.sparql	SUBJECT_SUBJECT_JOIN	1	1	0.001	28577
HIERARCHICAL	20	500000000	0	LEFT_LINEAR	query-SUBJECT_OBJECT_JOIN-7-1-0.01-0.09.sparql	SUBJECT_OBJECT_JOIN	7	1	0.01	43067
HIERARCHICAL	20	500000000	0	LEFT_LINEAR	query-SUBJECT_SUBJECT_JOIN-1-1-0.01-0.09.sparql	SUBJECT_SUBJECT_JOIN	1	1	0.01	4646
HIERARCHICAL	20	500000000	0	LEFT_LINEAR	query-SUBJECT_SUBJECT_JOIN-7-3-0.01-0.09.sparql	SUBJECT_SUBJECT_JOIN	7	3	0.01	6012
HIERARCHICAL	20	500000000	0	LEFT_LINEAR	query-SUBJECT_OBJECT_JOIN-1-1-0.001-0.009.sparql	SUBJECT_OBJECT_JOIN	1	1	0.001	6109
HIERARCHICAL	20	500000000	0	LEFT_LINEAR	query-SUBJECT_OBJECT_JOIN-7-3-0.001-0.009.sparql	SUBJECT_OBJECT_JOIN	7	3	0.001	1418332
HIERARCHICAL	20	500000000	0	LEFT_LINEAR	query-SUBJECT_SUBJECT_JOIN-7-3-0.001-0.009.sparql	SUBJECT_SUBJECT_JOIN	7	3	0.001	49037
HIERARCHICAL	20	500000000	0	LEFT_LINEAR	query-SUBJECT_OBJECT_JOIN-7-3-0.01-0.09.sparql	SUBJECT_OBJECT_JOIN	7	3	0.01	3803118
HIERARCHICAL	20	500000000	0	LEFT_LINEAR	query-SUBJECT_SUBJECT_JOIN-7-1-0.001-0.009.sparql	SUBJECT_SUBJECT_JOIN	7	1	0.001	23791
HIERARCHICAL	20	500000000	0	LEFT_LINEAR	query-SUBJECT_SUBJECT_JOIN-7-1-0.01-0.09.sparql	SUBJECT_SUBJECT_JOIN	7	1	0.01	24191
HIERARCHICAL	20	500000000	0	LEFT_LINEAR	query-SUBJECT_OBJECT_JOIN-7-1-0.001-0.009.sparql	SUBJECT_OBJECT_JOIN	7	1	0.001	57946
HIERARCHICAL	20	500000000	0	RIGHT_LINEAR	query-SUBJECT_OBJECT_JOIN-1-1-0.01-0.09.sparql	SUBJECT_OBJECT_JOIN	1	1	0.01	9839
HIERARCHICAL	20	500000000	0	RIGHT_LINEAR	query-SUBJECT_SUBJECT_JOIN-1-1-0.001-0.009.sparql	SUBJECT_SUBJECT_JOIN	1	1	0.001	28635
HIERARCHICAL	20	500000000	0	RIGHT_LINEAR	query-SUBJECT_OBJECT_JOIN-7-1-0.01-0.09.sparql	SUBJECT_OBJECT_JOIN	7	1	0.01	42333
HIERARCHICAL	20	500000000	0	RIGHT_LINEAR	query-SUBJECT_SUBJECT_JOIN-1-1-0.01-0.09.sparql	SUBJECT_SUBJECT_JOIN	1	1	0.01	4496
HIERARCHICAL	20	500000000	0	RIGHT_LINEAR	query-SUBJECT_SUBJECT_JOIN-7-3-0.01-0.09.sparql	SUBJECT_SUBJECT_JOIN	7	3	0.01	5909
HIERARCHICAL	20	500000000	0	RIGHT_LINEAR	query-SUBJECT_OBJECT_JOIN-1-1-0.001-0.009.sparql	SUBJECT_OBJECT_JOIN	1	1	0.001	5329
HIERARCHICAL	20	500000000	0	RIGHT_LINEAR	query-SUBJECT_OBJECT_JOIN-7-3-0.001-0.009.sparql	SUBJECT_OBJECT_JOIN	7	3	0.001	25129
HIERARCHICAL	20	500000000	0	RIGHT_LINEAR	query-SUBJECT_SUBJECT_JOIN-7-3-0.001-0.009.sparql	SUBJECT_SUBJECT_JOIN	7	3	0.001	32031
HIERARCHICAL	20	500000000	0	RIGHT_LINEAR	query-SUBJECT_OBJECT_JOIN-7-3-0.01-0.09.sparql	SUBJECT_OBJECT_JOIN	7	3	0.01	1642549
HIERARCHICAL	20	500000000	0	RIGHT_LINEAR	query-SUBJECT_SUBJECT_JOIN-7-1-0.001-0.009.sparql	SUBJECT_SUBJECT_JOIN	7	1	0.001	50465
HIERARCHICAL	20	500000000	0	RIGHT_LINEAR	query-SUBJECT_SUBJECT_JOIN-7-1-0.01-0.09.sparql	SUBJECT_SUBJECT_JOIN	7	1	0.01	48138
HIERARCHICAL	20	500000000	0	RIGHT_LINEAR	query-SUBJECT_OBJECT_JOIN-7-1-0.001-0.009.sparql	SUBJECT_OBJECT_JOIN	7	1	0.001	184397
HIERARCHICAL	20	500000000	0	BUSHY	query-SUBJECT_SUBJECT_JOIN-7-3-0.01-0.09.sparql	SUBJECT_SUBJECT_JOIN	7	3	0.01	6308
HIERARCHICAL	20	500000000	0	BUSHY	query-SUBJECT_OBJECT_JOIN-1-1-0.01-0.09.sparql	SUBJECT_OBJECT_JOIN	1	1	0.01	9905
HIERARCHICAL	20	500000000	0	BUSHY	query-SUBJECT_SUBJECT_JOIN-1-1-0.001-0.009.sparql	SUBJECT_SUBJECT_JOIN	1	1	0.001	29622
HIERARCHICAL	20	500000000	0	BUSHY	query-SUBJECT_OBJECT_JOIN-7-1-0.01-0.09.sparql	SUBJECT_OBJECT_JOIN	7	1	0.01	37897
HIERARCHICAL	20	500000000	0	BUSHY	query-SUBJECT_SUBJECT_JOIN-1-1-0.01-0.09.sparql	SUBJECT_SUBJECT_JOIN	1	1	0.01	4599
HIERARCHICAL	20	500000000	0	BUSHY	query-SUBJECT_OBJECT_JOIN-1-1-0.001-0.009.sparql	SUBJECT_OBJECT_JOIN	1	1	0.001	5515
HIERARCHICAL	20	500000000	0	BUSHY	query-SUBJECT_OBJECT_JOIN-7-3-0.001-0.009.sparql	SUBJECT_OBJECT_JOIN	7	3	0.001	31342
HIERARCHICAL	20	500000000	0	BUSHY	query-SUBJECT_SUBJECT_JOIN-7-3-0.001-0.009.sparql	SUBJECT_SUBJECT_JOIN	7	3	0.001	28579
HIERARCHICAL	20	500000000	0	BUSHY	query-SUBJECT_OBJECT_JOIN-7-3-0.01-0.09.sparql	SUBJECT_OBJECT_JOIN	7	3	0.01	2583939
HIERARCHICAL	20	500000000	0	BUSHY	query-SUBJECT_SUBJECT_JOIN-7-1-0.001-0.009.sparql	SUBJECT_SUBJECT_JOIN	7	1	0.001	29603
HIERARCHICAL	20	500000000	0	BUSHY	query-SUBJECT_SUBJECT_JOIN-7-1-0.01-0.09.sparql	SUBJECT_SUBJECT_JOIN	7	1	0.01	33601
HIERARCHICAL	20	500000000	0	BUSHY	query-SUBJECT_OBJECT_JOIN-7-1-0.001-0.009.sparql	SUBJECT_OBJECT_JOIN	7	1	0.001	97843
HIERARCHICAL	20	2000000000	0	LEFT_LINEAR	query-SUBJECT_OBJECT_JOIN-1-1-0.01-0.09.sparql	SUBJECT_OBJECT_JOIN	1	1	0.01	82859
HIERARCHICAL	20	2000000000	0	LEFT_LINEAR	query-SUBJECT_SUBJECT_JOIN-1-1-0.001-0.009.sparql	SUBJECT_SUBJECT_JOIN	1	1	0.001	43703
HIERARCHICAL	20	2000000000	0	LEFT_LINEAR	query-SUBJECT_OBJECT_JOIN-7-1-0.01-0.09.sparql	SUBJECT_OBJECT_JOIN	7	1	0.01	103560
HIERARCHICAL	20	2000000000	0	LEFT_LINEAR	query-SUBJECT_SUBJECT_JOIN-1-1-0.01-0.09.sparql	SUBJECT_SUBJECT_JOIN	1	1	0.01	9445
HIERARCHICAL	20	2000000000	0	LEFT_LINEAR	query-SUBJECT_SUBJECT_JOIN-7-3-0.01-0.09.sparql	SUBJECT_SUBJECT_JOIN	7	3	0.01	24404
HIERARCHICAL	20	2000000000	0	LEFT_LINEAR	query-SUBJECT_OBJECT_JOIN-1-1-0.001-0.009.sparql	SUBJECT_OBJECT_JOIN	1	1	0.001	6411
HIERARCHICAL	20	2000000000	0	LEFT_LINEAR	query-SUBJECT_OBJECT_JOIN-7-3-0.001-0.009.sparql	SUBJECT_OBJECT_JOIN	7	3	0.001	688964
HIERARCHICAL	20	2000000000	0	LEFT_LINEAR	query-SUBJECT_SUBJECT_JOIN-7-3-0.001-0.009.sparql	SUBJECT_SUBJECT_JOIN	7	3	0.001	129888
HIERARCHICAL	20	2000000000	0	LEFT_LINEAR	query-SUBJECT_OBJECT_JOIN-7-3-0.01-0.09.sparql	SUBJECT_OBJECT_JOIN	7	3	0.01	3247138
HIERARCHICAL	20	2000000000	0	LEFT_LINEAR	query-SUBJECT_SUBJECT_JOIN-7-1-0.001-0.009.sparql	SUBJECT_SUBJECT_JOIN	7	1	0.001	48987
HIERARCHICAL	20	2000000000	0	LEFT_LINEAR	query-SUBJECT_SUBJECT_JOIN-7-1-0.01-0.09.sparql	SUBJECT_SUBJECT_JOIN	7	1	0.01	33348
HIERARCHICAL	20	2000000000	0	LEFT_LINEAR	query-SUBJECT_OBJECT_JOIN-7-1-0.001-0.009.sparql	SUBJECT_OBJECT_JOIN	7	1	0.001	274748
HIERARCHICAL	20	2000000000	0	RIGHT_LINEAR	query-SUBJECT_OBJECT_JOIN-1-1-0.01-0.09.sparql	SUBJECT_OBJECT_JOIN	1	1	0.01	100052
HIERARCHICAL	20	2000000000	0	RIGHT_LINEAR	query-SUBJECT_SUBJECT_JOIN-1-1-0.001-0.009.sparql	SUBJECT_SUBJECT_JOIN	1	1	0.001	42382
HIERARCHICAL	20	2000000000	0	RIGHT_LINEAR	query-SUBJECT_OBJECT_JOIN-7-1-0.01-0.09.sparql	SUBJECT_OBJECT_JOIN	7	1	0.01	102315
HIERARCHICAL	20	2000000000	0	RIGHT_LINEAR	query-SUBJECT_SUBJECT_JOIN-1-1-0.01-0.09.sparql	SUBJECT_SUBJECT_JOIN	1	1	0.01	9300
HIERARCHICAL	20	2000000000	0	RIGHT_LINEAR	query-SUBJECT_SUBJECT_JOIN-7-3-0.01-0.09.sparql	SUBJECT_SUBJECT_JOIN	7	3	0.01	24851
HIERARCHICAL	20	2000000000	0	RIGHT_LINEAR	query-SUBJECT_OBJECT_JOIN-1-1-0.001-0.009.sparql	SUBJECT_OBJECT_JOIN	1	1	0.001	5840
HIERARCHICAL	20	2000000000	0	RIGHT_LINEAR	query-SUBJECT_OBJECT_JOIN-7-3-0.001-0.009.sparql	SUBJECT_OBJECT_JOIN	7	3	0.001	34768
HIERARCHICAL	20	2000000000	0	RIGHT_LINEAR	query-SUBJECT_SUBJECT_JOIN-7-3-0.001-0.009.sparql	SUBJECT_SUBJECT_JOIN	7	3	0.001	53328
HIERARCHICAL	20	2000000000	0	RIGHT_LINEAR	query-SUBJECT_OBJECT_JOIN-7-3-0.01-0.09.sparql	SUBJECT_OBJECT_JOIN	7	3	0.01	2299936
HIERARCHICAL	20	2000000000	0	RIGHT_LINEAR	query-SUBJECT_SUBJECT_JOIN-7-1-0.001-0.009.sparql	SUBJECT_SUBJECT_JOIN	7	1	0.001	59526
HIERARCHICAL	20	2000000000	0	RIGHT_LINEAR	query-SUBJECT_SUBJECT_JOIN-7-1-0.01-0.09.sparql	SUBJECT_SUBJECT_JOIN	7	1	0.01	46282
HIERARCHICAL	20	2000000000	0	RIGHT_LINEAR	query-SUBJECT_OBJECT_JOIN-7-1-0.001-0.009.sparql	SUBJECT_OBJECT_JOIN	7	1	0.001	3309201
HIERARCHICAL	20	2000000000	0	BUSHY	query-SUBJECT_OBJECT_JOIN-1-1-0.01-0.09.sparql	SUBJECT_OBJECT_JOIN	1	1	0.01	90928
HIERARCHICAL	20	2000000000	0	BUSHY	query-SUBJECT_SUBJECT_JOIN-1-1-0.001-0.009.sparql	SUBJECT_SUBJECT_JOIN	1	1	0.001	41500
HIERARCHICAL	20	2000000000	0	BUSHY	query-SUBJECT_OBJECT_JOIN-7-1-0.01-0.09.sparql	SUBJECT_OBJECT_JOIN	7	1	0.01	67979
HIERARCHICAL	20	2000000000	0	BUSHY	query-SUBJECT_SUBJECT_JOIN-1-1-0.01-0.09.sparql	SUBJECT_SUBJECT_JOIN	1	1	0.01	9069
HIERARCHICAL	20	2000000000	0	BUSHY	query-SUBJECT_SUBJECT_JOIN-7-3-0.01-0.09.sparql	SUBJECT_SUBJECT_JOIN	7	3	0.01	18857
HIERARCHICAL	20	2000000000	0	BUSHY	query-SUBJECT_OBJECT_JOIN-1-1-0.001-0.009.sparql	SUBJECT_OBJECT_JOIN	1	1	0.001	6212
HIERARCHICAL	20	2000000000	0	BUSHY	query-SUBJECT_OBJECT_JOIN-7-3-0.001-0.009.sparql	SUBJECT_OBJECT_JOIN	7	3	0.001	55911
HIERARCHICAL	20	2000000000	0	BUSHY	query-SUBJECT_SUBJECT_JOIN-7-3-0.001-0.009.sparql	SUBJECT_SUBJECT_JOIN	7	3	0.001	43062
HIERARCHICAL	20	2000000000	0	BUSHY	query-SUBJECT_OBJECT_JOIN-7-3-0.01-0.09.sparql	SUBJECT_OBJECT_JOIN	7	3	0.01	2649215
HIERARCHICAL	20	2000000000	0	BUSHY	query-SUBJECT_SUBJECT_JOIN-7-1-0.001-0.009.sparql	SUBJECT_SUBJECT_JOIN	7	1	0.001	35340
HIERARCHICAL	20	2000000000	0	BUSHY	query-SUBJECT_SUBJECT_JOIN-7-1-0.01-0.09.sparql	SUBJECT_SUBJECT_JOIN	7	1	0.01	29962
HIERARCHICAL	20	2000000000	0	BUSHY	query-SUBJECT_OBJECT_JOIN-7-1-0.001-0.009.sparql	SUBJECT_OBJECT_JOIN	7	1	0.001	1968339
MIN_EDGE_CUT	10	1000000000	0	LEFT_LINEAR	query-SUBJECT_OBJECT_JOIN-1-1-0.01-0.09.sparql	SUBJECT_OBJECT_JOIN	1	1	0.01	119321
MIN_EDGE_CUT	10	1000000000	0	LEFT_LINEAR	query-SUBJECT_SUBJECT_JOIN-1-1-0.001-0.009.sparql	SUBJECT_SUBJECT_JOIN	1	1	0.001	104982
MIN_EDGE_CUT	10	1000000000	0	LEFT_LINEAR	query-SUBJECT_OBJECT_JOIN-7-1-0.01-0.09.sparql	SUBJECT_OBJECT_JOIN	7	1	0.01	41088
MIN_EDGE_CUT	10	1000000000	0	LEFT_LINEAR	query-SUBJECT_SUBJECT_JOIN-1-1-0.01-0.09.sparql	SUBJECT_SUBJECT_JOIN	1	1	0.01	5658
MIN_EDGE_CUT	10	1000000000	0	LEFT_LINEAR	query-SUBJECT_SUBJECT_JOIN-7-3-0.01-0.09.sparql	SUBJECT_SUBJECT_JOIN	7	3	0.01	39210
MIN_EDGE_CUT	10	1000000000	0	LEFT_LINEAR	query-SUBJECT_OBJECT_JOIN-1-1-0.001-0.009.sparql	SUBJECT_OBJECT_JOIN	1	1	0.001	3620
MIN_EDGE_CUT	10	1000000000	0	LEFT_LINEAR	query-SUBJECT_OBJECT_JOIN-7-3-0.001-0.009.sparql	SUBJECT_OBJECT_JOIN	7	3	0.001	1141887
MIN_EDGE_CUT	10	1000000000	0	LEFT_LINEAR	query-SUBJECT_SUBJECT_JOIN-7-3-0.001-0.009.sparql	SUBJECT_SUBJECT_JOIN	7	3	0.001	158732
MIN_EDGE_CUT	10	1000000000	0	LEFT_LINEAR	query-SUBJECT_OBJECT_JOIN-7-3-0.01-0.09.sparql	SUBJECT_OBJECT_JOIN	7	3	0.01	900286
MIN_EDGE_CUT	10	1000000000	0	LEFT_LINEAR	query-SUBJECT_SUBJECT_JOIN-7-1-0.001-0.009.sparql	SUBJECT_SUBJECT_JOIN	7	1	0.001	92807
MIN_EDGE_CUT	10	1000000000	0	LEFT_LINEAR	query-SUBJECT_SUBJECT_JOIN-7-1-0.01-0.09.sparql	SUBJECT_SUBJECT_JOIN	7	1	0.01	56950
MIN_EDGE_CUT	10	1000000000	0	LEFT_LINEAR	query-SUBJECT_OBJECT_JOIN-7-1-0.001-0.009.sparql	SUBJECT_OBJECT_JOIN	7	1	0.001	86240
MIN_EDGE_CUT	10	1000000000	0	RIGHT_LINEAR	query-SUBJECT_OBJECT_JOIN-1-1-0.01-0.09.sparql	SUBJECT_OBJECT_JOIN	1	1	0.01	23713
MIN_EDGE_CUT	10	1000000000	0	RIGHT_LINEAR	query-SUBJECT_SUBJECT_JOIN-1-1-0.001-0.009.sparql	SUBJECT_SUBJECT_JOIN	1	1	0.001	50918
MIN_EDGE_CUT	10	1000000000	0	RIGHT_LINEAR	query-SUBJECT_OBJECT_JOIN-7-1-0.01-0.09.sparql	SUBJECT_OBJECT_JOIN	7	1	0.01	73965
MIN_EDGE_CUT	10	1000000000	0	RIGHT_LINEAR	query-SUBJECT_SUBJECT_JOIN-1-1-0.01-0.09.sparql	SUBJECT_SUBJECT_JOIN	1	1	0.01	5008
MIN_EDGE_CUT	10	1000000000	0	RIGHT_LINEAR	query-SUBJECT_SUBJECT_JOIN-7-3-0.01-0.09.sparql	SUBJECT_SUBJECT_JOIN	7	3	0.01	22514
MIN_EDGE_CUT	10	1000000000	0	RIGHT_LINEAR	query-SUBJECT_OBJECT_JOIN-1-1-0.001-0.009.sparql	SUBJECT_OBJECT_JOIN	1	1	0.001	3209
MIN_EDGE_CUT	10	1000000000	0	RIGHT_LINEAR	query-SUBJECT_OBJECT_JOIN-7-3-0.001-0.009.sparql	SUBJECT_OBJECT_JOIN	7	3	0.001	92488
MIN_EDGE_CUT	10	1000000000	0	RIGHT_LINEAR	query-SUBJECT_SUBJECT_JOIN-7-3-0.001-0.009.sparql	SUBJECT_SUBJECT_JOIN	7	3	0.001	60145
MIN_EDGE_CUT	10	1000000000	0	RIGHT_LINEAR	query-SUBJECT_OBJECT_JOIN-7-3-0.01-0.09.sparql	SUBJECT_OBJECT_JOIN	7	3	0.01	3097597
MIN_EDGE_CUT	10	1000000000	0	RIGHT_LINEAR	query-SUBJECT_SUBJECT_JOIN-7-1-0.001-0.009.sparql	SUBJECT_SUBJECT_JOIN	7	1	0.001	54124
MIN_EDGE_CUT	10	1000000000	0	RIGHT_LINEAR	query-SUBJECT_SUBJECT_JOIN-7-1-0.01-0.09.sparql	SUBJECT_SUBJECT_JOIN	7	1	0.01	53960
MIN_EDGE_CUT	10	1000000000	0	RIGHT_LINEAR	query-SUBJECT_OBJECT_JOIN-7-1-0.001-0.009.sparql	SUBJECT_OBJECT_JOIN	7	1	0.001	528683
MIN_EDGE_CUT	10	1000000000	0	BUSHY	query-SUBJECT_OBJECT_JOIN-1-1-0.01-0.09.sparql	SUBJECT_OBJECT_JOIN	1	1	0.01	25034
MIN_EDGE_CUT	10	1000000000	0	BUSHY	query-SUBJECT_SUBJECT_JOIN-1-1-0.001-0.009.sparql	SUBJECT_SUBJECT_JOIN	1	1	0.001	55180
MIN_EDGE_CUT	10	1000000000	0	BUSHY	query-SUBJECT_OBJECT_JOIN-7-1-0.01-0.09.sparql	SUBJECT_OBJECT_JOIN	7	1	0.01	55204
MIN_EDGE_CUT	10	1000000000	0	BUSHY	query-SUBJECT_SUBJECT_JOIN-1-1-0.01-0.09.sparql	SUBJECT_SUBJECT_JOIN	1	1	0.01	8595
MIN_EDGE_CUT	10	1000000000	0	BUSHY	query-SUBJECT_SUBJECT_JOIN-7-3-0.01-0.09.sparql	SUBJECT_SUBJECT_JOIN	7	3	0.01	29659
MIN_EDGE_CUT	10	1000000000	0	BUSHY	query-SUBJECT_OBJECT_JOIN-1-1-0.001-0.009.sparql	SUBJECT_OBJECT_JOIN	1	1	0.001	3312
MIN_EDGE_CUT	10	1000000000	0	BUSHY	query-SUBJECT_OBJECT_JOIN-7-3-0.001-0.009.sparql	SUBJECT_OBJECT_JOIN	7	3	0.001	59339
MIN_EDGE_CUT	10	1000000000	0	BUSHY	query-SUBJECT_SUBJECT_JOIN-7-3-0.001-0.009.sparql	SUBJECT_SUBJECT_JOIN	7	3	0.001	48256
MIN_EDGE_CUT	10	1000000000	0	BUSHY	query-SUBJECT_OBJECT_JOIN-7-3-0.01-0.09.sparql	SUBJECT_OBJECT_JOIN	7	3	0.01	2317859
MIN_EDGE_CUT	10	1000000000	0	BUSHY	query-SUBJECT_SUBJECT_JOIN-7-1-0.001-0.009.sparql	SUBJECT_SUBJECT_JOIN	7	1	0.001	47879
MIN_EDGE_CUT	10	1000000000	0	BUSHY	query-SUBJECT_SUBJECT_JOIN-7-1-0.01-0.09.sparql	SUBJECT_SUBJECT_JOIN	7	1	0.01	46271
MIN_EDGE_CUT	10	1000000000	0	BUSHY	query-SUBJECT_OBJECT_JOIN-7-1-0.001-0.009.sparql	SUBJECT_OBJECT_JOIN	7	1	0.001	295472
MIN_EDGE_CUT	20	1000000000	0	LEFT_LINEAR	query-SUBJECT_OBJECT_JOIN-1-1-0.01-0.09.sparql	SUBJECT_OBJECT_JOIN	1	1	0.01	21583
MIN_EDGE_CUT	20	1000000000	0	LEFT_LINEAR	query-SUBJECT_SUBJECT_JOIN-1-1-0.001-0.009.sparql	SUBJECT_SUBJECT_JOIN	1	1	0.001	66198
MIN_EDGE_CUT	20	1000000000	0	LEFT_LINEAR	query-SUBJECT_OBJECT_JOIN-7-1-0.01-0.09.sparql	SUBJECT_OBJECT_JOIN	7	1	0.01	61673
MIN_EDGE_CUT	20	1000000000	0	LEFT_LINEAR	query-SUBJECT_SUBJECT_JOIN-1-1-0.01-0.09.sparql	SUBJECT_SUBJECT_JOIN	1	1	0.01	6755
MIN_EDGE_CUT	20	1000000000	0	LEFT_LINEAR	query-SUBJECT_SUBJECT_JOIN-7-3-0.01-0.09.sparql	SUBJECT_SUBJECT_JOIN	7	3	0.01	26233
MIN_EDGE_CUT	20	1000000000	0	LEFT_LINEAR	query-SUBJECT_OBJECT_JOIN-1-1-0.001-0.009.sparql	SUBJECT_OBJECT_JOIN	1	1	0.001	10226
MIN_EDGE_CUT	20	1000000000	0	LEFT_LINEAR	query-SUBJECT_OBJECT_JOIN-7-3-0.001-0.009.sparql	SUBJECT_OBJECT_JOIN	7	3	0.001	773087
MIN_EDGE_CUT	20	1000000000	0	LEFT_LINEAR	query-SUBJECT_SUBJECT_JOIN-7-3-0.001-0.009.sparql	SUBJECT_SUBJECT_JOIN	7	3	0.001	64501
MIN_EDGE_CUT	20	1000000000	0	LEFT_LINEAR	query-SUBJECT_OBJECT_JOIN-7-3-0.01-0.09.sparql	SUBJECT_OBJECT_JOIN	7	3	0.01	854942
MIN_EDGE_CUT	20	1000000000	0	LEFT_LINEAR	query-SUBJECT_SUBJECT_JOIN-7-1-0.001-0.009.sparql	SUBJECT_SUBJECT_JOIN	7	1	0.001	38776
MIN_EDGE_CUT	20	1000000000	0	LEFT_LINEAR	query-SUBJECT_SUBJECT_JOIN-7-1-0.01-0.09.sparql	SUBJECT_SUBJECT_JOIN	7	1	0.01	51896
MIN_EDGE_CUT	20	1000000000	0	LEFT_LINEAR	query-SUBJECT_OBJECT_JOIN-7-1-0.001-0.009.sparql	SUBJECT_OBJECT_JOIN	7	1	0.001	132358
MIN_EDGE_CUT	20	1000000000	0	RIGHT_LINEAR	query-SUBJECT_OBJECT_JOIN-1-1-0.01-0.09.sparql	SUBJECT_OBJECT_JOIN	1	1	0.01	14360
MIN_EDGE_CUT	20	1000000000	0	RIGHT_LINEAR	query-SUBJECT_SUBJECT_JOIN-1-1-0.001-0.009.sparql	SUBJECT_SUBJECT_JOIN	1	1	0.001	76815
MIN_EDGE_CUT	20	1000000000	0	RIGHT_LINEAR	query-SUBJECT_OBJECT_JOIN-7-1-0.01-0.09.sparql	SUBJECT_OBJECT_JOIN	7	1	0.01	89359
MIN_EDGE_CUT	20	1000000000	0	RIGHT_LINEAR	query-SUBJECT_SUBJECT_JOIN-1-1-0.01-0.09.sparql	SUBJECT_SUBJECT_JOIN	1	1	0.01	6898
MIN_EDGE_CUT	20	1000000000	0	RIGHT_LINEAR	query-SUBJECT_SUBJECT_JOIN-7-3-0.01-0.09.sparql	SUBJECT_SUBJECT_JOIN	7	3	0.01	15821
MIN_EDGE_CUT	20	1000000000	0	RIGHT_LINEAR	query-SUBJECT_OBJECT_JOIN-1-1-0.001-0.009.sparql	SUBJECT_OBJECT_JOIN	1	1	0.001	7717
MIN_EDGE_CUT	20	1000000000	0	RIGHT_LINEAR	query-SUBJECT_OBJECT_JOIN-7-3-0.001-0.009.sparql	SUBJECT_OBJECT_JOIN	7	3	0.001	79920
MIN_EDGE_CUT	20	1000000000	0	RIGHT_LINEAR	query-SUBJECT_SUBJECT_JOIN-7-3-0.001-0.009.sparql	SUBJECT_SUBJECT_JOIN	7	3	0.001	42413
MIN_EDGE_CUT	20	1000000000	0	RIGHT_LINEAR	query-SUBJECT_OBJECT_JOIN-7-3-0.01-0.09.sparql	SUBJECT_OBJECT_JOIN	7	3	0.01	2750796
MIN_EDGE_CUT	20	1000000000	0	RIGHT_LINEAR	query-SUBJECT_SUBJECT_JOIN-7-1-0.001-0.009.sparql	SUBJECT_SUBJECT_JOIN	7	1	0.001	73783
MIN_EDGE_CUT	20	1000000000	0	RIGHT_LINEAR	query-SUBJECT_SUBJECT_JOIN-7-1-0.01-0.09.sparql	SUBJECT_SUBJECT_JOIN	7	1	0.01	84736
MIN_EDGE_CUT	20	1000000000	0	RIGHT_LINEAR	query-SUBJECT_OBJECT_JOIN-7-1-0.001-0.009.sparql	SUBJECT_OBJECT_JOIN	7	1	0.001	323928
MIN_EDGE_CUT	20	1000000000	0	BUSHY	query-SUBJECT_OBJECT_JOIN-1-1-0.01-0.09.sparql	SUBJECT_OBJECT_JOIN	1	1	0.01	14280
MIN_EDGE_CUT	20	1000000000	0	BUSHY	query-SUBJECT_SUBJECT_JOIN-1-1-0.001-0.009.sparql	SUBJECT_SUBJECT_JOIN	1	1	0.001	49241
MIN_EDGE_CUT	20	1000000000	0	BUSHY	query-SUBJECT_OBJECT_JOIN-7-1-0.01-0.09.sparql	SUBJECT_OBJECT_JOIN	7	1	0.01	63642
MIN_EDGE_CUT	20	1000000000	0	BUSHY	query-SUBJECT_SUBJECT_JOIN-1-1-0.01-0.09.sparql	SUBJECT_SUBJECT_JOIN	1	1	0.01	5119
MIN_EDGE_CUT	20	1000000000	0	BUSHY	query-SUBJECT_SUBJECT_JOIN-7-3-0.01-0.09.sparql	SUBJECT_SUBJECT_JOIN	7	3	0.01	15123
MIN_EDGE_CUT	20	1000000000	0	BUSHY	query-SUBJECT_OBJECT_JOIN-1-1-0.001-0.009.sparql	SUBJECT_OBJECT_JOIN	1	1	0.001	9013
MIN_EDGE_CUT	20	1000000000	0	BUSHY	query-SUBJECT_OBJECT_JOIN-7-3-0.001-0.009.sparql	SUBJECT_OBJECT_JOIN	7	3	0.001	57198
MIN_EDGE_CUT	20	1000000000	0	BUSHY	query-SUBJECT_SUBJECT_JOIN-7-3-0.001-0.009.sparql	SUBJECT_SUBJECT_JOIN	7	3	0.001	32033
MIN_EDGE_CUT	20	1000000000	0	BUSHY	query-SUBJECT_OBJECT_JOIN-7-3-0.01-0.09.sparql	SUBJECT_OBJECT_JOIN	7	3	0.01	2210871
MIN_EDGE_CUT	20	1000000000	0	BUSHY	query-SUBJECT_SUBJECT_JOIN-7-1-0.001-0.009.sparql	SUBJECT_SUBJECT_JOIN	7	1	0.001	30529
MIN_EDGE_CUT	20	1000000000	0	BUSHY	query-SUBJECT_SUBJECT_JOIN-7-1-0.01-0.09.sparql	SUBJECT_SUBJECT_JOIN	7	1	0.01	36318
MIN_EDGE_CUT	20	1000000000	0	BUSHY	query-SUBJECT_OBJECT_JOIN-7-1-0.001-0.009.sparql	SUBJECT_OBJECT_JOIN	7	1	0.001	177876
MIN_EDGE_CUT	40	1000000000	0	LEFT_LINEAR	query-SUBJECT_OBJECT_JOIN-1-1-0.01-0.09.sparql	SUBJECT_OBJECT_JOIN	1	1	0.01	30827
MIN_EDGE_CUT	40	1000000000	0	LEFT_LINEAR	query-SUBJECT_SUBJECT_JOIN-1-1-0.001-0.009.sparql	SUBJECT_SUBJECT_JOIN	1	1	0.001	68959
MIN_EDGE_CUT	40	1000000000	0	LEFT_LINEAR	query-SUBJECT_OBJECT_JOIN-7-1-0.01-0.09.sparql	SUBJECT_OBJECT_JOIN	7	1	0.01	106845
MIN_EDGE_CUT	40	1000000000	0	LEFT_LINEAR	query-SUBJECT_SUBJECT_JOIN-1-1-0.01-0.09.sparql	SUBJECT_SUBJECT_JOIN	1	1	0.01	10920
MIN_EDGE_CUT	40	1000000000	0	LEFT_LINEAR	query-SUBJECT_SUBJECT_JOIN-7-3-0.01-0.09.sparql	SUBJECT_SUBJECT_JOIN	7	3	0.01	55739
MIN_EDGE_CUT	40	1000000000	0	LEFT_LINEAR	query-SUBJECT_OBJECT_JOIN-1-1-0.001-0.009.sparql	SUBJECT_OBJECT_JOIN	1	1	0.001	14353
MIN_EDGE_CUT	40	1000000000	0	LEFT_LINEAR	query-SUBJECT_OBJECT_JOIN-7-3-0.001-0.009.sparql	SUBJECT_OBJECT_JOIN	7	3	0.001	1411594
MIN_EDGE_CUT	40	1000000000	0	LEFT_LINEAR	query-SUBJECT_SUBJECT_JOIN-7-3-0.001-0.009.sparql	SUBJECT_SUBJECT_JOIN	7	3	0.001	83289
MIN_EDGE_CUT	40	1000000000	0	LEFT_LINEAR	query-SUBJECT_OBJECT_JOIN-7-3-0.01-0.09.sparql	SUBJECT_OBJECT_JOIN	7	3	0.01	5873227
MIN_EDGE_CUT	40	1000000000	0	LEFT_LINEAR	query-SUBJECT_SUBJECT_JOIN-7-1-0.001-0.009.sparql	SUBJECT_SUBJECT_JOIN	7	1	0.001	74269
MIN_EDGE_CUT	40	1000000000	0	LEFT_LINEAR	query-SUBJECT_SUBJECT_JOIN-7-1-0.01-0.09.sparql	SUBJECT_SUBJECT_JOIN	7	1	0.01	76852
MIN_EDGE_CUT	40	1000000000	0	LEFT_LINEAR	query-SUBJECT_OBJECT_JOIN-7-1-0.001-0.009.sparql	SUBJECT_OBJECT_JOIN	7	1	0.001	180501
MIN_EDGE_CUT	40	1000000000	0	RIGHT_LINEAR	query-SUBJECT_OBJECT_JOIN-1-1-0.01-0.09.sparql	SUBJECT_OBJECT_JOIN	1	1	0.01	19565
MIN_EDGE_CUT	40	1000000000	0	RIGHT_LINEAR	query-SUBJECT_SUBJECT_JOIN-1-1-0.001-0.009.sparql	SUBJECT_SUBJECT_JOIN	1	1	0.001	58417
MIN_EDGE_CUT	40	1000000000	0	RIGHT_LINEAR	query-SUBJECT_OBJECT_JOIN-7-1-0.01-0.09.sparql	SUBJECT_OBJECT_JOIN	7	1	0.01	118170
MIN_EDGE_CUT	40	1000000000	0	RIGHT_LINEAR	query-SUBJECT_SUBJECT_JOIN-1-1-0.01-0.09.sparql	SUBJECT_SUBJECT_JOIN	1	1	0.01	10628
MIN_EDGE_CUT	40	1000000000	0	RIGHT_LINEAR	query-SUBJECT_SUBJECT_JOIN-7-3-0.01-0.09.sparql	SUBJECT_SUBJECT_JOIN	7	3	0.01	40385
MIN_EDGE_CUT	40	1000000000	0	RIGHT_LINEAR	query-SUBJECT_OBJECT_JOIN-1-1-0.001-0.009.sparql	SUBJECT_OBJECT_JOIN	1	1	0.001	21229
MIN_EDGE_CUT	40	1000000000	0	RIGHT_LINEAR	query-SUBJECT_OBJECT_JOIN-7-3-0.001-0.009.sparql	SUBJECT_OBJECT_JOIN	7	3	0.001	94942
MIN_EDGE_CUT	40	1000000000	0	RIGHT_LINEAR	query-SUBJECT_SUBJECT_JOIN-7-3-0.001-0.009.sparql	SUBJECT_SUBJECT_JOIN	7	3	0.001	65127
MIN_EDGE_CUT	40	1000000000	0	RIGHT_LINEAR	query-SUBJECT_OBJECT_JOIN-7-3-0.01-0.09.sparql	SUBJECT_OBJECT_JOIN	7	3	0.01	2860292
MIN_EDGE_CUT	40	1000000000	0	RIGHT_LINEAR	query-SUBJECT_SUBJECT_JOIN-7-1-0.001-0.009.sparql	SUBJECT_SUBJECT_JOIN	7	1	0.001	71129
MIN_EDGE_CUT	40	1000000000	0	RIGHT_LINEAR	query-SUBJECT_SUBJECT_JOIN-7-1-0.01-0.09.sparql	SUBJECT_SUBJECT_JOIN	7	1	0.01	71445
MIN_EDGE_CUT	40	1000000000	0	RIGHT_LINEAR	query-SUBJECT_OBJECT_JOIN-7-1-0.001-0.009.sparql	SUBJECT_OBJECT_JOIN	7	1	0.001	321456
MIN_EDGE_CUT	40	1000000000	0	BUSHY	query-SUBJECT_OBJECT_JOIN-1-1-0.01-0.09.sparql	SUBJECT_OBJECT_JOIN	1	1	0.01	17915
MIN_EDGE_CUT	40	1000000000	0	BUSHY	query-SUBJECT_SUBJECT_JOIN-1-1-0.001-0.009.sparql	SUBJECT_SUBJECT_JOIN	1	1	0.001	65247
MIN_EDGE_CUT	40	1000000000	0	BUSHY	query-SUBJECT_OBJECT_JOIN-7-1-0.01-0.09.sparql	SUBJECT_OBJECT_JOIN	7	1	0.01	117555
MIN_EDGE_CUT	40	1000000000	0	BUSHY	query-SUBJECT_SUBJECT_JOIN-1-1-0.01-0.09.sparql	SUBJECT_SUBJECT_JOIN	1	1	0.01	12936
MIN_EDGE_CUT	40	1000000000	0	BUSHY	query-SUBJECT_SUBJECT_JOIN-7-3-0.01-0.09.sparql	SUBJECT_SUBJECT_JOIN	7	3	0.01	15447
MIN_EDGE_CUT	40	1000000000	0	BUSHY	query-SUBJECT_OBJECT_JOIN-1-1-0.001-0.009.sparql	SUBJECT_OBJECT_JOIN	1	1	0.001	18492
MIN_EDGE_CUT	40	1000000000	0	BUSHY	query-SUBJECT_OBJECT_JOIN-7-3-0.001-0.009.sparql	SUBJECT_OBJECT_JOIN	7	3	0.001	110014
MIN_EDGE_CUT	40	1000000000	0	BUSHY	query-SUBJECT_SUBJECT_JOIN-7-3-0.001-0.009.sparql	SUBJECT_SUBJECT_JOIN	7	3	0.001	52138
MIN_EDGE_CUT	40	1000000000	0	BUSHY	query-SUBJECT_OBJECT_JOIN-7-3-0.01-0.09.sparql	SUBJECT_OBJECT_JOIN	7	3	0.01	2737662
MIN_EDGE_CUT	40	1000000000	0	BUSHY	query-SUBJECT_SUBJECT_JOIN-7-1-0.001-0.009.sparql	SUBJECT_SUBJECT_JOIN	7	1	0.001	65377
MIN_EDGE_CUT	40	1000000000	0	BUSHY	query-SUBJECT_SUBJECT_JOIN-7-1-0.01-0.09.sparql	SUBJECT_SUBJECT_JOIN	7	1	0.01	55655
MIN_EDGE_CUT	40	1000000000	0	BUSHY	query-SUBJECT_OBJECT_JOIN-7-1-0.001-0.009.sparql	SUBJECT_OBJECT_JOIN	7	1	0.001	229471
MIN_EDGE_CUT	20	500000000	0	LEFT_LINEAR	query-SUBJECT_OBJECT_JOIN-1-1-0.01-0.09.sparql	SUBJECT_OBJECT_JOIN	1	1	0.01	19165
MIN_EDGE_CUT	20	500000000	0	LEFT_LINEAR	query-SUBJECT_SUBJECT_JOIN-1-1-0.001-0.009.sparql	SUBJECT_SUBJECT_JOIN	1	1	0.001	31413
MIN_EDGE_CUT	20	500000000	0	LEFT_LINEAR	query-SUBJECT_OBJECT_JOIN-7-1-0.01-0.09.sparql	SUBJECT_OBJECT_JOIN	7	1	0.01	54205
MIN_EDGE_CUT	20	500000000	0	LEFT_LINEAR	query-SUBJECT_SUBJECT_JOIN-1-1-0.01-0.09.sparql	SUBJECT_SUBJECT_JOIN	1	1	0.01	4688
MIN_EDGE_CUT	20	500000000	0	LEFT_LINEAR	query-SUBJECT_SUBJECT_JOIN-7-3-0.01-0.09.sparql	SUBJECT_SUBJECT_JOIN	7	3	0.01	9828
MIN_EDGE_CUT	20	500000000	0	LEFT_LINEAR	query-SUBJECT_OBJECT_JOIN-1-1-0.001-0.009.sparql	SUBJECT_OBJECT_JOIN	1	1	0.001	6010
MIN_EDGE_CUT	20	500000000	0	LEFT_LINEAR	query-SUBJECT_OBJECT_JOIN-7-3-0.001-0.009.sparql	SUBJECT_OBJECT_JOIN	7	3	0.001	2014834
MIN_EDGE_CUT	20	500000000	0	LEFT_LINEAR	query-SUBJECT_SUBJECT_JOIN-7-3-0.001-0.009.sparql	SUBJECT_SUBJECT_JOIN	7	3	0.001	105019
MIN_EDGE_CUT	20	500000000	0	LEFT_LINEAR	query-SUBJECT_OBJECT_JOIN-7-3-0.01-0.09.sparql	SUBJECT_OBJECT_JOIN	7	3	0.01	4011425
MIN_EDGE_CUT	20	500000000	0	LEFT_LINEAR	query-SUBJECT_SUBJECT_JOIN-7-1-0.001-0.009.sparql	SUBJECT_SUBJECT_JOIN	7	1	0.001	29470
MIN_EDGE_CUT	20	500000000	0	LEFT_LINEAR	query-SUBJECT_SUBJECT_JOIN-7-1-0.01-0.09.sparql	SUBJECT_SUBJECT_JOIN	7	1	0.01	26140
MIN_EDGE_CUT	20	500000000	0	LEFT_LINEAR	query-SUBJECT_OBJECT_JOIN-7-1-0.001-0.009.sparql	SUBJECT_OBJECT_JOIN	7	1	0.001	59500
MIN_EDGE_CUT	20	500000000	0	RIGHT_LINEAR	query-SUBJECT_OBJECT_JOIN-1-1-0.01-0.09.sparql	SUBJECT_OBJECT_JOIN	1	1	0.01	17270
MIN_EDGE_CUT	20	500000000	0	RIGHT_LINEAR	query-SUBJECT_SUBJECT_JOIN-1-1-0.001-0.009.sparql	SUBJECT_SUBJECT_JOIN	1	1	0.001	28764
MIN_EDGE_CUT	20	500000000	0	RIGHT_LINEAR	query-SUBJECT_OBJECT_JOIN-7-1-0.01-0.09.sparql	SUBJECT_OBJECT_JOIN	7	1	0.01	56082
MIN_EDGE_CUT	20	500000000	0	RIGHT_LINEAR	query-SUBJECT_SUBJECT_JOIN-1-1-0.01-0.09.sparql	SUBJECT_SUBJECT_JOIN	1	1	0.01	4650
MIN_EDGE_CUT	20	500000000	0	RIGHT_LINEAR	query-SUBJECT_SUBJECT_JOIN-7-3-0.01-0.09.sparql	SUBJECT_SUBJECT_JOIN	7	3	0.01	6913
MIN_EDGE_CUT	20	500000000	0	RIGHT_LINEAR	query-SUBJECT_OBJECT_JOIN-1-1-0.001-0.009.sparql	SUBJECT_OBJECT_JOIN	1	1	0.001	5508
MIN_EDGE_CUT	20	500000000	0	RIGHT_LINEAR	query-SUBJECT_OBJECT_JOIN-7-3-0.001-0.009.sparql	SUBJECT_OBJECT_JOIN	7	3	0.001	64780
MIN_EDGE_CUT	20	500000000	0	RIGHT_LINEAR	query-SUBJECT_SUBJECT_JOIN-7-3-0.001-0.009.sparql	SUBJECT_SUBJECT_JOIN	7	3	0.001	37692
MIN_EDGE_CUT	20	500000000	0	RIGHT_LINEAR	query-SUBJECT_OBJECT_JOIN-7-3-0.01-0.09.sparql	SUBJECT_OBJECT_JOIN	7	3	0.01	2447418
MIN_EDGE_CUT	20	500000000	0	RIGHT_LINEAR	query-SUBJECT_SUBJECT_JOIN-7-1-0.001-0.009.sparql	SUBJECT_SUBJECT_JOIN	7	1	0.001	52283
MIN_EDGE_CUT	20	500000000	0	RIGHT_LINEAR	query-SUBJECT_SUBJECT_JOIN-7-1-0.01-0.09.sparql	SUBJECT_SUBJECT_JOIN	7	1	0.01	47117
MIN_EDGE_CUT	20	500000000	0	RIGHT_LINEAR	query-SUBJECT_OBJECT_JOIN-7-1-0.001-0.009.sparql	SUBJECT_OBJECT_JOIN	7	1	0.001	154404
MIN_EDGE_CUT	20	500000000	0	BUSHY	query-SUBJECT_OBJECT_JOIN-1-1-0.01-0.09.sparql	SUBJECT_OBJECT_JOIN	1	1	0.01	15667
MIN_EDGE_CUT	20	500000000	0	BUSHY	query-SUBJECT_SUBJECT_JOIN-1-1-0.001-0.009.sparql	SUBJECT_SUBJECT_JOIN	1	1	0.001	29476
MIN_EDGE_CUT	20	500000000	0	BUSHY	query-SUBJECT_OBJECT_JOIN-7-1-0.01-0.09.sparql	SUBJECT_OBJECT_JOIN	7	1	0.01	52484
MIN_EDGE_CUT	20	500000000	0	BUSHY	query-SUBJECT_SUBJECT_JOIN-1-1-0.01-0.09.sparql	SUBJECT_SUBJECT_JOIN	1	1	0.01	4654
MIN_EDGE_CUT	20	500000000	0	BUSHY	query-SUBJECT_SUBJECT_JOIN-7-3-0.01-0.09.sparql	SUBJECT_SUBJECT_JOIN	7	3	0.01	7413
MIN_EDGE_CUT	20	500000000	0	BUSHY	query-SUBJECT_OBJECT_JOIN-1-1-0.001-0.009.sparql	SUBJECT_OBJECT_JOIN	1	1	0.001	5812
MIN_EDGE_CUT	20	500000000	0	BUSHY	query-SUBJECT_OBJECT_JOIN-7-3-0.001-0.009.sparql	SUBJECT_OBJECT_JOIN	7	3	0.001	46978
MIN_EDGE_CUT	20	500000000	0	BUSHY	query-SUBJECT_SUBJECT_JOIN-7-3-0.001-0.009.sparql	SUBJECT_SUBJECT_JOIN	7	3	0.001	33020
MIN_EDGE_CUT	20	500000000	0	BUSHY	query-SUBJECT_OBJECT_JOIN-7-3-0.01-0.09.sparql	SUBJECT_OBJECT_JOIN	7	3	0.01	1404651
MIN_EDGE_CUT	20	500000000	0	BUSHY	query-SUBJECT_SUBJECT_JOIN-7-1-0.001-0.009.sparql	SUBJECT_SUBJECT_JOIN	7	1	0.001	31072
MIN_EDGE_CUT	20	500000000	0	BUSHY	query-SUBJECT_SUBJECT_JOIN-7-1-0.01-0.09.sparql	SUBJECT_SUBJECT_JOIN	7	1	0.01	32470
MIN_EDGE_CUT	20	500000000	0	BUSHY	query-SUBJECT_OBJECT_JOIN-7-1-0.001-0.009.sparql	SUBJECT_OBJECT_JOIN	7	1	0.001	102981
MIN_EDGE_CUT	20	2000000000	0	LEFT_LINEAR	query-SUBJECT_OBJECT_JOIN-7-3-0.001-0.009.sparql	SUBJECT_OBJECT_JOIN	7	3	0.001	816888
MIN_EDGE_CUT	20	2000000000	0	LEFT_LINEAR	query-SUBJECT_OBJECT_JOIN-1-1-0.01-0.09.sparql	SUBJECT_OBJECT_JOIN	1	1	0.01	59981
MIN_EDGE_CUT	20	2000000000	0	LEFT_LINEAR	query-SUBJECT_SUBJECT_JOIN-1-1-0.001-0.009.sparql	SUBJECT_SUBJECT_JOIN	1	1	0.001	42799
MIN_EDGE_CUT	20	2000000000	0	LEFT_LINEAR	query-SUBJECT_OBJECT_JOIN-7-1-0.01-0.09.sparql	SUBJECT_OBJECT_JOIN	7	1	0.01	116722
MIN_EDGE_CUT	20	2000000000	0	LEFT_LINEAR	query-SUBJECT_SUBJECT_JOIN-1-1-0.01-0.09.sparql	SUBJECT_SUBJECT_JOIN	1	1	0.01	5878
MIN_EDGE_CUT	20	2000000000	0	LEFT_LINEAR	query-SUBJECT_SUBJECT_JOIN-7-3-0.01-0.09.sparql	SUBJECT_SUBJECT_JOIN	7	3	0.01	21805
MIN_EDGE_CUT	20	2000000000	0	LEFT_LINEAR	query-SUBJECT_OBJECT_JOIN-1-1-0.001-0.009.sparql	SUBJECT_OBJECT_JOIN	1	1	0.001	6723
MIN_EDGE_CUT	20	2000000000	0	LEFT_LINEAR	query-SUBJECT_SUBJECT_JOIN-7-3-0.001-0.009.sparql	SUBJECT_SUBJECT_JOIN	7	3	0.001	105100
MIN_EDGE_CUT	20	2000000000	0	LEFT_LINEAR	query-SUBJECT_OBJECT_JOIN-7-3-0.01-0.09.sparql	SUBJECT_OBJECT_JOIN	7	3	0.01	1129964
MIN_EDGE_CUT	20	2000000000	0	LEFT_LINEAR	query-SUBJECT_SUBJECT_JOIN-7-1-0.001-0.009.sparql	SUBJECT_SUBJECT_JOIN	7	1	0.001	37828
MIN_EDGE_CUT	20	2000000000	0	LEFT_LINEAR	query-SUBJECT_SUBJECT_JOIN-7-1-0.01-0.09.sparql	SUBJECT_SUBJECT_JOIN	7	1	0.01	28423
MIN_EDGE_CUT	20	2000000000	0	LEFT_LINEAR	query-SUBJECT_OBJECT_JOIN-7-1-0.001-0.009.sparql	SUBJECT_OBJECT_JOIN	7	1	0.001	2267632
MIN_EDGE_CUT	20	2000000000	0	RIGHT_LINEAR	query-SUBJECT_OBJECT_JOIN-1-1-0.01-0.09.sparql	SUBJECT_OBJECT_JOIN	1	1	0.01	83302
MIN_EDGE_CUT	20	2000000000	0	RIGHT_LINEAR	query-SUBJECT_SUBJECT_JOIN-1-1-0.001-0.009.sparql	SUBJECT_SUBJECT_JOIN	1	1	0.001	42332
MIN_EDGE_CUT	20	2000000000	0	RIGHT_LINEAR	query-SUBJECT_OBJECT_JOIN-7-1-0.01-0.09.sparql	SUBJECT_OBJECT_JOIN	7	1	0.01	224818
MIN_EDGE_CUT	20	2000000000	0	RIGHT_LINEAR	query-SUBJECT_SUBJECT_JOIN-1-1-0.01-0.09.sparql	SUBJECT_SUBJECT_JOIN	1	1	0.01	5697
MIN_EDGE_CUT	20	2000000000	0	RIGHT_LINEAR	query-SUBJECT_SUBJECT_JOIN-7-3-0.01-0.09.sparql	SUBJECT_SUBJECT_JOIN	7	3	0.01	18933
MIN_EDGE_CUT	20	2000000000	0	RIGHT_LINEAR	query-SUBJECT_OBJECT_JOIN-1-1-0.001-0.009.sparql	SUBJECT_OBJECT_JOIN	1	1	0.001	5420
MIN_EDGE_CUT	20	2000000000	0	RIGHT_LINEAR	query-SUBJECT_OBJECT_JOIN-7-3-0.001-0.009.sparql	SUBJECT_OBJECT_JOIN	7	3	0.001	107168
MIN_EDGE_CUT	20	2000000000	0	RIGHT_LINEAR	query-SUBJECT_SUBJECT_JOIN-7-3-0.001-0.009.sparql	SUBJECT_SUBJECT_JOIN	7	3	0.001	35371
MIN_EDGE_CUT	20	2000000000	0	RIGHT_LINEAR	query-SUBJECT_OBJECT_JOIN-7-3-0.01-0.09.sparql	SUBJECT_OBJECT_JOIN	7	3	0.01	2489031
MIN_EDGE_CUT	20	2000000000	0	RIGHT_LINEAR	query-SUBJECT_SUBJECT_JOIN-7-1-0.001-0.009.sparql	SUBJECT_SUBJECT_JOIN	7	1	0.001	51978
MIN_EDGE_CUT	20	2000000000	0	RIGHT_LINEAR	query-SUBJECT_SUBJECT_JOIN-7-1-0.01-0.09.sparql	SUBJECT_SUBJECT_JOIN	7	1	0.01	43907
MIN_EDGE_CUT	20	2000000000	0	RIGHT_LINEAR	query-SUBJECT_OBJECT_JOIN-7-1-0.001-0.009.sparql	SUBJECT_OBJECT_JOIN	7	1	0.001	2801828
MIN_EDGE_CUT	20	2000000000	0	BUSHY	query-SUBJECT_OBJECT_JOIN-1-1-0.01-0.09.sparql	SUBJECT_OBJECT_JOIN	1	1	0.01	80832
MIN_EDGE_CUT	20	2000000000	0	BUSHY	query-SUBJECT_SUBJECT_JOIN-1-1-0.001-0.009.sparql	SUBJECT_SUBJECT_JOIN	1	1	0.001	42807
MIN_EDGE_CUT	20	2000000000	0	BUSHY	query-SUBJECT_OBJECT_JOIN-7-1-0.01-0.09.sparql	SUBJECT_OBJECT_JOIN	7	1	0.01	74502
MIN_EDGE_CUT	20	2000000000	0	BUSHY	query-SUBJECT_SUBJECT_JOIN-1-1-0.01-0.09.sparql	SUBJECT_SUBJECT_JOIN	1	1	0.01	5485
MIN_EDGE_CUT	20	2000000000	0	BUSHY	query-SUBJECT_SUBJECT_JOIN-7-3-0.01-0.09.sparql	SUBJECT_SUBJECT_JOIN	7	3	0.01	22729
MIN_EDGE_CUT	20	2000000000	0	BUSHY	query-SUBJECT_OBJECT_JOIN-1-1-0.001-0.009.sparql	SUBJECT_OBJECT_JOIN	1	1	0.001	6108
MIN_EDGE_CUT	20	2000000000	0	BUSHY	query-SUBJECT_OBJECT_JOIN-7-3-0.001-0.009.sparql	SUBJECT_OBJECT_JOIN	7	3	0.001	55817
MIN_EDGE_CUT	20	2000000000	0	BUSHY	query-SUBJECT_SUBJECT_JOIN-7-3-0.001-0.009.sparql	SUBJECT_SUBJECT_JOIN	7	3	0.001	36394
MIN_EDGE_CUT	20	2000000000	0	BUSHY	query-SUBJECT_OBJECT_JOIN-7-3-0.01-0.09.sparql	SUBJECT_OBJECT_JOIN	7	3	0.01	1938449
MIN_EDGE_CUT	20	2000000000	0	BUSHY	query-SUBJECT_SUBJECT_JOIN-7-1-0.001-0.009.sparql	SUBJECT_SUBJECT_JOIN	7	1	0.001	35411
MIN_EDGE_CUT	20	2000000000	0	BUSHY	query-SUBJECT_SUBJECT_JOIN-7-1-0.01-0.09.sparql	SUBJECT_SUBJECT_JOIN	7	1	0.01	29455
MIN_EDGE_CUT	20	2000000000	0	BUSHY	query-SUBJECT_OBJECT_JOIN-7-1-0.001-0.009.sparql	SUBJECT_OBJECT_JOIN	7	1	0.001	2307295
VERTICAL	10	1000000000	0	LEFT_LINEAR	query-SUBJECT_OBJECT_JOIN-7-1-0.01-0.09.sparql	SUBJECT_OBJECT_JOIN	7	1	0.01	30004
VERTICAL	10	1000000000	0	LEFT_LINEAR	query-SUBJECT_OBJECT_JOIN-7-3-0.01-0.09.sparql	SUBJECT_OBJECT_JOIN	7	3	0.01	30147
VERTICAL	10	1000000000	0	LEFT_LINEAR	query-SUBJECT_OBJECT_JOIN-1-1-0.01-0.09.sparql	SUBJECT_OBJECT_JOIN	1	1	0.01	3436224
VERTICAL	10	1000000000	0	LEFT_LINEAR	query-SUBJECT_SUBJECT_JOIN-1-1-0.001-0.009.sparql	SUBJECT_SUBJECT_JOIN	1	1	0.001	129367
VERTICAL	10	1000000000	0	LEFT_LINEAR	query-SUBJECT_SUBJECT_JOIN-1-1-0.01-0.09.sparql	SUBJECT_SUBJECT_JOIN	1	1	0.01	44964
VERTICAL	10	1000000000	0	LEFT_LINEAR	query-SUBJECT_SUBJECT_JOIN-7-3-0.01-0.09.sparql	SUBJECT_SUBJECT_JOIN	7	3	0.01	3712820
VERTICAL	10	1000000000	0	LEFT_LINEAR	query-SUBJECT_OBJECT_JOIN-1-1-0.001-0.009.sparql	SUBJECT_OBJECT_JOIN	1	1	0.001	86407
VERTICAL	10	1000000000	0	LEFT_LINEAR	query-SUBJECT_OBJECT_JOIN-7-3-0.001-0.009.sparql	SUBJECT_OBJECT_JOIN	7	3	0.001	2650987
VERTICAL	10	1000000000	0	LEFT_LINEAR	query-SUBJECT_SUBJECT_JOIN-7-3-0.001-0.009.sparql	SUBJECT_SUBJECT_JOIN	7	3	0.001	1131528
VERTICAL	10	1000000000	0	LEFT_LINEAR	query-SUBJECT_SUBJECT_JOIN-7-1-0.001-0.009.sparql	SUBJECT_SUBJECT_JOIN	7	1	0.001	366893
VERTICAL	10	1000000000	0	LEFT_LINEAR	query-SUBJECT_SUBJECT_JOIN-7-1-0.01-0.09.sparql	SUBJECT_SUBJECT_JOIN	7	1	0.01	1077084
VERTICAL	10	1000000000	0	LEFT_LINEAR	query-SUBJECT_OBJECT_JOIN-7-1-0.001-0.009.sparql	SUBJECT_OBJECT_JOIN	7	1	0.001	1219048
VERTICAL	10	1000000000	0	RIGHT_LINEAR	query-SUBJECT_OBJECT_JOIN-1-1-0.01-0.09.sparql	SUBJECT_OBJECT_JOIN	1	1	0.01	3442435
VERTICAL	10	1000000000	0	RIGHT_LINEAR	query-SUBJECT_SUBJECT_JOIN-1-1-0.001-0.009.sparql	SUBJECT_SUBJECT_JOIN	1	1	0.001	81972
VERTICAL	10	1000000000	0	RIGHT_LINEAR	query-SUBJECT_OBJECT_JOIN-7-1-0.01-0.09.sparql	SUBJECT_OBJECT_JOIN	7	1	0.01	3531532
VERTICAL	10	1000000000	0	RIGHT_LINEAR	query-SUBJECT_SUBJECT_JOIN-1-1-0.01-0.09.sparql	SUBJECT_SUBJECT_JOIN	1	1	0.01	43836
VERTICAL	10	1000000000	0	RIGHT_LINEAR	query-SUBJECT_SUBJECT_JOIN-7-3-0.01-0.09.sparql	SUBJECT_SUBJECT_JOIN	7	3	0.01	3693524
VERTICAL	10	1000000000	0	RIGHT_LINEAR	query-SUBJECT_OBJECT_JOIN-1-1-0.001-0.009.sparql	SUBJECT_OBJECT_JOIN	1	1	0.001	72550
VERTICAL	10	1000000000	0	RIGHT_LINEAR	query-SUBJECT_OBJECT_JOIN-7-3-0.001-0.009.sparql	SUBJECT_OBJECT_JOIN	7	3	0.001	1791192
VERTICAL	10	1000000000	0	RIGHT_LINEAR	query-SUBJECT_SUBJECT_JOIN-7-3-0.001-0.009.sparql	SUBJECT_SUBJECT_JOIN	7	3	0.001	1318899
VERTICAL	10	1000000000	0	RIGHT_LINEAR	query-SUBJECT_OBJECT_JOIN-7-3-0.01-0.09.sparql	SUBJECT_OBJECT_JOIN	7	3	0.01	3045590
VERTICAL	10	1000000000	0	RIGHT_LINEAR	query-SUBJECT_SUBJECT_JOIN-7-1-0.001-0.009.sparql	SUBJECT_SUBJECT_JOIN	7	1	0.001	204777
VERTICAL	10	1000000000	0	RIGHT_LINEAR	query-SUBJECT_SUBJECT_JOIN-7-1-0.01-0.09.sparql	SUBJECT_SUBJECT_JOIN	7	1	0.01	1066774
VERTICAL	10	1000000000	0	RIGHT_LINEAR	query-SUBJECT_OBJECT_JOIN-7-1-0.001-0.009.sparql	SUBJECT_OBJECT_JOIN	7	1	0.001	1362178
VERTICAL	10	1000000000	0	BUSHY	query-SUBJECT_OBJECT_JOIN-7-3-0.01-0.09.sparql	SUBJECT_OBJECT_JOIN	7	3	0.01	30428
VERTICAL	10	1000000000	0	BUSHY	query-SUBJECT_OBJECT_JOIN-1-1-0.01-0.09.sparql	SUBJECT_OBJECT_JOIN	1	1	0.01	3512517
VERTICAL	10	1000000000	0	BUSHY	query-SUBJECT_SUBJECT_JOIN-1-1-0.001-0.009.sparql	SUBJECT_SUBJECT_JOIN	1	1	0.001	61807
VERTICAL	10	1000000000	0	BUSHY	query-SUBJECT_OBJECT_JOIN-7-1-0.01-0.09.sparql	SUBJECT_OBJECT_JOIN	7	1	0.01	3488611
VERTICAL	10	1000000000	0	BUSHY	query-SUBJECT_SUBJECT_JOIN-1-1-0.01-0.09.sparql	SUBJECT_SUBJECT_JOIN	1	1	0.01	50745
VERTICAL	10	1000000000	0	BUSHY	query-SUBJECT_SUBJECT_JOIN-7-3-0.01-0.09.sparql	SUBJECT_SUBJECT_JOIN	7	3	0.01	3943250
VERTICAL	10	1000000000	0	BUSHY	query-SUBJECT_OBJECT_JOIN-1-1-0.001-0.009.sparql	SUBJECT_OBJECT_JOIN	1	1	0.001	50094
VERTICAL	10	1000000000	0	BUSHY	query-SUBJECT_OBJECT_JOIN-7-3-0.001-0.009.sparql	SUBJECT_OBJECT_JOIN	7	3	0.001	2552292
VERTICAL	10	1000000000	0	BUSHY	query-SUBJECT_SUBJECT_JOIN-7-3-0.001-0.009.sparql	SUBJECT_SUBJECT_JOIN	7	3	0.001	1135215
VERTICAL	10	1000000000	0	BUSHY	query-SUBJECT_SUBJECT_JOIN-7-1-0.001-0.009.sparql	SUBJECT_SUBJECT_JOIN	7	1	0.001	233459
VERTICAL	10	1000000000	0	BUSHY	query-SUBJECT_SUBJECT_JOIN-7-1-0.01-0.09.sparql	SUBJECT_SUBJECT_JOIN	7	1	0.01	1245618
VERTICAL	10	1000000000	0	BUSHY	query-SUBJECT_OBJECT_JOIN-7-1-0.001-0.009.sparql	SUBJECT_OBJECT_JOIN	7	1	0.001	1158151
HASH	1	1000000000	0	BUSHY	query-SUBJECT_OBJECT_JOIN-1-1-0.01-0.09.sparql	SUBJECT_OBJECT_JOIN	1	1	0.01	238604
HASH	1	1000000000	0	BUSHY	query-SUBJECT_SUBJECT_JOIN-1-1-0.001-0.009.sparql	SUBJECT_SUBJECT_JOIN	1	1	0.001	77502
HASH	1	1000000000	0	BUSHY	query-SUBJECT_OBJECT_JOIN-7-1-0.01-0.09.sparql	SUBJECT_OBJECT_JOIN	7	1	0.01	279483
HASH	1	1000000000	0	BUSHY	query-SUBJECT_SUBJECT_JOIN-1-1-0.01-0.09.sparql	SUBJECT_SUBJECT_JOIN	1	1	0.01	3780
HASH	1	1000000000	0	BUSHY	query-SUBJECT_SUBJECT_JOIN-7-3-0.01-0.09.sparql	SUBJECT_SUBJECT_JOIN	7	3	0.01	316814
HASH	1	1000000000	0	BUSHY	query-SUBJECT_OBJECT_JOIN-1-1-0.001-0.009.sparql	SUBJECT_OBJECT_JOIN	1	1	0.001	8315
HASH	1	1000000000	0	BUSHY	query-SUBJECT_OBJECT_JOIN-7-3-0.001-0.009.sparql	SUBJECT_OBJECT_JOIN	7	3	0.001	57674
HASH	1	1000000000	0	BUSHY	query-SUBJECT_SUBJECT_JOIN-7-3-0.001-0.009.sparql	SUBJECT_SUBJECT_JOIN	7	3	0.001	132286
HASH	1	1000000000	0	BUSHY	query-SUBJECT_OBJECT_JOIN-7-3-0.01-0.09.sparql	SUBJECT_OBJECT_JOIN	7	3	0.01	252026
HASH	1	1000000000	0	BUSHY	query-SUBJECT_SUBJECT_JOIN-7-1-0.001-0.009.sparql	SUBJECT_SUBJECT_JOIN	7	1	0.001	51220
HASH	1	1000000000	0	BUSHY	query-SUBJECT_SUBJECT_JOIN-7-1-0.01-0.09.sparql	SUBJECT_SUBJECT_JOIN	7	1	0.01	61918
HASH	1	1000000000	0	BUSHY	query-SUBJECT_OBJECT_JOIN-7-1-0.001-0.009.sparql	SUBJECT_OBJECT_JOIN	7	1	0.001	74436
HASH	10	1000000000	2	BUSHY	query-SUBJECT_OBJECT_JOIN-1-1-0.01-0.09.sparql	SUBJECT_OBJECT_JOIN	1	1	0.01	355413
HASH	10	1000000000	2	BUSHY	query-SUBJECT_SUBJECT_JOIN-1-1-0.001-0.009.sparql	SUBJECT_SUBJECT_JOIN	1	1	0.001	40420
HASH	10	1000000000	2	BUSHY	query-SUBJECT_OBJECT_JOIN-7-1-0.01-0.09.sparql	SUBJECT_OBJECT_JOIN	7	1	0.01	293585
HASH	10	1000000000	2	BUSHY	query-SUBJECT_SUBJECT_JOIN-1-1-0.01-0.09.sparql	SUBJECT_SUBJECT_JOIN	1	1	0.01	14894
HASH	10	1000000000	2	BUSHY	query-SUBJECT_SUBJECT_JOIN-7-3-0.01-0.09.sparql	SUBJECT_SUBJECT_JOIN	7	3	0.01	670163
HASH	10	1000000000	2	BUSHY	query-SUBJECT_OBJECT_JOIN-1-1-0.001-0.009.sparql	SUBJECT_OBJECT_JOIN	1	1	0.001	1911
HASH	10	1000000000	2	BUSHY	query-SUBJECT_OBJECT_JOIN-7-3-0.001-0.009.sparql	SUBJECT_OBJECT_JOIN	7	3	0.001	26902
HASH	10	1000000000	2	BUSHY	query-SUBJECT_SUBJECT_JOIN-7-3-0.001-0.009.sparql	SUBJECT_SUBJECT_JOIN	7	3	0.001	42099
HASH	10	1000000000	2	BUSHY	query-SUBJECT_OBJECT_JOIN-7-3-0.01-0.09.sparql	SUBJECT_OBJECT_JOIN	7	3	0.01	101845
HASH	10	1000000000	2	BUSHY	query-SUBJECT_SUBJECT_JOIN-7-1-0.001-0.009.sparql	SUBJECT_SUBJECT_JOIN	7	1	0.001	50845
HASH	10	1000000000	2	BUSHY	query-SUBJECT_SUBJECT_JOIN-7-1-0.01-0.09.sparql	SUBJECT_SUBJECT_JOIN	7	1	0.01	38335
HASH	10	1000000000	2	BUSHY	query-SUBJECT_OBJECT_JOIN-7-1-0.001-0.009.sparql	SUBJECT_OBJECT_JOIN	7	1	0.001	151761